[2025-01-22 19:53:24] Операция: Внесение данных в таблицу kassa
clientId: 147, nal: -1000, kassa: 0, ekv: 0, transfer: 0, payment_account: 0, comment: , office: P1, manager_name: Нейфельд Евгений P1
[2025-01-22 19:53:24] Операция: Обновление баланса клиента в таблице users
clientId: 147, dolg: 0
[2025-01-23 09:08:46] Операция: Внесение данных в таблицу kassa
clientId: 46, nal: -1200, kassa: 0, ekv: 0, transfer: 0, payment_account: 0, comment: Кибиткин Денис, office: P1, manager_name: Максимкина Татьяна 👩‍💼 P1
[2025-01-23 09:08:46] Операция: Обновление баланса клиента в таблице users
clientId: 46, dolg: -332050
[2025-01-23 10:05:26] Операция: Внесение данных в таблицу kassa
clientId: 68, nal: -130000, kassa: 0, ekv: 0, transfer: 0, payment_account: 0, comment: К12-Р5, office: K12, manager_name: Гришина Надежда 👩‍💼 K12
[2025-01-23 10:05:26] Операция: Обновление баланса клиента в таблице users
clientId: 68, dolg: -310000
[2025-01-23 11:49:27] Операция: Внесение данных в таблицу kassa
clientId: 46, nal: -4000, kassa: 0, ekv: 0, transfer: 0, payment_account: 0, comment: Емелин Антон, office: P1, manager_name: Максимкина Татьяна 👩‍💼 P1
[2025-01-23 11:49:27] Операция: Обновление баланса клиента в таблице users
clientId: 46, dolg: -336050
[2025-01-23 13:11:42] Операция: Внесение данных в таблицу kassa
clientId: 591, nal: -8150, kassa: 0, ekv: 0, transfer: 0, payment_account: 0, comment: Резепов Рамиль 12/2024, office: P1, manager_name: Максимкина Татьяна 👩‍💼 P1
[2025-01-23 13:11:42] Операция: Обновление баланса клиента в таблице users
clientId: 591, dolg: -35593
[2025-01-23 13:43:50] Операция: Внесение данных в таблицу kassa
clientId: 1008, nal: -200, kassa: 0, ekv: 0, transfer: 0, payment_account: 0, comment: возврат CN1047, office: Z6, manager_name: Соловков Александр 👨‍💼 Z6
[2025-01-23 13:43:50] Операция: Обновление баланса клиента в таблице users
clientId: 1008, dolg: 0
[2025-01-23 15:18:06] Операция: Внесение данных в таблицу kassa
clientId: 1010, nal: 0, kassa: 0, ekv: -835, transfer: 0, payment_account: 0, comment: Возврат / 00УТ-000242, office: S8, manager_name: Гирчева Ольга 👩‍💼 S8
[2025-01-23 15:18:06] Операция: Обновление баланса клиента в таблице users
clientId: 1010, dolg: -835
[2025-01-24 09:14:35] Операция: Внесение данных в таблицу kassa
clientId: 46, nal: -1200, kassa: 0, ekv: 0, transfer: 0, payment_account: 0, comment: Емелин Антон, office: P1, manager_name: Бунчина Ирина 👩‍💼 P1
[2025-01-24 09:14:35] Операция: Обновление баланса клиента в таблице users
clientId: 46, dolg: -337250
[2025-01-24 09:15:29] Операция: Внесение данных в таблицу kassa
clientId: 46, nal: -8000, kassa: 0, ekv: 0, transfer: 0, payment_account: 0, comment: Саранск, office: P5, manager_name: Фролова Ирина 👩‍💼 P5
[2025-01-24 09:15:29] Операция: Обновление баланса клиента в таблице users
clientId: 46, dolg: -345250
[2025-01-24 09:15:45] Операция: Внесение данных в таблицу kassa
clientId: 46, nal: -500, kassa: 0, ekv: 0, transfer: 0, payment_account: 0, comment: Исса, office: P5, manager_name: Фролова Ирина 👩‍💼 P5
[2025-01-24 09:15:45] Операция: Обновление баланса клиента в таблице users
clientId: 46, dolg: -345750
[2025-01-24 10:22:07] Операция: Внесение данных в таблицу kassa
clientId: 48, nal: -500, kassa: 0, ekv: 0, transfer: 0, payment_account: 0, comment: Ножи канцелярские, office: P11, manager_name: Голубева Мария 👩‍💼 P11
[2025-01-24 10:22:07] Операция: Обновление баланса клиента в таблице users
clientId: 48, dolg: -21263
[2025-01-24 10:39:57] Операция: Внесение данных в таблицу kassa
clientId: 68, nal: -150000, kassa: 0, ekv: 0, transfer: 0, payment_account: 0, comment: Z6-P11, office: Z6, manager_name: Соловков Александр 👨‍💼 Z6
[2025-01-24 10:39:57] Операция: Обновление баланса клиента в таблице users
clientId: 68, dolg: -150000
[2025-01-24 11:04:21] Операция: Внесение данных в таблицу kassa
clientId: 46, nal: -4000, kassa: 0, ekv: 0, transfer: 0, payment_account: 0, comment: Емелин Антон, office: P1, manager_name: Бунчина Ирина 👩‍💼 P1
[2025-01-24 11:04:21] Операция: Обновление баланса клиента в таблице users
clientId: 46, dolg: -349750
[2025-01-24 11:30:38] Операция: Внесение данных в таблицу kassa
clientId: 68, nal: -581000, kassa: 0, ekv: 0, transfer: 0, payment_account: 0, comment: S4-P5, office: S4, manager_name: Сонина Наталья 👩‍💼 S4
[2025-01-24 11:30:38] Операция: Обновление баланса клиента в таблице users
clientId: 68, dolg: -731000
[2025-01-24 11:31:20] Операция: Внесение данных в таблицу kassa
clientId: 68, nal: 0, kassa: -15000, ekv: 0, transfer: 0, payment_account: 0, comment: S4-P5, office: S4, manager_name: Сонина Наталья 👩‍💼 S4
[2025-01-24 11:31:20] Операция: Обновление баланса клиента в таблице users
clientId: 68, dolg: -746000
[2025-01-24 11:31:51] Операция: Внесение данных в таблицу kassa
clientId: 46, nal: -300, kassa: 0, ekv: 0, transfer: 0, payment_account: 0, comment: Инкассация, office: S4, manager_name: Сонина Наталья 👩‍💼 S4
[2025-01-24 11:31:51] Операция: Обновление баланса клиента в таблице users
clientId: 46, dolg: -350050
[2025-01-24 11:51:19] Операция: Внесение данных в таблицу kassa
clientId: 83, nal: -844, kassa: 0, ekv: 0, transfer: 0, payment_account: 0, comment: Чек №175 от 24.01.25, office: P5, manager_name: Фролова Ирина 👩‍💼 P5
[2025-01-24 11:51:19] Операция: Обновление баланса клиента в таблице users
clientId: 83, dolg: -9670
[2025-01-24 12:06:40] Операция: Внесение данных в таблицу kassa
clientId: 46, nal: -12000, kassa: 0, ekv: 0, transfer: 0, payment_account: 0, comment: Трачук Александр, office: P11, manager_name: Голубева Мария 👩‍💼 P11
[2025-01-24 12:06:40] Операция: Обновление баланса клиента в таблице users
clientId: 46, dolg: -362050
[2025-01-24 12:09:44] Операция: Внесение данных в таблицу kassa
clientId: 68, nal: -543000, kassa: 0, ekv: 0, transfer: 0, payment_account: 0, comment: S8->P5, office: S8, manager_name: Гирчева Ольга 👩‍💼 S8
[2025-01-24 12:09:44] Операция: Обновление баланса клиента в таблице users
clientId: 68, dolg: -1274000
[2025-01-24 12:14:38] Операция: Внесение данных в таблицу kassa
clientId: 48, nal: -1100, kassa: 0, ekv: 0, transfer: 0, payment_account: 0, comment: Поверка водяных счётчиков, office: P2, manager_name: Анискина Ольга 👩‍💼 P2
[2025-01-24 12:14:38] Операция: Обновление баланса клиента в таблице users
clientId: 48, dolg: -22363
[2025-01-24 12:22:25] Операция: Внесение данных в таблицу kassa
clientId: 940, nal: 0, kassa: -18600, ekv: 0, transfer: 0, payment_account: 0, comment: Возврат 199875361, office: S4, manager_name: Сонина Наталья 👩‍💼 S4
[2025-01-24 12:22:25] Операция: Обновление баланса клиента в таблице users
clientId: 940, dolg: 0
[2025-01-24 13:19:37] Операция: Внесение данных в таблицу kassa
clientId: 953, nal: -945000, kassa: 0, ekv: 0, transfer: 0, payment_account: 0, comment: Наш друг(П), office: P11, manager_name: Голубева Мария 👩‍💼 P11
[2025-01-24 13:19:37] Операция: Обновление баланса клиента в таблице users
clientId: 953, dolg: -3555000
[2025-01-24 13:47:26] Операция: Внесение данных в таблицу kassa
clientId: 953, nal: -287600, kassa: 0, ekv: 0, transfer: 0, payment_account: 0, comment: Наш друг (П), office: ZP, manager_name: Бунчина Ирина (Зарплата) 💰
[2025-01-24 13:47:26] Операция: Обновление баланса клиента в таблице users
clientId: 953, dolg: -3842600
[2025-01-24 14:00:29] Операция: Внесение данных в таблицу kassa
clientId: 953, nal: -287600, kassa: 0, ekv: 0, transfer: 0, payment_account: 0, comment: Наш друг (П), office: P1, manager_name: Бунчина Ирина 👩‍💼 P1
[2025-01-24 14:00:29] Операция: Обновление баланса клиента в таблице users
clientId: 953, dolg: -3842600
[2025-01-24 14:32:57] Операция: Внесение данных в таблицу kassa
clientId: 46, nal: -18000, kassa: 0, ekv: 0, transfer: 0, payment_account: 0, comment: Юркалов Дмитрий, office: P5, manager_name: Фролова Ирина 👩‍💼 P5
[2025-01-24 14:32:57] Операция: Обновление баланса клиента в таблице users
clientId: 46, dolg: -380050
[2025-01-24 17:42:27] Операция: Внесение данных в таблицу kassa
clientId: 953, nal: -1760000, kassa: 0, ekv: 0, transfer: 0, payment_account: 0, comment: Наш друг (Крис), office: P5, manager_name: Фролова Ирина 👩‍💼 P5
[2025-01-24 17:42:27] Операция: Обновление баланса клиента в таблице users
clientId: 953, dolg: -5602600
[2025-01-24 18:13:45] Операция: Внесение данных в таблицу kassa
clientId: 47, nal: -26000, kassa: 0, ekv: 0, transfer: 0, payment_account: 0, comment: Малков Кирилл, office: P5, manager_name: Фролова Ирина 👩‍💼 P5
[2025-01-24 18:13:45] Операция: Обновление баланса клиента в таблице users
clientId: 47, dolg: -1933409
[2025-01-24 18:14:48] Операция: Внесение данных в таблицу kassa
clientId: 47, nal: -3856, kassa: 0, ekv: 0, transfer: 0, payment_account: 0, comment: Михеев Сергей, office: P1, manager_name: Бунчина Ирина 👩‍💼 P1
[2025-01-24 18:14:48] Операция: Обновление баланса клиента в таблице users
clientId: 47, dolg: -1937265
[2025-01-25 10:26:55] Операция: Внесение данных в таблицу kassa
clientId: 46, nal: -1500, kassa: 0, ekv: 0, transfer: 0, payment_account: 0, comment: Водитель Сергей, office: S8, manager_name: Гирчев Роман 👨‍💼 S8
[2025-01-25 10:26:55] Операция: Обновление баланса клиента в таблице users
clientId: 46, dolg: -389050
[2025-01-25 10:54:48] Операция: Внесение данных в таблицу kassa
clientId: 46, nal: -14400, kassa: 0, ekv: 0, transfer: 0, payment_account: 0, comment: Доставка OS, office: S8, manager_name: Гирчев Роман 👨‍💼 S8
[2025-01-25 10:54:48] Операция: Обновление баланса клиента в таблице users
clientId: 46, dolg: -403450
[2025-01-25 12:36:04] Операция: Внесение данных в таблицу kassa
clientId: 894, nal: -4800, kassa: 0, ekv: 0, transfer: 0, payment_account: 0, comment: Возврат 96561721, office: Z6, manager_name: Соловков Александр 👨‍💼 Z6
[2025-01-25 12:36:04] Операция: Обновление баланса клиента в таблице users
clientId: 894, dolg: 0
[2025-01-25 14:48:33] Операция: Внесение данных в таблицу kassa
clientId: 68, nal: -140000, kassa: 0, ekv: 0, transfer: 0, payment_account: 0, comment: P2-P1, office: P2, manager_name: Анискина Ольга 👩‍💼 P2
[2025-01-25 14:48:33] Операция: Обновление баланса клиента в таблице users
clientId: 68, dolg: -290000
[2025-01-27 09:04:14] Операция: Внесение данных в таблицу kassa
clientId: 68, nal: -160000, kassa: 0, ekv: 0, transfer: 0, payment_account: 0, comment: Z6-P11, office: Z6, manager_name: Соловков Александр 👨‍💼 Z6
[2025-01-27 09:04:14] Операция: Обновление баланса клиента в таблице users
clientId: 68, dolg: -450000
[2025-01-27 09:11:45] Операция: Внесение данных в таблицу kassa
clientId: 46, nal: -1200, kassa: 0, ekv: 0, transfer: 0, payment_account: 0, comment: Кибиткин Денис, office: P1, manager_name: Максимкина Татьяна 👩‍💼 P1
[2025-01-27 09:11:45] Операция: Обновление баланса клиента в таблице users
clientId: 46, dolg: -404650
[2025-01-27 10:21:54] Операция: Внесение данных в таблицу kassa
clientId: 953, nal: -1170000, kassa: 0, ekv: 0, transfer: 0, payment_account: 0, comment: Наш друг (П), office: P5, manager_name: Фролова Ирина 👩‍💼 P5
[2025-01-27 10:21:54] Операция: Обновление баланса клиента в таблице users
clientId: 953, dolg: -6772600
[2025-01-27 10:29:02] Операция: Внесение данных в таблицу kassa
clientId: 953, nal: -504000, kassa: 0, ekv: 0, transfer: 0, payment_account: 0, comment: Наш друг (Смирнов Политрак), office: P1, manager_name: Максимкина Татьяна 👩‍💼 P1
[2025-01-27 10:29:02] Операция: Обновление баланса клиента в таблице users
clientId: 953, dolg: -7276600
[2025-01-27 11:28:20] Операция: Внесение данных в таблицу kassa
clientId: 761, nal: -1700, kassa: 0, ekv: 0, transfer: 0, payment_account: 0, comment: Поставщик OS, office: S8, manager_name: Гирчева Ольга 👩‍💼 S8
[2025-01-27 11:28:20] Операция: Обновление баланса клиента в таблице users
clientId: 761, dolg: -10800
[2025-01-27 11:59:03] Операция: Внесение данных в таблицу kassa
clientId: 46, nal: -4000, kassa: 0, ekv: 0, transfer: 0, payment_account: 0, comment: Емелин Антон, office: P1, manager_name: Максимкина Татьяна 👩‍💼 P1
[2025-01-27 11:59:03] Операция: Обновление баланса клиента в таблице users
clientId: 46, dolg: -408650
[2025-01-27 12:45:29] Операция: Внесение данных в таблицу kassa
clientId: 686, nal: -2000, kassa: 0, ekv: 0, transfer: 0, payment_account: 0, comment: , office: S4, manager_name: Сонина Наталья 👩‍💼 S4
[2025-01-27 12:45:29] Операция: Обновление баланса клиента в таблице users
clientId: 686, dolg: -8500
[2025-01-27 13:32:47] Операция: Внесение данных в таблицу kassa
clientId: 48, nal: -160, kassa: 0, ekv: 0, transfer: 0, payment_account: 0, comment: , office: P11, manager_name: Голубева Мария 👩‍💼 P11
[2025-01-27 13:32:47] Операция: Обновление баланса клиента в таблице users
clientId: 48, dolg: -22523
[2025-01-27 15:53:23] Операция: Внесение данных в таблицу kassa
clientId: 46, nal: -15000, kassa: 0, ekv: 0, transfer: 0, payment_account: 0, comment: Ежов Дмитрий, office: P1, manager_name: Максимкина Татьяна 👩‍💼 P1
[2025-01-27 15:53:23] Операция: Обновление баланса клиента в таблице users
clientId: 46, dolg: -423650
[2025-01-27 15:53:41] Операция: Внесение данных в таблицу kassa
clientId: 46, nal: -17500, kassa: 0, ekv: 0, transfer: 0, payment_account: 0, comment: Дасаев Ринат, office: P1, manager_name: Максимкина Татьяна 👩‍💼 P1
[2025-01-27 15:53:41] Операция: Обновление баланса клиента в таблице users
clientId: 46, dolg: -441150
[2025-01-27 18:25:09] Операция: Внесение данных в таблицу kassa
clientId: 47, nal: -10000, kassa: 0, ekv: 0, transfer: 0, payment_account: 0, comment: Шестаков Дмитрий, office: P1, manager_name: Максимкина Татьяна 👩‍💼 P1
[2025-01-27 18:25:09] Операция: Обновление баланса клиента в таблице users
clientId: 47, dolg: -1947265
[2025-01-28 09:30:42] Операция: Внесение данных в таблицу kassa
clientId: 46, nal: -1200, kassa: 0, ekv: 0, transfer: 0, payment_account: 0, comment: Кибиткин Денис, office: P1, manager_name: Максимкина Татьяна 👩‍💼 P1
[2025-01-28 09:30:42] Операция: Обновление баланса клиента в таблице users
clientId: 46, dolg: -442350
[2025-01-28 09:31:49] Операция: Внесение данных в таблицу kassa
clientId: 47, nal: -2000, kassa: 0, ekv: 0, transfer: 0, payment_account: 0, comment: Малков Кирилл, office: P5, manager_name: Малков Кирилл 👨‍💼 P5
[2025-01-28 09:31:49] Операция: Обновление баланса клиента в таблице users
clientId: 47, dolg: -1949265
[2025-01-28 11:03:33] Операция: Внесение данных в таблицу kassa
clientId: 46, nal: -4000, kassa: 0, ekv: 0, transfer: 0, payment_account: 0, comment: Емелин Антон, office: P1, manager_name: Максимкина Татьяна 👩‍💼 P1
[2025-01-28 11:03:33] Операция: Обновление баланса клиента в таблице users
clientId: 46, dolg: -446350
[2025-01-29 09:22:25] Операция: Внесение данных в таблицу kassa
clientId: 68, nal: -180000, kassa: 0, ekv: 0, transfer: 0, payment_account: 0, comment: Z6-P11, office: Z6, manager_name: Соловков Александр 👨‍💼 Z6
[2025-01-29 09:22:25] Операция: Обновление баланса клиента в таблице users
clientId: 68, dolg: -180000
[2025-01-29 09:22:56] Операция: Внесение данных в таблицу kassa
clientId: 46, nal: -1200, kassa: 0, ekv: 0, transfer: 0, payment_account: 0, comment: Кибиткин Денис, office: P1, manager_name: Бунчина Ирина 👩‍💼 P1
[2025-01-29 09:22:56] Операция: Обновление баланса клиента в таблице users
clientId: 46, dolg: -447550
[2025-01-29 09:43:12] Операция: Внесение данных в таблицу kassa
clientId: 702, nal: 0, kassa: 0, ekv: -3080, transfer: 0, payment_account: 0, comment: 197845890, office: P5, manager_name: Фролова Ирина 👩‍💼 P5
[2025-01-29 09:43:12] Операция: Обновление баланса клиента в таблице users
clientId: 702, dolg: 0
[2025-01-29 10:40:01] Операция: Внесение данных в таблицу kassa
clientId: 46, nal: -3000, kassa: 0, ekv: 0, transfer: 0, payment_account: 0, comment: Юркалов Дмитрий (за Ежова), office: P1, manager_name: Бунчина Ирина 👩‍💼 P1
[2025-01-29 10:40:01] Операция: Обновление баланса клиента в таблице users
clientId: 46, dolg: -450550
[2025-01-29 12:16:23] Операция: Внесение данных в таблицу kassa
clientId: 46, nal: -4000, kassa: 0, ekv: 0, transfer: 0, payment_account: 0, comment: Емелин Антон, office: P1, manager_name: Бунчина Ирина 👩‍💼 P1
[2025-01-29 12:16:23] Операция: Обновление баланса клиента в таблице users
clientId: 46, dolg: -454550
[2025-01-29 12:51:26] Операция: Внесение данных в таблицу kassa
clientId: 48, nal: -230, kassa: 0, ekv: 0, transfer: 0, payment_account: 0, comment: Вода, office: S4, manager_name: Сонина Наталья 👩‍💼 S4
[2025-01-29 12:51:26] Операция: Обновление баланса клиента в таблице users
clientId: 48, dolg: -22353
[2025-01-29 13:08:28] Операция: Внесение данных в таблицу kassa
clientId: 953, nal: -1620000, kassa: 0, ekv: 0, transfer: 0, payment_account: 0, comment: Наш друг (П), office: P1, manager_name: Бунчина Ирина 👩‍💼 P1
[2025-01-29 13:08:28] Операция: Обновление баланса клиента в таблице users
clientId: 953, dolg: -8896600
[2025-01-29 13:17:16] Операция: Внесение данных в таблицу kassa
clientId: 761, nal: -1700, kassa: 0, ekv: 0, transfer: 0, payment_account: 0, comment: Поставщик OS, office: S8, manager_name: Гирчева Ольга 👩‍💼 S8
[2025-01-29 13:17:16] Операция: Обновление баланса клиента в таблице users
clientId: 761, dolg: -12500
[2025-01-29 13:18:20] Операция: Внесение данных в таблицу kassa
clientId: 761, nal: -1700, kassa: 0, ekv: 0, transfer: 0, payment_account: 0, comment: Поставщик OS, office: S8, manager_name: Гирчева Ольга 👩‍💼 S8
[2025-01-29 13:18:20] Операция: Обновление баланса клиента в таблице users
clientId: 761, dolg: -14200
[2025-01-30 09:02:07] Операция: Внесение данных в таблицу kassa
clientId: 686, nal: -1000, kassa: 0, ekv: 0, transfer: 0, payment_account: 0, comment: Уборка, office: S8, manager_name: Гирчева Ольга 👩‍💼 S8
[2025-01-30 09:02:07] Операция: Обновление баланса клиента в таблице users
clientId: 686, dolg: -9500
[2025-01-30 09:08:16] Операция: Внесение данных в таблицу kassa
clientId: 46, nal: -1200, kassa: 0, ekv: 0, transfer: 0, payment_account: 0, comment: Кибиткин Денис, office: P1, manager_name: Бунчина Ирина 👩‍💼 P1
[2025-01-30 09:08:16] Операция: Обновление баланса клиента в таблице users
clientId: 46, dolg: -455750
[2025-01-30 09:21:01] Операция: Внесение данных в таблицу kassa
clientId: 48, nal: -333, kassa: 0, ekv: 0, transfer: 0, payment_account: 0, comment: Бунчина Ирина, кофе, office: P1, manager_name: Бунчина Ирина 👩‍💼 P1
[2025-01-30 09:21:01] Операция: Обновление баланса клиента в таблице users
clientId: 48, dolg: -22686
[2025-01-30 09:26:58] Операция: Внесение данных в таблицу kassa
clientId: 68, nal: -100000, kassa: 0, ekv: 0, transfer: 0, payment_account: 0, comment: К12-Р5, office: K12, manager_name: Гришина Надежда 👩‍💼 K12
[2025-01-30 09:26:58] Операция: Обновление баланса клиента в таблице users
clientId: 68, dolg: -280000
[2025-01-30 10:16:16] Операция: Внесение данных в таблицу kassa
clientId: 46, nal: -4000, kassa: 0, ekv: 0, transfer: 0, payment_account: 0, comment: Емелин Антон, office: P1, manager_name: Бунчина Ирина 👩‍💼 P1
[2025-01-30 10:16:16] Операция: Обновление баланса клиента в таблице users
clientId: 46, dolg: -459750
[2025-01-30 12:13:17] Операция: Внесение данных в таблицу kassa
clientId: 46, nal: -24500, kassa: 0, ekv: 0, transfer: 0, payment_account: 0, comment: Возвраты ( за январь 2025г.), office: P5, manager_name: Фролова Ирина 👩‍💼 P5
[2025-01-30 12:13:17] Операция: Обновление баланса клиента в таблице users
clientId: 46, dolg: -484250
[2025-01-30 13:27:43] Операция: Внесение данных в таблицу kassa
clientId: 47, nal: -15000, kassa: 0, ekv: 0, transfer: 0, payment_account: 0, comment: Шестаков Дмитрий, office: P1, manager_name: Бунчина Ирина 👩‍💼 P1
[2025-01-30 13:27:43] Операция: Обновление баланса клиента в таблице users
clientId: 47, dolg: -1964265
[2025-01-30 18:37:13] Операция: Внесение данных в таблицу kassa
clientId: 953, nal: -220000, kassa: 0, ekv: 0, transfer: 0, payment_account: 0, comment: P2-P1, office: P2, manager_name: Анискина Ольга 👩‍💼 P2
[2025-01-30 18:37:13] Операция: Обновление баланса клиента в таблице users
clientId: 953, dolg: -9116600
[2025-01-31 09:07:23] Операция: Внесение данных в таблицу kassa
clientId: 46, nal: -1200, kassa: 0, ekv: 0, transfer: 0, payment_account: 0, comment: Кибиткин Денис, office: P1, manager_name: Максимкина Татьяна 👩‍💼 P1
[2025-01-31 09:07:23] Операция: Обновление баланса клиента в таблице users
clientId: 46, dolg: -485450
[2025-01-31 09:38:11] Операция: Внесение данных в таблицу kassa
clientId: 46, nal: -8100, kassa: 0, ekv: 0, transfer: 0, payment_account: 0, comment: Доставка Саранск, office: P5, manager_name: Фролова Ирина 👩‍💼 P5
[2025-01-31 09:38:11] Операция: Обновление баланса клиента в таблице users
clientId: 46, dolg: -493550
[2025-01-31 09:53:56] Операция: Внесение данных в таблицу kassa
clientId: 46, nal: -4000, kassa: 0, ekv: 0, transfer: 0, payment_account: 0, comment: Емелин Антон, office: P1, manager_name: Максимкина Татьяна 👩‍💼 P1
[2025-01-31 09:53:56] Операция: Обновление баланса клиента в таблице users
clientId: 46, dolg: -497550
[2025-01-31 10:20:54] Операция: Внесение данных в таблицу kassa
clientId: 686, nal: -10000, kassa: 0, ekv: 0, transfer: 0, payment_account: 0, comment: , office: P1, manager_name: Максимкина Татьяна 👩‍💼 P1
[2025-01-31 10:20:54] Операция: Обновление баланса клиента в таблице users
clientId: 686, dolg: -19500
[2025-01-31 10:37:29] Операция: Внесение данных в таблицу kassa
clientId: 953, nal: -1050000, kassa: 0, ekv: 0, transfer: 0, payment_account: 0, comment: Наш друг(П), office: P11, manager_name: Голубева Мария 👩‍💼 P11
[2025-01-31 10:37:29] Операция: Обновление баланса клиента в таблице users
clientId: 953, dolg: -9946600
[2025-01-31 10:55:16] Операция: Внесение данных в таблицу kassa
clientId: 68, nal: -618000, kassa: 0, ekv: 0, transfer: 0, payment_account: 0, comment: S4-P5, office: S4, manager_name: Сонина Наталья 👩‍💼 S4
[2025-01-31 10:55:16] Операция: Обновление баланса клиента в таблице users
clientId: 68, dolg: -838000
[2025-01-31 10:56:04] Операция: Внесение данных в таблицу kassa
clientId: 46, nal: -300, kassa: 0, ekv: 0, transfer: 0, payment_account: 0, comment: Инкассация, office: S4, manager_name: Сонина Наталья 👩‍💼 S4
[2025-01-31 10:56:04] Операция: Обновление баланса клиента в таблице users
clientId: 46, dolg: -497850
[2025-01-31 11:01:19] Операция: Внесение данных в таблицу kassa
clientId: 953, nal: -638900, kassa: 0, ekv: 0, transfer: 0, payment_account: 0, comment: Наш друг (П), office: P1, manager_name: Максимкина Татьяна 👩‍💼 P1
[2025-01-31 11:01:19] Операция: Обновление баланса клиента в таблице users
clientId: 953, dolg: -10585500
[2025-01-31 11:21:14] Операция: Внесение данных в таблицу kassa
clientId: 903, nal: -1800, kassa: 0, ekv: 0, transfer: 0, payment_account: 0, comment: Возврат передоплаты 200026152, office: P1, manager_name: Максимкина Татьяна 👩‍💼 P1
[2025-01-31 11:21:14] Операция: Обновление баланса клиента в таблице users
clientId: 903, dolg: 0
[2025-01-31 11:41:19] Операция: Внесение данных в таблицу kassa
clientId: 938, nal: 0, kassa: 0, ekv: -9800, transfer: 0, payment_account: 0, comment: 200277917, office: P11, manager_name: Голубева Мария 👩‍💼 P11
[2025-01-31 11:41:19] Операция: Обновление баланса клиента в таблице users
clientId: 938, dolg: 0
[2025-01-31 12:07:05] Операция: Внесение данных в таблицу kassa
clientId: 68, nal: -36436, kassa: -36436, ekv: 0, transfer: 0, payment_account: 0, comment: Выплата по ведомость, office: P1, manager_name: Максимкина Татьяна 👩‍💼 P1
[2025-01-31 12:07:05] Операция: Обновление баланса клиента в таблице users
clientId: 68, dolg: -910872
[2025-01-31 12:10:07] Операция: Внесение данных в таблицу kassa
clientId: 46, nal: -12000, kassa: 0, ekv: 0, transfer: 0, payment_account: 0, comment: , office: P11, manager_name: Голубева Мария 👩‍💼 P11
[2025-01-31 12:10:07] Операция: Обновление баланса клиента в таблице users
clientId: 46, dolg: -509850
[2025-01-31 13:28:27] Операция: Внесение данных в таблицу kassa
clientId: 68, nal: -510000, kassa: 0, ekv: 0, transfer: 0, payment_account: 0, comment: S8->P5, office: S8, manager_name: Гирчева Ольга 👩‍💼 S8
[2025-01-31 13:28:27] Операция: Обновление баланса клиента в таблице users
clientId: 68, dolg: -1348000
[2025-01-31 13:28:53] Операция: Внесение данных в таблицу kassa
clientId: 68, nal: 0, kassa: -5000, ekv: 0, transfer: 0, payment_account: 0, comment: S8->P5, office: S8, manager_name: Гирчева Ольга 👩‍💼 S8
[2025-01-31 13:28:53] Операция: Обновление баланса клиента в таблице users
clientId: 68, dolg: -1353000
[2025-01-31 14:47:14] Операция: Внесение данных в таблицу kassa
clientId: 46, nal: -18000, kassa: 0, ekv: 0, transfer: 0, payment_account: 0, comment: Юркалов Дмитрий, office: P5, manager_name: Фролова Ирина 👩‍💼 P5
[2025-01-31 14:47:14] Операция: Обновление баланса клиента в таблице users
clientId: 46, dolg: -527850
[2025-01-31 16:38:28] Операция: Внесение данных в таблицу kassa
clientId: 686, nal: -7000, kassa: 0, ekv: 0, transfer: 0, payment_account: 0, comment: P5, office: P5, manager_name: Фролова Ирина 👩‍💼 P5
[2025-01-31 16:38:28] Операция: Обновление баланса клиента в таблице users
clientId: 686, dolg: -26500
[2025-01-31 17:14:56] Операция: Внесение данных в таблицу kassa
clientId: 953, nal: -1760000, kassa: 0, ekv: 0, transfer: 0, payment_account: 0, comment: Наш друг (К), office: P5, manager_name: Фролова Ирина 👩‍💼 P5
[2025-01-31 17:14:56] Операция: Обновление баланса клиента в таблице users
clientId: 953, dolg: -12345500
[2025-01-31 18:03:45] Операция: Внесение данных в таблицу kassa
clientId: 591, nal: -955, kassa: 0, ekv: 0, transfer: 0, payment_account: 0, comment: Рябушкин Алексей Р3(свет), office: P1, manager_name: Максимкина Татьяна 👩‍💼 P1
[2025-01-31 18:03:45] Операция: Обновление баланса клиента в таблице users
clientId: 591, dolg: -36548
[2025-02-01 10:31:34] Операция: Внесение данных в таблицу kassa
clientId: 1109, nal: -14850, kassa: 0, ekv: 0, transfer: 0, payment_account: 0, comment: 201132857(Возврат), office: P1, manager_name: Максимкина Татьяна 👩‍💼 P1
[2025-02-01 10:31:34] Операция: Обновление баланса клиента в таблице users
clientId: 1109, dolg: -14850
[2025-02-03 08:53:34] Операция: Внесение данных в таблицу kassa
clientId: 48, nal: -1490, kassa: 0, ekv: 0, transfer: 0, payment_account: 0, comment: Санков Андрей: чай, сахар, т/бумага, мусорные пакеты, office: P1, manager_name: Бунчина Ирина 👩‍💼 P1
[2025-02-03 08:53:34] Операция: Обновление баланса клиента в таблице users
clientId: 48, dolg: -24176
[2025-02-03 09:09:46] Операция: Внесение данных в таблицу kassa
clientId: 46, nal: -1200, kassa: 0, ekv: 0, transfer: 0, payment_account: 0, comment: Кибиткин Антон, office: P1, manager_name: Бунчина Ирина 👩‍💼 P1
[2025-02-03 09:09:46] Операция: Обновление баланса клиента в таблице users
clientId: 46, dolg: -552450
[2025-02-03 10:16:23] Операция: Внесение данных в таблицу kassa
clientId: 46, nal: -4000, kassa: 0, ekv: 0, transfer: 0, payment_account: 0, comment: Емелин Антон, office: P1, manager_name: Бунчина Ирина 👩‍💼 P1
[2025-02-03 10:16:23] Операция: Обновление баланса клиента в таблице users
clientId: 46, dolg: -556450
[2025-02-03 10:53:32] Операция: Внесение данных в таблицу kassa
clientId: 68, nal: -190000, kassa: 0, ekv: 0, transfer: 0, payment_account: 0, comment: Z6-P11, office: Z6, manager_name: Соловков Александр 👨‍💼 Z6
[2025-02-03 10:53:32] Операция: Обновление баланса клиента в таблице users
clientId: 68, dolg: -190000
[2025-02-03 11:10:17] Операция: Внесение данных в таблицу kassa
clientId: 48, nal: -90, kassa: 0, ekv: 0, transfer: 0, payment_account: 0, comment: Чековая бумага 1шт, office: S4, manager_name: Сонина Наталья 👩‍💼 S4
[2025-02-03 11:10:17] Операция: Обновление баланса клиента в таблице users
clientId: 48, dolg: -24266
[2025-02-03 12:03:43] Операция: Внесение данных в таблицу kassa
clientId: 48, nal: -200, kassa: 0, ekv: 0, transfer: 0, payment_account: 0, comment: вл.салфетки+т.бумага, office: S4, manager_name: Сонина Наталья 👩‍💼 S4
[2025-02-03 12:03:43] Операция: Обновление баланса клиента в таблице users
clientId: 48, dolg: -24466
[2025-02-03 13:08:43] Операция: Внесение данных в таблицу kassa
clientId: 46, nal: -17500, kassa: 0, ekv: 0, transfer: 0, payment_account: 0, comment: Дасаев Ринат, office: P1, manager_name: Бунчина Ирина 👩‍💼 P1
[2025-02-03 13:08:43] Операция: Обновление баланса клиента в таблице users
clientId: 46, dolg: -573950
[2025-02-03 14:12:03] Операция: Внесение данных в таблицу kassa
clientId: 46, nal: -12000, kassa: 0, ekv: 0, transfer: 0, payment_account: 0, comment: Ежов Дмитрий, office: P1, manager_name: Бунчина Ирина 👩‍💼 P1
[2025-02-03 14:12:03] Операция: Обновление баланса клиента в таблице users
clientId: 46, dolg: -585950
[2025-02-03 17:58:49] Операция: Внесение данных в таблицу kassa
clientId: 68, nal: -170000, kassa: 0, ekv: 0, transfer: 0, payment_account: 0, comment: К12-Р5, office: K12, manager_name: Гришина Надежда 👩‍💼 K12
[2025-02-03 17:58:49] Операция: Обновление баланса клиента в таблице users
clientId: 68, dolg: -360000
[2025-02-04 09:28:29] Операция: Внесение данных в таблицу kassa
clientId: 46, nal: -1200, kassa: 0, ekv: 0, transfer: 0, payment_account: 0, comment: Кибиткин Денис, office: P1, manager_name: Бунчина Ирина 👩‍💼 P1
[2025-02-04 09:28:29] Операция: Обновление баланса клиента в таблице users
clientId: 46, dolg: -587150
[2025-02-04 09:53:33] Операция: Внесение данных в таблицу kassa
clientId: 48, nal: -500, kassa: 0, ekv: 0, transfer: 0, payment_account: 0, comment: Михеев Сергей, мойка стула, office: P1, manager_name: Бунчина Ирина 👩‍💼 P1
[2025-02-04 09:53:33] Операция: Обновление баланса клиента в таблице users
clientId: 48, dolg: -24966
[2025-02-04 10:46:09] Операция: Внесение данных в таблицу kassa
clientId: 590, nal: -25000, kassa: 0, ekv: 0, transfer: 0, payment_account: 0, comment: Февраль, office: K12, manager_name: Гришина Надежда 👩‍💼 K12
[2025-02-04 10:46:09] Операция: Обновление баланса клиента в таблице users
clientId: 590, dolg: -74000
[2025-02-04 10:50:29] Операция: Внесение данных в таблицу kassa
clientId: 686, nal: -2500, kassa: 0, ekv: 0, transfer: 0, payment_account: 0, comment: , office: K12, manager_name: Гришина Надежда 👩‍💼 K12
[2025-02-04 10:50:29] Операция: Обновление баланса клиента в таблице users
clientId: 686, dolg: -29000
[2025-02-04 10:56:33] Операция: Внесение данных в таблицу kassa
clientId: 48, nal: -450, kassa: 0, ekv: 0, transfer: 0, payment_account: 0, comment: Бумага А4 1шт, office: S4, manager_name: Сонина Наталья 👩‍💼 S4
[2025-02-04 10:56:33] Операция: Обновление баланса клиента в таблице users
clientId: 48, dolg: -25416
[2025-02-04 11:40:14] Операция: Внесение данных в таблицу kassa
clientId: 46, nal: -4000, kassa: 0, ekv: 0, transfer: 0, payment_account: 0, comment: Емелин Антон, office: P1, manager_name: Бунчина Ирина 👩‍💼 P1
[2025-02-04 11:40:14] Операция: Обновление баланса клиента в таблице users
clientId: 46, dolg: -591150
[2025-02-04 11:59:05] Операция: Внесение данных в таблицу kassa
clientId: 1061, nal: 0, kassa: 0, ekv: -930, transfer: 0, payment_account: 0, comment: возврат, office: P2, manager_name: Анискина Ольга 👩‍💼 P2
[2025-02-04 11:59:05] Операция: Обновление баланса клиента в таблице users
clientId: 1061, dolg: 0
[2025-02-04 15:50:26] Операция: Внесение данных в таблицу kassa
clientId: 746, nal: -1350, kassa: 0, ekv: 0, transfer: 0, payment_account: 0, comment: Возврат 201250999, office: P5, manager_name: Фролова Ирина 👩‍💼 P5
[2025-02-04 15:50:26] Операция: Обновление баланса клиента в таблице users
clientId: 746, dolg: -1350
[2025-02-05 09:12:10] Операция: Внесение данных в таблицу kassa
clientId: 466, nal: -6400, kassa: 0, ekv: 0, transfer: 0, payment_account: 0, comment: 199034086, office: P11, manager_name: Голубева Мария 👩‍💼 P11
[2025-02-05 09:12:10] Операция: Обновление баланса клиента в таблице users
clientId: 466, dolg: 0
[2025-02-05 09:25:28] Операция: Внесение данных в таблицу kassa
clientId: 46, nal: -1200, kassa: 0, ekv: 0, transfer: 0, payment_account: 0, comment: Кибиткин Денис, office: P1, manager_name: Максимкина Татьяна 👩‍💼 P1
[2025-02-05 09:25:28] Операция: Обновление баланса клиента в таблице users
clientId: 46, dolg: -592350
[2025-02-05 10:13:40] Операция: Внесение данных в таблицу kassa
clientId: 46, nal: -12800, kassa: 0, ekv: 0, transfer: 0, payment_account: 0, comment: Доставка Кузнецк январь 2025 г., office: P5, manager_name: Фролова Ирина 👩‍💼 P5
[2025-02-05 10:13:40] Операция: Обновление баланса клиента в таблице users
clientId: 46, dolg: -605150
[2025-02-05 10:55:54] Операция: Внесение данных в таблицу kassa
clientId: 46, nal: -4000, kassa: 0, ekv: 0, transfer: 0, payment_account: 0, comment: Емелин Антон, office: P1, manager_name: Максимкина Татьяна 👩‍💼 P1
[2025-02-05 10:55:54] Операция: Обновление баланса клиента в таблице users
clientId: 46, dolg: -609150
[2025-02-05 11:17:22] Операция: Внесение данных в таблицу kassa
clientId: 68, nal: -50000, kassa: 0, ekv: 0, transfer: 0, payment_account: 0, comment: Z6-P11, office: Z6, manager_name: Соловков Александр 👨‍💼 Z6
[2025-02-05 11:17:22] Операция: Обновление баланса клиента в таблице users
clientId: 68, dolg: -220000
[2025-02-05 12:34:11] Операция: Внесение данных в таблицу kassa
clientId: 953, nal: -1488850, kassa: 0, ekv: 0, transfer: 0, payment_account: 0, comment: Наш друг (П), office: P1, manager_name: Максимкина Татьяна 👩‍💼 P1
[2025-02-05 12:34:11] Операция: Обновление баланса клиента в таблице users
clientId: 953, dolg: -13834350
[2025-02-05 12:43:26] Операция: Внесение данных в таблицу kassa
clientId: 48, nal: -150, kassa: 0, ekv: 0, transfer: 0, payment_account: 0, comment: Влажные салфетки, office: P11, manager_name: Голубева Мария 👩‍💼 P11
[2025-02-05 12:43:26] Операция: Обновление баланса клиента в таблице users
clientId: 48, dolg: -25566
[2025-02-05 13:15:52] Операция: Внесение данных в таблицу kassa
clientId: 46, nal: -400, kassa: 0, ekv: 0, transfer: 0, payment_account: 0, comment: Доставка Ломов, office: P5, manager_name: Фролова Ирина 👩‍💼 P5
[2025-02-05 13:15:52] Операция: Обновление баланса клиента в таблице users
clientId: 46, dolg: -609550
[2025-02-05 13:45:08] Операция: Внесение данных в таблицу kassa
clientId: 635, nal: 0, kassa: 0, ekv: -2708, transfer: 0, payment_account: 0, comment: Возврат 3797440, office: S4, manager_name: Сонина Наталья 👩‍💼 S4
[2025-02-05 13:45:08] Операция: Обновление баланса клиента в таблице users
clientId: 635, dolg: 216436
[2025-02-06 09:40:15] Операция: Внесение данных в таблицу kassa
clientId: 262, nal: 0, kassa: 0, ekv: -1500, transfer: 0, payment_account: 0, comment: Возврат 201262685, office: P5, manager_name: Фролова Ирина 👩‍💼 P5
[2025-02-06 09:40:15] Операция: Обновление баланса клиента в таблице users
clientId: 262, dolg: 0
[2025-02-06 10:10:18] Операция: Внесение данных в таблицу kassa
clientId: 46, nal: -1200, kassa: 0, ekv: 0, transfer: 0, payment_account: 0, comment: Кибиткин Денис, office: P1, manager_name: Максимкина Татьяна 👩‍💼 P1
[2025-02-06 10:10:18] Операция: Обновление баланса клиента в таблице users
clientId: 46, dolg: -610750
[2025-02-06 10:57:33] Операция: Внесение данных в таблицу kassa
clientId: 46, nal: -4000, kassa: 0, ekv: 0, transfer: 0, payment_account: 0, comment: Емелин Антон, office: P1, manager_name: Максимкина Татьяна 👩‍💼 P1
[2025-02-06 10:57:33] Операция: Обновление баланса клиента в таблице users
clientId: 46, dolg: -614750
[2025-02-06 12:07:31] Операция: Внесение данных в таблицу kassa
clientId: 1139, nal: 0, kassa: 0, ekv: -1600, transfer: 0, payment_account: 0, comment: 201722046(Возврат), office: P1, manager_name: Максимкина Татьяна 👩‍💼 P1
[2025-02-06 12:07:31] Операция: Обновление баланса клиента в таблице users
clientId: 1139, dolg: 13400
[2025-02-07 09:01:43] Операция: Внесение данных в таблицу kassa
clientId: 46, nal: -7300, kassa: 0, ekv: 0, transfer: 0, payment_account: 0, comment: Саранск, office: P5, manager_name: Фролова Ирина 👩‍💼 P5
[2025-02-07 09:01:43] Операция: Обновление баланса клиента в таблице users
clientId: 46, dolg: -622050
[2025-02-07 09:01:56] Операция: Внесение данных в таблицу kassa
clientId: 46, nal: -500, kassa: 0, ekv: 0, transfer: 0, payment_account: 0, comment: Исса, office: P5, manager_name: Фролова Ирина 👩‍💼 P5
[2025-02-07 09:01:56] Операция: Обновление баланса клиента в таблице users
clientId: 46, dolg: -622550
[2025-02-07 09:08:44] Операция: Внесение данных в таблицу kassa
clientId: 46, nal: -1200, kassa: 0, ekv: 0, transfer: 0, payment_account: 0, comment: Кибиткин Денис, office: P1, manager_name: Бунчина Ирина 👩‍💼 P1
[2025-02-07 09:08:44] Операция: Обновление баланса клиента в таблице users
clientId: 46, dolg: -623750
[2025-02-07 10:07:16] Операция: Внесение данных в таблицу kassa
clientId: 46, nal: -4000, kassa: 0, ekv: 0, transfer: 0, payment_account: 0, comment: Емелин Антон, office: P1, manager_name: Бунчина Ирина 👩‍💼 P1
[2025-02-07 10:07:16] Операция: Обновление баланса клиента в таблице users
clientId: 46, dolg: -627750
[2025-02-07 10:32:15] Операция: Внесение данных в таблицу kassa
clientId: 48, nal: -200, kassa: 0, ekv: 0, transfer: 0, payment_account: 0, comment: Доставка воды, office: S8, manager_name: Гирчева Ольга 👩‍💼 S8
[2025-02-07 10:32:15] Операция: Обновление баланса клиента в таблице users
clientId: 48, dolg: -25366
[2025-02-07 11:16:45] Операция: Внесение данных в таблицу kassa
clientId: 68, nal: -100000, kassa: 0, ekv: 0, transfer: 0, payment_account: 0, comment: Z6-P11, office: Z6, manager_name: Соловков Александр 👨‍💼 Z6
[2025-02-07 11:16:45] Операция: Обновление баланса клиента в таблице users
clientId: 68, dolg: -150000
[2025-02-07 11:52:23] Операция: Внесение данных в таблицу kassa
clientId: 46, nal: -3700, kassa: 0, ekv: 0, transfer: 0, payment_account: 0, comment: Никольск, office: P11, manager_name: Голубева Мария 👩‍💼 P11
[2025-02-07 11:52:23] Операция: Обновление баланса клиента в таблице users
clientId: 46, dolg: -631450
[2025-02-07 11:53:11] Операция: Внесение данных в таблицу kassa
clientId: 46, nal: -12000, kassa: 0, ekv: 0, transfer: 0, payment_account: 0, comment: Трачук Александр, office: P11, manager_name: Голубева Мария 👩‍💼 P11
[2025-02-07 11:53:11] Операция: Обновление баланса клиента в таблице users
clientId: 46, dolg: -643450
[2025-02-07 13:04:02] Операция: Внесение данных в таблицу kassa
clientId: 68, nal: -343000, kassa: 0, ekv: 0, transfer: 0, payment_account: 0, comment: S8->P5, office: S8, manager_name: Гирчева Ольга 👩‍💼 S8
[2025-02-07 13:04:02] Операция: Обновление баланса клиента в таблице users
clientId: 68, dolg: -493000
[2025-02-07 13:04:24] Операция: Внесение данных в таблицу kassa
clientId: 68, nal: 0, kassa: -11000, ekv: 0, transfer: 0, payment_account: 0, comment: S8->P5, office: S8, manager_name: Гирчева Ольга 👩‍💼 S8
[2025-02-07 13:04:24] Операция: Обновление баланса клиента в таблице users
clientId: 68, dolg: -504000
[2025-02-07 14:38:34] Операция: Внесение данных в таблицу kassa
clientId: 48, nal: -50, kassa: 0, ekv: 0, transfer: 0, payment_account: 0, comment: Туалетная бумага, office: K12, manager_name: Гришина Надежда 👩‍💼 K12
[2025-02-07 14:38:34] Операция: Обновление баланса клиента в таблице users
clientId: 48, dolg: -25416
[2025-02-07 14:40:54] Операция: Внесение данных в таблицу kassa
clientId: 955, nal: -50000, kassa: 0, ekv: 0, transfer: 0, payment_account: 0, comment: Шестаков Дмитрий, office: P1, manager_name: Бунчина Ирина 👩‍💼 P1
[2025-02-07 14:40:54] Операция: Обновление баланса клиента в таблице users
clientId: 955, dolg: -50000
[2025-02-07 15:56:40] Операция: Внесение данных в таблицу kassa
clientId: 68, nal: -421000, kassa: 0, ekv: 0, transfer: 0, payment_account: 0, comment: S4-P5, office: S4, manager_name: Сонина Наталья 👩‍💼 S4
[2025-02-07 15:56:40] Операция: Обновление баланса клиента в таблице users
clientId: 68, dolg: -925000
[2025-02-07 15:57:16] Операция: Внесение данных в таблицу kassa
clientId: 46, nal: -300, kassa: 0, ekv: 0, transfer: 0, payment_account: 0, comment: Инкассация, office: S4, manager_name: Сонина Наталья 👩‍💼 S4
[2025-02-07 15:57:16] Операция: Обновление баланса клиента в таблице users
clientId: 46, dolg: -643750
[2025-02-07 16:18:37] Операция: Внесение данных в таблицу kassa
clientId: 46, nal: -7500, kassa: 0, ekv: 0, transfer: 0, payment_account: 0, comment: Ежов Дмитрий, Зарплата, office: P2, manager_name: Анискина Ольга 👩‍💼 P2
[2025-02-07 16:18:37] Операция: Обновление баланса клиента в таблице users
clientId: 46, dolg: -651250
[2025-02-07 16:23:52] Операция: Внесение данных в таблицу kassa
clientId: 46, nal: -18000, kassa: 0, ekv: 0, transfer: 0, payment_account: 0, comment: Юркалов Дмитрий, office: P5, manager_name: Фролова Ирина 👩‍💼 P5
[2025-02-07 16:23:52] Операция: Обновление баланса клиента в таблице users
clientId: 46, dolg: -669250
[2025-02-07 18:37:54] Операция: Внесение данных в таблицу kassa
clientId: 1229, nal: 0, kassa: 0, ekv: -8900, transfer: 0, payment_account: 0, comment: 202342204, office: P5, manager_name: Фролова Ирина 👩‍💼 P5
[2025-02-07 18:37:54] Операция: Обновление баланса клиента в таблице users
clientId: 1229, dolg: 0
[2025-02-08 11:50:26] Операция: Внесение данных в таблицу kassa
clientId: 953, nal: -200000, kassa: 0, ekv: 0, transfer: 0, payment_account: 0, comment: Мирен, office: P5, manager_name: Фролова Ирина 👩‍💼 P5
[2025-02-08 11:50:26] Операция: Обновление баланса клиента в таблице users
clientId: 953, dolg: -12545500
[2025-02-08 11:54:01] Операция: Внесение данных в таблицу kassa
clientId: 418, nal: -3244, kassa: 0, ekv: 0, transfer: 0, payment_account: 0, comment: , office: K12, manager_name: Гришина Надежда 👩‍💼 K12
[2025-02-08 11:54:01] Операция: Обновление баланса клиента в таблице users
clientId: 418, dolg: -171
[2025-02-08 11:58:35] Операция: Внесение данных в таблицу kassa
clientId: 953, nal: -1760000, kassa: 0, ekv: 0, transfer: 0, payment_account: 0, comment: Наш друг (К), office: P5, manager_name: Фролова Ирина 👩‍💼 P5
[2025-02-08 11:58:35] Операция: Обновление баланса клиента в таблице users
clientId: 953, dolg: -14305500
[2025-02-08 14:33:21] Операция: Внесение данных в таблицу kassa
clientId: 1192, nal: 0, kassa: 0, ekv: -1500, transfer: 0, payment_account: 0, comment: , office: P2, manager_name: Анискина Ольга 👩‍💼 P2
[2025-02-08 14:33:21] Операция: Обновление баланса клиента в таблице users
clientId: 1192, dolg: 0
[2025-02-08 14:59:53] Операция: Внесение данных в таблицу kassa
clientId: 68, nal: -185000, kassa: 0, ekv: 0, transfer: 0, payment_account: 0, comment: P2-P1, office: P2, manager_name: Анискина Ольга 👩‍💼 P2
[2025-02-08 14:59:53] Операция: Обновление баланса клиента в таблице users
clientId: 68, dolg: -235000
[2025-02-10 09:14:42] Операция: Внесение данных в таблицу kassa
clientId: 48, nal: -270, kassa: 0, ekv: 0, transfer: 0, payment_account: 0, comment: Алпатова Оксана доместес, office: P1, manager_name: Максимкина Татьяна 👩‍💼 P1
[2025-02-10 09:14:42] Операция: Обновление баланса клиента в таблице users
clientId: 48, dolg: -25686
[2025-02-10 09:50:56] Операция: Внесение данных в таблицу kassa
clientId: 68, nal: -200000, kassa: 0, ekv: 0, transfer: 0, payment_account: 0, comment: Z6-P11, office: Z6, manager_name: Соловков Александр 👨‍💼 Z6
[2025-02-10 09:50:56] Операция: Обновление баланса клиента в таблице users
clientId: 68, dolg: -250000
[2025-02-10 10:33:25] Операция: Внесение данных в таблицу kassa
clientId: 47, nal: -32750, kassa: 0, ekv: 0, transfer: 0, payment_account: 0, comment: %emex_P16 _2024, office: P1, manager_name: Максимкина Татьяна 👩‍💼 P1
[2025-02-10 10:33:25] Операция: Обновление баланса клиента в таблице users
clientId: 47, dolg: -32750
[2025-02-10 10:37:43] Операция: Внесение данных в таблицу kassa
clientId: 46, nal: -4000, kassa: 0, ekv: 0, transfer: 0, payment_account: 0, comment: Емелин Антон, office: P1, manager_name: Максимкина Татьяна 👩‍💼 P1
[2025-02-10 10:37:43] Операция: Обновление баланса клиента в таблице users
clientId: 46, dolg: -689150
[2025-02-10 13:26:51] Операция: Внесение данных в таблицу kassa
clientId: 46, nal: -15000, kassa: 0, ekv: 0, transfer: 0, payment_account: 0, comment: Ежов Дмитрий, office: P1, manager_name: Максимкина Татьяна 👩‍💼 P1
[2025-02-10 13:26:51] Операция: Обновление баланса клиента в таблице users
clientId: 46, dolg: -704150
[2025-02-10 13:33:43] Операция: Внесение данных в таблицу kassa
clientId: 46, nal: -17500, kassa: 0, ekv: 0, transfer: 0, payment_account: 0, comment: Дасаев Ринат, office: P1, manager_name: Максимкина Татьяна 👩‍💼 P1
[2025-02-10 13:33:43] Операция: Обновление баланса клиента в таблице users
clientId: 46, dolg: -721650
[2025-02-10 14:20:35] Операция: Внесение данных в таблицу kassa
clientId: 48, nal: -150, kassa: 0, ekv: 0, transfer: 0, payment_account: 0, comment: Перчатки, office: P11, manager_name: Голубева Мария 👩‍💼 P11
[2025-02-10 14:20:35] Операция: Обновление баланса клиента в таблице users
clientId: 48, dolg: -25836
[2025-02-11 09:42:55] Операция: Внесение данных в таблицу kassa
clientId: 46, nal: -1200, kassa: 0, ekv: 0, transfer: 0, payment_account: 0, comment: Кибиткин Денис, office: P1, manager_name: Максимкина Татьяна 👩‍💼 P1
[2025-02-11 09:42:55] Операция: Обновление баланса клиента в таблице users
clientId: 46, dolg: -722850
[2025-02-11 10:46:06] Операция: Внесение данных в таблицу kassa
clientId: 660, nal: 0, kassa: 0, ekv: -2000, transfer: 0, payment_account: 0, comment: 201544686(Возврат), office: P1, manager_name: Максимкина Татьяна 👩‍💼 P1
[2025-02-11 10:46:06] Операция: Обновление баланса клиента в таблице users
clientId: 660, dolg: 3410
[2025-02-11 10:51:13] Операция: Внесение данных в таблицу kassa
clientId: 46, nal: -4000, kassa: 0, ekv: 0, transfer: 0, payment_account: 0, comment: Емелин Антон, office: P1, manager_name: Максимкина Татьяна 👩‍💼 P1
[2025-02-11 10:51:13] Операция: Обновление баланса клиента в таблице users
clientId: 46, dolg: -726850
[2025-02-11 12:29:24] Операция: Внесение данных в таблицу kassa
clientId: 1175, nal: 0, kassa: 0, ekv: -1400, transfer: 0, payment_account: 0, comment: Возврат 202512428 , office: S4, manager_name: Сонина Наталья 👩‍💼 S4
[2025-02-11 12:29:24] Операция: Обновление баланса клиента в таблице users
clientId: 1175, dolg: 0
[2025-02-11 13:17:04] Операция: Внесение данных в таблицу kassa
clientId: 48, nal: -1600, kassa: 0, ekv: 0, transfer: 0, payment_account: 0, comment: Швабра, office: P11, manager_name: Голубева Мария 👩‍💼 P11
[2025-02-11 13:17:04] Операция: Обновление баланса клиента в таблице users
clientId: 48, dolg: -27436
[2025-02-11 15:58:30] Операция: Внесение данных в таблицу kassa
clientId: 1063, nal: 0, kassa: 0, ekv: -3000, transfer: 0, payment_account: 0, comment: Возврат 201410871, office: P2, manager_name: Анискина Ольга 👩‍💼 P2
[2025-02-11 15:58:30] Операция: Обновление баланса клиента в таблице users
clientId: 1063, dolg: 0
[2025-02-12 09:15:32] Операция: Внесение данных в таблицу kassa
clientId: 46, nal: -1200, kassa: 0, ekv: 0, transfer: 0, payment_account: 0, comment: Кибиткин Денис, office: P1, manager_name: Бунчина Ирина 👩‍💼 P1
[2025-02-12 09:15:32] Операция: Обновление баланса клиента в таблице users
clientId: 46, dolg: -728050
[2025-02-12 09:22:50] Операция: Внесение данных в таблицу kassa
clientId: 46, nal: -400, kassa: 0, ekv: 0, transfer: 0, payment_account: 0, comment: Доставка Исса, office: P5, manager_name: Фролова Ирина 👩‍💼 P5
[2025-02-12 09:22:50] Операция: Обновление баланса клиента в таблице users
clientId: 46, dolg: -728450
[2025-02-12 11:13:36] Операция: Внесение данных в таблицу kassa
clientId: 68, nal: -90000, kassa: 0, ekv: 0, transfer: 0, payment_account: 0, comment: Z6-P11, office: Z6, manager_name: Соловков Александр 👨‍💼 Z6
[2025-02-12 11:13:36] Операция: Обновление баланса клиента в таблице users
clientId: 68, dolg: -340000
[2025-02-12 11:51:49] Операция: Внесение данных в таблицу kassa
clientId: 497, nal: 0, kassa: 0, ekv: -2400, transfer: 0, payment_account: 0, comment: 201865094, office: P11, manager_name: Голубева Мария 👩‍💼 P11
[2025-02-12 11:51:49] Операция: Обновление баланса клиента в таблице users
clientId: 497, dolg: 0
[2025-02-12 15:03:25] Операция: Внесение данных в таблицу kassa
clientId: 48, nal: -350, kassa: 0, ekv: 0, transfer: 0, payment_account: 0, comment: Бумага туал.,бумажные полотенца, office: P11, manager_name: Голубева Мария 👩‍💼 P11
[2025-02-12 15:03:25] Операция: Обновление баланса клиента в таблице users
clientId: 48, dolg: -27786
[2025-02-12 15:25:53] Операция: Внесение данных в таблицу kassa
clientId: 46, nal: -4000, kassa: 0, ekv: 0, transfer: 0, payment_account: 0, comment: Емелин Антон, office: P1, manager_name: Бунчина Ирина 👩‍💼 P1
[2025-02-12 15:25:53] Операция: Обновление баланса клиента в таблице users
clientId: 46, dolg: -732450
[2025-02-12 17:45:13] Операция: Внесение данных в таблицу kassa
clientId: 46, nal: -1200, kassa: 0, ekv: 0, transfer: 0, payment_account: 0, comment: Кибиткин Денис, office: P1, manager_name: Бунчина Ирина 👩‍💼 P1
[2025-02-12 17:45:13] Операция: Обновление баланса клиента в таблице users
clientId: 46, dolg: -733650
[2025-02-13 09:20:54] Операция: Внесение данных в таблицу kassa
clientId: 686, nal: -1000, kassa: 0, ekv: 0, transfer: 0, payment_account: 0, comment: Уборка, office: S8, manager_name: Гирчева Ольга 👩‍💼 S8
[2025-02-13 09:20:54] Операция: Обновление баланса клиента в таблице users
clientId: 686, dolg: -30000
[2025-02-13 10:45:07] Операция: Внесение данных в таблицу kassa
clientId: 46, nal: -4000, kassa: 0, ekv: 0, transfer: 0, payment_account: 0, comment: Емелин Антон, office: P1, manager_name: Бунчина Ирина 👩‍💼 P1
[2025-02-13 10:45:07] Операция: Обновление баланса клиента в таблице users
clientId: 46, dolg: -737650
[2025-02-13 10:57:18] Операция: Внесение данных в таблицу kassa
clientId: 1089, nal: 0, kassa: 0, ekv: -2284, transfer: 0, payment_account: 0, comment: 201322853 Возврат, office: P2, manager_name: Анискина Ольга 👩‍💼 P2
[2025-02-13 10:57:18] Операция: Обновление баланса клиента в таблице users
clientId: 1089, dolg: 0
[2025-02-13 12:34:23] Операция: Внесение данных в таблицу kassa
clientId: 761, nal: -1760, kassa: 0, ekv: 0, transfer: 0, payment_account: 0, comment: Поставщик OS, office: S8, manager_name: Гирчева Ольга 👩‍💼 S8
[2025-02-13 12:34:23] Операция: Обновление баланса клиента в таблице users
clientId: 761, dolg: -15960
[2025-02-13 14:47:06] Операция: Внесение данных в таблицу kassa
clientId: 509, nal: 0, kassa: 0, ekv: -2460, transfer: 0, payment_account: 0, comment: 201707928, office: P1, manager_name: Бунчина Ирина 👩‍💼 P1
[2025-02-13 14:47:06] Операция: Обновление баланса клиента в таблице users
clientId: 509, dolg: 0
[2025-02-13 14:56:30] Операция: Внесение данных в таблицу kassa
clientId: 953, nal: -1760000, kassa: 0, ekv: 0, transfer: 0, payment_account: 0, comment: Наш друг (К) 👩, office: P5, manager_name: Фролова Ирина 👩‍💼 P5
[2025-02-13 14:56:30] Операция: Обновление баланса клиента в таблице users
clientId: 953, dolg: -16065500
[2025-02-14 09:00:05] Операция: Внесение данных в таблицу kassa
clientId: 48, nal: -300, kassa: 0, ekv: 0, transfer: 0, payment_account: 0, comment: Санков Андрей чай,кофе,сахар, office: P1, manager_name: Максимкина Татьяна 👩‍💼 P1
[2025-02-14 09:00:05] Операция: Обновление баланса клиента в таблице users
clientId: 48, dolg: -28086
[2025-02-14 09:06:46] Операция: Внесение данных в таблицу kassa
clientId: 46, nal: -1200, kassa: 0, ekv: 0, transfer: 0, payment_account: 0, comment: Кибиткин Денис, office: P1, manager_name: Максимкина Татьяна 👩‍💼 P1
[2025-02-14 09:06:46] Операция: Обновление баланса клиента в таблице users
clientId: 46, dolg: -738850
[2025-02-14 09:09:53] Операция: Внесение данных в таблицу kassa
clientId: 46, nal: -8400, kassa: 0, ekv: 0, transfer: 0, payment_account: 0, comment: Саранск, office: P5, manager_name: Малков Кирилл 👨‍💼 P5
[2025-02-14 09:09:53] Операция: Обновление баланса клиента в таблице users
clientId: 46, dolg: -747250
[2025-02-14 09:10:06] Операция: Внесение данных в таблицу kassa
clientId: 46, nal: -400, kassa: 0, ekv: 0, transfer: 0, payment_account: 0, comment: Исса, office: P5, manager_name: Малков Кирилл 👨‍💼 P5
[2025-02-14 09:10:06] Операция: Обновление баланса клиента в таблице users
clientId: 46, dolg: -747650
[2025-02-14 09:40:04] Операция: Внесение данных в таблицу kassa
clientId: 68, nal: -160000, kassa: 0, ekv: 0, transfer: 0, payment_account: 0, comment: К12-Р5, office: K12, manager_name: Гришина Надежда 👩‍💼 K12
[2025-02-14 09:40:04] Операция: Обновление баланса клиента в таблице users
clientId: 68, dolg: -210000
[2025-02-14 09:56:31] Операция: Внесение данных в таблицу kassa
clientId: 68, nal: -381000, kassa: 0, ekv: 0, transfer: 0, payment_account: 0, comment: S4-P5, office: S4, manager_name: Сонина Наталья 👩‍💼 S4
[2025-02-14 09:56:31] Операция: Обновление баланса клиента в таблице users
clientId: 68, dolg: -591000
[2025-02-14 09:56:59] Операция: Внесение данных в таблицу kassa
clientId: 68, nal: 0, kassa: -20000, ekv: 0, transfer: 0, payment_account: 0, comment: S4-P5, office: S4, manager_name: Сонина Наталья 👩‍💼 S4
[2025-02-14 09:56:59] Операция: Обновление баланса клиента в таблице users
clientId: 68, dolg: -611000
[2025-02-14 09:57:26] Операция: Внесение данных в таблицу kassa
clientId: 46, nal: -300, kassa: 0, ekv: 0, transfer: 0, payment_account: 0, comment: Инкассация, office: S4, manager_name: Сонина Наталья 👩‍💼 S4
[2025-02-14 09:57:26] Операция: Обновление баланса клиента в таблице users
clientId: 46, dolg: -747950
[2025-02-14 10:45:05] Операция: Внесение данных в таблицу kassa
clientId: 68, nal: -50000, kassa: 0, ekv: 0, transfer: 0, payment_account: 0, comment: Z6-P11, office: Z6, manager_name: Соловков Александр 👨‍💼 Z6
[2025-02-14 10:45:05] Операция: Обновление баланса клиента в таблице users
clientId: 68, dolg: -661000
[2025-02-14 11:15:46] Операция: Внесение данных в таблицу kassa
clientId: 859, nal: -79700, kassa: 0, ekv: 0, transfer: 0, payment_account: 0, comment: За январь 2025 г., office: P5, manager_name: Фролова Ирина 👩‍💼 P5
[2025-02-14 11:15:46] Операция: Обновление баланса клиента в таблице users
clientId: 859, dolg: -97100
[2025-02-14 11:26:23] Операция: Внесение данных в таблицу kassa
clientId: 46, nal: -12000, kassa: 0, ekv: 0, transfer: 0, payment_account: 0, comment: Трачук Александр, office: P11, manager_name: Голубева Мария 👩‍💼 P11
[2025-02-14 11:26:23] Операция: Обновление баланса клиента в таблице users
clientId: 46, dolg: -759950
[2025-02-14 11:48:58] Операция: Внесение данных в таблицу kassa
clientId: 282, nal: -2200, kassa: 0, ekv: 0, transfer: 0, payment_account: 0, comment: Возврат 202000654, office: P5, manager_name: Фролова Ирина 👩‍💼 P5
[2025-02-14 11:48:58] Операция: Обновление баланса клиента в таблице users
clientId: 282, dolg: 0
[2025-02-14 12:48:47] Операция: Внесение данных в таблицу kassa
clientId: 46, nal: -4000, kassa: 0, ekv: 0, transfer: 0, payment_account: 0, comment: Емелин Антон, office: P1, manager_name: Максимкина Татьяна 👩‍💼 P1
[2025-02-14 12:48:47] Операция: Обновление баланса клиента в таблице users
clientId: 46, dolg: -763950
[2025-02-14 13:28:57] Операция: Внесение данных в таблицу kassa
clientId: 68, nal: -160000, kassa: 0, ekv: 0, transfer: 0, payment_account: 0, comment: P2-P1, office: P2, manager_name: Анискина Ольга 👩‍💼 P2
[2025-02-14 13:28:57] Операция: Обновление баланса клиента в таблице users
clientId: 68, dolg: -661000
[2025-02-14 13:59:26] Операция: Внесение данных в таблицу kassa
clientId: 1079, nal: 0, kassa: 0, ekv: -1900, transfer: 0, payment_account: 0, comment: возврат, office: P2, manager_name: Анискина Ольга 👩‍💼 P2
[2025-02-14 13:59:26] Операция: Обновление баланса клиента в таблице users
clientId: 1079, dolg: 0
[2025-02-14 14:06:55] Операция: Внесение данных в таблицу kassa
clientId: 68, nal: 0, kassa: -27983, ekv: 0, transfer: 0, payment_account: 0, comment: , office: P5, manager_name: Фролова Ирина 👩‍💼 P5
[2025-02-14 14:06:55] Операция: Обновление баланса клиента в таблице users
clientId: 68, dolg: -688983
[2025-02-14 14:21:22] Операция: Внесение данных в таблицу kassa
clientId: 68, nal: -423000, kassa: 0, ekv: 0, transfer: 0, payment_account: 0, comment: S8->P5, office: S8, manager_name: Гирчева Ольга 👩‍💼 S8
[2025-02-14 14:21:22] Операция: Обновление баланса клиента в таблице users
clientId: 68, dolg: -1084000
[2025-02-14 14:53:16] Операция: Внесение данных в таблицу kassa
clientId: 46, nal: -18000, kassa: 0, ekv: 0, transfer: 0, payment_account: 0, comment: Юркалов Дмитрий, office: P5, manager_name: Фролова Ирина 👩‍💼 P5
[2025-02-14 14:53:16] Операция: Обновление баланса клиента в таблице users
clientId: 46, dolg: -789450
[2025-02-15 12:15:17] Операция: Внесение данных в таблицу kassa
clientId: 363, nal: -21184, kassa: 0, ekv: 0, transfer: 0, payment_account: 0, comment: report_20250215_120931, office: K12, manager_name: Гришина Надежда 👩‍💼 K12
[2025-02-15 12:15:17] Операция: Обновление баланса клиента в таблице users
clientId: 363, dolg: -26563
[2025-02-15 13:45:10] Операция: Внесение данных в таблицу kassa
clientId: 46, nal: -2500, kassa: 0, ekv: 0, transfer: 0, payment_account: 0, comment: Разгрузка 5 дней, office: S4, manager_name: Сонина Наталья 👩‍💼 S4
[2025-02-15 13:45:10] Операция: Обновление баланса клиента в таблице users
clientId: 46, dolg: -807850
[2025-02-17 09:22:33] Операция: Внесение данных в таблицу kassa
clientId: 46, nal: -1200, kassa: 0, ekv: 0, transfer: 0, payment_account: 0, comment: Кибиткин Денис, office: P1, manager_name: Бунчина Ирина 👩‍💼 P1
[2025-02-17 09:22:33] Операция: Обновление баланса клиента в таблице users
clientId: 46, dolg: -809050
[2025-02-17 09:24:43] Операция: Внесение данных в таблицу kassa
clientId: 46, nal: -15000, kassa: 0, ekv: 0, transfer: 0, payment_account: 0, comment: Ежов Дмитрий, office: P1, manager_name: Бунчина Ирина 👩‍💼 P1
[2025-02-17 09:24:43] Операция: Обновление баланса клиента в таблице users
clientId: 46, dolg: -824050
[2025-02-17 09:24:44] Операция: Внесение данных в таблицу kassa
clientId: 46, nal: -15000, kassa: 0, ekv: 0, transfer: 0, payment_account: 0, comment: Ежов Дмитрий, office: P1, manager_name: Бунчина Ирина 👩‍💼 P1
[2025-02-17 09:24:44] Операция: Обновление баланса клиента в таблице users
clientId: 46, dolg: -839050
[2025-02-17 10:13:28] Операция: Внесение данных в таблицу kassa
clientId: 68, nal: -90000, kassa: 0, ekv: 0, transfer: 0, payment_account: 0, comment: Z6-P11, office: Z6, manager_name: Соловков Александр 👨‍💼 Z6
[2025-02-17 10:13:28] Операция: Обновление баланса клиента в таблице users
clientId: 68, dolg: -140000
[2025-02-17 10:14:21] Операция: Внесение данных в таблицу kassa
clientId: 68, nal: 0, kassa: -50000, ekv: 0, transfer: 0, payment_account: 0, comment: Z6-P11, office: Z6, manager_name: Соловков Александр 👨‍💼 Z6
[2025-02-17 10:14:21] Операция: Обновление баланса клиента в таблице users
clientId: 68, dolg: -190000
[2025-02-17 10:53:05] Операция: Внесение данных в таблицу kassa
clientId: 46, nal: -4000, kassa: 0, ekv: 0, transfer: 0, payment_account: 0, comment: Емелин, office: P1, manager_name: Бунчина Ирина 👩‍💼 P1
[2025-02-17 10:53:05] Операция: Обновление баланса клиента в таблице users
clientId: 46, dolg: -828050
[2025-02-17 11:49:45] Операция: Внесение данных в таблицу kassa
clientId: 607, nal: 0, kassa: 0, ekv: -1075, transfer: 0, payment_account: 0, comment: Возврат, office: P2, manager_name: Анискина Ольга 👩‍💼 P2
[2025-02-17 11:49:45] Операция: Обновление баланса клиента в таблице users
clientId: 607, dolg: 0
[2025-02-17 12:15:56] Операция: Внесение данных в таблицу kassa
clientId: 48, nal: -240, kassa: 0, ekv: 0, transfer: 0, payment_account: 0, comment: Санков Андрей т/бумага, office: P1, manager_name: Бунчина Ирина 👩‍💼 P1
[2025-02-17 12:15:56] Операция: Обновление баланса клиента в таблице users
clientId: 48, dolg: -28326
[2025-02-17 12:50:29] Операция: Внесение данных в таблицу kassa
clientId: 46, nal: -17500, kassa: 0, ekv: 0, transfer: 0, payment_account: 0, comment: Дасаев Ринат, office: P1, manager_name: Бунчина Ирина 👩‍💼 P1
[2025-02-17 12:50:29] Операция: Обновление баланса клиента в таблице users
clientId: 46, dolg: -845550
[2025-02-18 09:30:31] Операция: Внесение данных в таблицу kassa
clientId: 46, nal: -1200, kassa: 0, ekv: 0, transfer: 0, payment_account: 0, comment: Кибиткин Денис, office: P1, manager_name: Бунчина Ирина 👩‍💼 P1
[2025-02-18 09:30:31] Операция: Обновление баланса клиента в таблице users
clientId: 46, dolg: -846750
[2025-02-18 10:38:05] Операция: Внесение данных в таблицу kassa
clientId: 46, nal: -4000, kassa: 0, ekv: 0, transfer: 0, payment_account: 0, comment: Емелин Антон, office: P1, manager_name: Бунчина Ирина 👩‍💼 P1
[2025-02-18 10:38:05] Операция: Обновление баланса клиента в таблице users
clientId: 46, dolg: -850750
[2025-02-18 11:09:06] Операция: Внесение данных в таблицу kassa
clientId: 68, nal: -160000, kassa: 0, ekv: 0, transfer: 0, payment_account: 0, comment: К12-Р5, office: K12, manager_name: Гришина Надежда 👩‍💼 K12
[2025-02-18 11:09:06] Операция: Обновление баланса клиента в таблице users
clientId: 68, dolg: -350000
[2025-02-18 13:43:24] Операция: Внесение данных в таблицу kassa
clientId: 68, nal: -600, kassa: -600, ekv: 0, transfer: 0, payment_account: 0, comment: , office: P2, manager_name: Анискина Ольга 👩‍💼 P2
[2025-02-18 13:43:24] Операция: Обновление баланса клиента в таблице users
clientId: 68, dolg: -211200
[2025-02-19 09:04:38] Операция: Внесение данных в таблицу kassa
clientId: 46, nal: -1200, kassa: 0, ekv: 0, transfer: 0, payment_account: 0, comment: Кибиткин Денис, office: P1, manager_name: Максимкина Татьяна 👩‍💼 P1
[2025-02-19 09:04:38] Операция: Обновление баланса клиента в таблице users
clientId: 46, dolg: -851950
[2025-02-19 10:39:43] Операция: Внесение данных в таблицу kassa
clientId: 46, nal: -4000, kassa: 0, ekv: 0, transfer: 0, payment_account: 0, comment: Емелин Антон, office: P1, manager_name: Максимкина Татьяна 👩‍💼 P1
[2025-02-19 10:39:43] Операция: Обновление баланса клиента в таблице users
clientId: 46, dolg: -855950
[2025-02-19 10:55:15] Операция: Внесение данных в таблицу kassa
clientId: 252, nal: -5600, kassa: 0, ekv: 0, transfer: 0, payment_account: 0, comment: Возврат 203184453, office: P5, manager_name: Фролова Ирина 👩‍💼 P5
[2025-02-19 10:55:15] Операция: Обновление баланса клиента в таблице users
clientId: 252, dolg: 0
[2025-02-19 15:36:56] Операция: Внесение данных в таблицу kassa
clientId: 1261, nal: -33450, kassa: 0, ekv: 0, transfer: 0, payment_account: 0, comment: 201864174, office: P5, manager_name: Фролова Ирина 👩‍💼 P5
[2025-02-19 15:36:56] Операция: Обновление баланса клиента в таблице users
clientId: 1261, dolg: 0
[2025-02-19 18:15:11] Операция: Внесение данных в таблицу kassa
clientId: 591, nal: -4324, kassa: 0, ekv: 0, transfer: 0, payment_account: 0, comment: Рябушкин Алексей Р3(газ), office: P1, manager_name: Максимкина Татьяна 👩‍💼 P1
[2025-02-19 18:15:11] Операция: Обновление баланса клиента в таблице users
clientId: 591, dolg: -40872
[2025-02-19 18:48:40] Операция: Внесение данных в таблицу kassa
clientId: 809, nal: 0, kassa: 0, ekv: -4300, transfer: 0, payment_account: 0, comment: 203101400, office: P1, manager_name: Максимкина Татьяна 👩‍💼 P1
[2025-02-19 18:48:40] Операция: Обновление баланса клиента в таблице users
clientId: 809, dolg: 4893
[2025-02-20 09:10:20] Операция: Внесение данных в таблицу kassa
clientId: 46, nal: -1200, kassa: 0, ekv: 0, transfer: 0, payment_account: 0, comment: Кибиткин Денис, office: P1, manager_name: Максимкина Татьяна 👩‍💼 P1
[2025-02-20 09:10:20] Операция: Обновление баланса клиента в таблице users
clientId: 46, dolg: -857150
[2025-02-20 10:37:16] Операция: Внесение данных в таблицу kassa
clientId: 46, nal: -4000, kassa: 0, ekv: 0, transfer: 0, payment_account: 0, comment: Емелин Антон, office: P1, manager_name: Максимкина Татьяна 👩‍💼 P1
[2025-02-20 10:37:16] Операция: Обновление баланса клиента в таблице users
clientId: 46, dolg: -861150
[2025-02-20 13:49:40] Операция: Внесение данных в таблицу kassa
clientId: 752, nal: 0, kassa: 0, ekv: -1250, transfer: 0, payment_account: 0, comment: 200764449(Возврат), office: P1, manager_name: Максимкина Татьяна 👩‍💼 P1
[2025-02-20 13:49:40] Операция: Обновление баланса клиента в таблице users
clientId: 752, dolg: 0
[2025-02-20 14:06:27] Операция: Внесение данных в таблицу kassa
clientId: 591, nal: -6650, kassa: 0, ekv: 0, transfer: 0, payment_account: 0, comment: , office: P5, manager_name: Фролова Ирина 👩‍💼 P5
[2025-02-20 14:06:27] Операция: Обновление баланса клиента в таблице users
clientId: 591, dolg: -47522
[2025-02-20 14:12:52] Операция: Внесение данных в таблицу kassa
clientId: 1325, nal: 0, kassa: 0, ekv: -15000, transfer: 0, payment_account: 0, comment: 203136741, office: P1, manager_name: Максимкина Татьяна 👩‍💼 P1
[2025-02-20 14:12:52] Операция: Обновление баланса клиента в таблице users
clientId: 1325, dolg: 0
[2025-02-20 14:12:53] Операция: Внесение данных в таблицу kassa
clientId: 1325, nal: 0, kassa: 0, ekv: -15000, transfer: 0, payment_account: 0, comment: 203136741, office: P1, manager_name: Максимкина Татьяна 👩‍💼 P1
[2025-02-20 14:12:53] Операция: Обновление баланса клиента в таблице users
clientId: 1325, dolg: -15000
[2025-02-20 14:39:35] Операция: Внесение данных в таблицу kassa
clientId: 46, nal: -800, kassa: 0, ekv: 0, transfer: 0, payment_account: 0, comment: Разгрузка 2 дня, office: S4, manager_name: Сонина Наталья 👩‍💼 S4
[2025-02-20 14:39:35] Операция: Обновление баланса клиента в таблице users
clientId: 46, dolg: -861950
[2025-02-20 14:53:22] Операция: Внесение данных в таблицу kassa
clientId: 590, nal: -12000, kassa: 0, ekv: 0, transfer: 0, payment_account: 0, comment: Бессоновка(февраль), office: P11, manager_name: Голубева Мария 👩‍💼 P11
[2025-02-20 14:53:22] Операция: Обновление баланса клиента в таблице users
clientId: 590, dolg: -86000
[2025-02-20 15:47:01] Операция: Внесение данных в таблицу kassa
clientId: 953, nal: -1760000, kassa: 0, ekv: 0, transfer: 0, payment_account: 0, comment: Наш друг (К) 👩, office: P5, manager_name: Фролова Ирина 👩‍💼 P5
[2025-02-20 15:47:01] Операция: Обновление баланса клиента в таблице users
clientId: 953, dolg: -17825500
[2025-02-21 09:09:13] Операция: Внесение данных в таблицу kassa
clientId: 46, nal: -1200, kassa: 0, ekv: 0, transfer: 0, payment_account: 0, comment: Кибиткин Денис, office: P1, manager_name: Бунчина Ирина 👩‍💼 P1
[2025-02-21 09:09:13] Операция: Обновление баланса клиента в таблице users
clientId: 46, dolg: -863150
[2025-02-21 09:42:20] Операция: Внесение данных в таблицу kassa
clientId: 46, nal: -9000, kassa: 0, ekv: 0, transfer: 0, payment_account: 0, comment: Доставка Саранск, office: P5, manager_name: Фролова Ирина 👩‍💼 P5
[2025-02-21 09:42:20] Операция: Обновление баланса клиента в таблице users
clientId: 46, dolg: -872150
[2025-02-21 09:42:41] Операция: Внесение данных в таблицу kassa
clientId: 46, nal: -500, kassa: 0, ekv: 0, transfer: 0, payment_account: 0, comment: Доставка Исса, office: P5, manager_name: Фролова Ирина 👩‍💼 P5
[2025-02-21 09:42:41] Операция: Обновление баланса клиента в таблице users
clientId: 46, dolg: -872650
[2025-02-21 09:57:46] Операция: Внесение данных в таблицу kassa
clientId: 1306, nal: -8000, kassa: 0, ekv: 0, transfer: 0, payment_account: 0, comment: 201143722, office: P11, manager_name: Голубева Мария 👩‍💼 P11
[2025-02-21 09:57:46] Операция: Обновление баланса клиента в таблице users
clientId: 1306, dolg: 0
[2025-02-21 10:42:23] Операция: Внесение данных в таблицу kassa
clientId: 68, nal: -100000, kassa: 0, ekv: 0, transfer: 0, payment_account: 0, comment: Z6-P11, office: Z6, manager_name: Соловков Александр 👨‍💼 Z6
[2025-02-21 10:42:23] Операция: Обновление баланса клиента в таблице users
clientId: 68, dolg: -150000
[2025-02-21 11:03:46] Операция: Внесение данных в таблицу kassa
clientId: 46, nal: -12000, kassa: 0, ekv: 0, transfer: 0, payment_account: 0, comment: Трачук Александр, office: P11, manager_name: Голубева Мария 👩‍💼 P11
[2025-02-21 11:03:46] Операция: Обновление баланса клиента в таблице users
clientId: 46, dolg: -884650
[2025-02-21 11:28:06] Операция: Внесение данных в таблицу kassa
clientId: 68, nal: -638000, kassa: 0, ekv: 0, transfer: 0, payment_account: 0, comment: S4-P5, office: S4, manager_name: Сонина Наталья 👩‍💼 S4
[2025-02-21 11:28:06] Операция: Обновление баланса клиента в таблице users
clientId: 68, dolg: -788000
[2025-02-21 11:30:49] Операция: Внесение данных в таблицу kassa
clientId: 46, nal: -300, kassa: 0, ekv: 0, transfer: 0, payment_account: 0, comment: Инкассация, office: S4, manager_name: Сонина Наталья 👩‍💼 S4
[2025-02-21 11:30:49] Операция: Обновление баланса клиента в таблице users
clientId: 46, dolg: -884950
[2025-02-21 11:42:06] Операция: Внесение данных в таблицу kassa
clientId: 46, nal: -4000, kassa: 0, ekv: 0, transfer: 0, payment_account: 0, comment: Емелин Антон, office: P1, manager_name: Бунчина Ирина 👩‍💼 P1
[2025-02-21 11:42:06] Операция: Обновление баланса клиента в таблице users
clientId: 46, dolg: -888950
[2025-02-21 13:06:09] Операция: Внесение данных в таблицу kassa
clientId: 1288, nal: 0, kassa: 0, ekv: -1660, transfer: 0, payment_account: 0, comment: 203079427 Возврат, office: P2, manager_name: Анискина Ольга 👩‍💼 P2
[2025-02-21 13:06:09] Операция: Обновление баланса клиента в таблице users
clientId: 1288, dolg: 0
[2025-02-21 13:47:16] Операция: Внесение данных в таблицу kassa
clientId: 68, nal: -453000, kassa: 0, ekv: 0, transfer: 0, payment_account: 0, comment: S8->P5, office: S8, manager_name: Гирчева Ольга 👩‍💼 S8
[2025-02-21 13:47:16] Операция: Обновление баланса клиента в таблице users
clientId: 68, dolg: -1241000
[2025-02-21 14:35:45] Операция: Внесение данных в таблицу kassa
clientId: 591, nal: -9600, kassa: 0, ekv: 0, transfer: 0, payment_account: 0, comment: Резепов Рамиль 01/2025, office: P1, manager_name: Бунчина Ирина 👩‍💼 P1
[2025-02-21 14:35:45] Операция: Обновление баланса клиента в таблице users
clientId: 591, dolg: -57122
[2025-02-21 14:59:09] Операция: Внесение данных в таблицу kassa
clientId: 953, nal: -180000, kassa: 0, ekv: 0, transfer: 0, payment_account: 0, comment: Мирен (сотки), office: P5, manager_name: Фролова Ирина 👩‍💼 P5
[2025-02-21 14:59:09] Операция: Обновление баланса клиента в таблице users
clientId: 953, dolg: -18005500
[2025-02-21 15:22:22] Операция: Внесение данных в таблицу kassa
clientId: 46, nal: -7500, kassa: 0, ekv: 0, transfer: 0, payment_account: 0, comment: Ежов Дмитрий , Зарплата, office: P2, manager_name: Анискина Ольга 👩‍💼 P2
[2025-02-21 15:22:22] Операция: Обновление баланса клиента в таблице users
clientId: 46, dolg: -896450
[2025-02-21 15:37:04] Операция: Внесение данных в таблицу kassa
clientId: 46, nal: -18000, kassa: 0, ekv: 0, transfer: 0, payment_account: 0, comment: Юркалов Дмитрий, office: P5, manager_name: Фролова Ирина 👩‍💼 P5
[2025-02-21 15:37:04] Операция: Обновление баланса клиента в таблице users
clientId: 46, dolg: -914450
[2025-02-24 08:56:35] Операция: Внесение данных в таблицу kassa
clientId: 46, nal: -15000, kassa: 0, ekv: 0, transfer: 0, payment_account: 0, comment: Ежов Дмитрий, office: P1, manager_name: Максимкина Татьяна 👩‍💼 P1
[2025-02-24 08:56:35] Операция: Обновление баланса клиента в таблице users
clientId: 46, dolg: -945350
[2025-02-24 09:08:30] Операция: Внесение данных в таблицу kassa
clientId: 68, nal: -165000, kassa: 0, ekv: 0, transfer: 0, payment_account: 0, comment: P2-P1, office: P2, manager_name: Анискина Ольга 👩‍💼 P2
[2025-02-24 09:08:30] Операция: Обновление баланса клиента в таблице users
clientId: 68, dolg: -165000
[2025-02-24 09:20:10] Операция: Внесение данных в таблицу kassa
clientId: 46, nal: -1200, kassa: 0, ekv: 0, transfer: 0, payment_account: 0, comment: Кибиткин Денис, office: P1, manager_name: Максимкина Татьяна 👩‍💼 P1
[2025-02-24 09:20:10] Операция: Обновление баланса клиента в таблице users
clientId: 46, dolg: -946550
[2025-02-24 09:55:11] Операция: Внесение данных в таблицу kassa
clientId: 48, nal: -400, kassa: 0, ekv: 0, transfer: 0, payment_account: 0, comment: Влажные салфетки,ср-во д/мытья посуды,чистящее средство,порошок, office: P11, manager_name: Голубева Мария 👩‍💼 P11
[2025-02-24 09:55:11] Операция: Обновление баланса клиента в таблице users
clientId: 48, dolg: -28726
[2025-02-24 10:12:20] Операция: Внесение данных в таблицу kassa
clientId: 68, nal: -200000, kassa: 0, ekv: 0, transfer: 0, payment_account: 0, comment: Z6-P11, office: Z6, manager_name: Соловков Александр 👨‍💼 Z6
[2025-02-24 10:12:20] Операция: Обновление баланса клиента в таблице users
clientId: 68, dolg: -200000
[2025-02-24 10:15:22] Операция: Внесение данных в таблицу kassa
clientId: 46, nal: -4000, kassa: 0, ekv: 0, transfer: 0, payment_account: 0, comment: Емелин Антон, office: P1, manager_name: Максимкина Татьяна 👩‍💼 P1
[2025-02-24 10:15:22] Операция: Обновление баланса клиента в таблице users
clientId: 46, dolg: -950550
[2025-02-24 13:16:19] Операция: Внесение данных в таблицу kassa
clientId: 46, nal: -17500, kassa: 0, ekv: 0, transfer: 0, payment_account: 0, comment: Дасаев Ринат, office: P1, manager_name: Максимкина Татьяна 👩‍💼 P1
[2025-02-24 13:16:19] Операция: Обновление баланса клиента в таблице users
clientId: 46, dolg: -968050
[2025-02-24 13:33:21] Операция: Внесение данных в таблицу kassa
clientId: 373, nal: 0, kassa: 0, ekv: -11360, transfer: 0, payment_account: 0, comment: 203193827(Возврат), office: P1, manager_name: Максимкина Татьяна 👩‍💼 P1
[2025-02-24 13:33:21] Операция: Обновление баланса клиента в таблице users
clientId: 373, dolg: -11360
[2025-02-24 14:46:52] Операция: Внесение данных в таблицу kassa
clientId: 48, nal: -200, kassa: 0, ekv: 0, transfer: 0, payment_account: 0, comment: Доставка воды, office: S8, manager_name: Гирчева Ольга 👩‍💼 S8
[2025-02-24 14:46:52] Операция: Обновление баланса клиента в таблице users
clientId: 48, dolg: -28926
[2025-02-24 15:49:29] Операция: Внесение данных в таблицу kassa
clientId: 48, nal: -12000, kassa: 0, ekv: 0, transfer: 0, payment_account: 0, comment: Верещагин Андрей "Системник, office: P1, manager_name: Максимкина Татьяна 👩‍💼 P1
[2025-02-24 15:49:29] Операция: Обновление баланса клиента в таблице users
clientId: 48, dolg: -40926
[2025-02-24 17:35:10] Операция: Внесение данных в таблицу kassa
clientId: 48, nal: -450, kassa: 0, ekv: 0, transfer: 0, payment_account: 0, comment: Средства для уборки, стаканчики для куллера, office: S8, manager_name: Гирчева Ольга 👩‍💼 S8
[2025-02-24 17:35:10] Операция: Обновление баланса клиента в таблице users
clientId: 48, dolg: -41376
[2025-02-25 09:17:33] Операция: Внесение данных в таблицу kassa
clientId: 46, nal: -1200, kassa: 0, ekv: 0, transfer: 0, payment_account: 0, comment: Кибиткин Денис, office: P1, manager_name: Максимкина Татьяна 👩‍💼 P1
[2025-02-25 09:17:33] Операция: Обновление баланса клиента в таблице users
clientId: 46, dolg: -969250
[2025-02-25 09:55:19] Операция: Внесение данных в таблицу kassa
clientId: 301, nal: -4000, kassa: 0, ekv: 0, transfer: 0, payment_account: 0, comment: Емелин Антон, office: P1, manager_name: Максимкина Татьяна 👩‍💼 P1
[2025-02-25 09:55:19] Операция: Обновление баланса клиента в таблице users
clientId: 301, dolg: -7049
[2025-02-25 09:55:38] Операция: Внесение данных в таблицу kassa
clientId: 46, nal: -4000, kassa: 0, ekv: 0, transfer: 0, payment_account: 0, comment: Емелин Антон, office: P1, manager_name: Максимкина Татьяна 👩‍💼 P1
[2025-02-25 09:55:38] Операция: Обновление баланса клиента в таблице users
clientId: 46, dolg: -973250
[2025-02-25 13:16:46] Операция: Внесение данных в таблицу kassa
clientId: 365, nal: -600, kassa: 0, ekv: 0, transfer: 0, payment_account: 0, comment: 203647232(Возврат), office: P1, manager_name: Максимкина Татьяна 👩‍💼 P1
[2025-02-25 13:16:46] Операция: Обновление баланса клиента в таблице users
clientId: 365, dolg: -600
[2025-02-25 17:29:49] Операция: Внесение данных в таблицу kassa
clientId: 1347, nal: 0, kassa: 0, ekv: -2000, transfer: 0, payment_account: 0, comment: 203515033, office: P5, manager_name: Фролова Ирина 👩‍💼 P5
[2025-02-25 17:29:49] Операция: Обновление баланса клиента в таблице users
clientId: 1347, dolg: 0
[2025-02-26 09:08:16] Операция: Внесение данных в таблицу kassa
clientId: 48, nal: -329, kassa: 0, ekv: 0, transfer: 0, payment_account: 0, comment: Бунчина Ирина, кофе, office: P1, manager_name: Бунчина Ирина 👩‍💼 P1
[2025-02-26 09:08:16] Операция: Обновление баланса клиента в таблице users
clientId: 48, dolg: -41705
[2025-02-26 09:09:02] Операция: Внесение данных в таблицу kassa
clientId: 46, nal: -1200, kassa: 0, ekv: 0, transfer: 0, payment_account: 0, comment: Кибиткин Денис, office: P1, manager_name: Бунчина Ирина 👩‍💼 P1
[2025-02-26 09:09:02] Операция: Обновление баланса клиента в таблице users
clientId: 46, dolg: -974450
[2025-02-26 09:12:24] Операция: Внесение данных в таблицу kassa
clientId: 46, nal: -1200, kassa: 0, ekv: 0, transfer: 0, payment_account: 0, comment: Кибиткин Денис, office: P1, manager_name: Бунчина Ирина 👩‍💼 P1
[2025-02-26 09:12:24] Операция: Обновление баланса клиента в таблице users
clientId: 46, dolg: -974450
[2025-02-26 09:41:44] Операция: Внесение данных в таблицу kassa
clientId: 68, nal: -60000, kassa: 0, ekv: 0, transfer: 0, payment_account: 0, comment: Z6-p11, office: Z6, manager_name: Соловков Александр 👨‍💼 Z6
[2025-02-26 09:41:44] Операция: Обновление баланса клиента в таблице users
clientId: 68, dolg: -60000
[2025-02-26 10:32:04] Операция: Внесение данных в таблицу kassa
clientId: 46, nal: -4000, kassa: 0, ekv: 0, transfer: 0, payment_account: 0, comment: Емелин Антон, office: P1, manager_name: Бунчина Ирина 👩‍💼 P1
[2025-02-26 10:32:04] Операция: Обновление баланса клиента в таблице users
clientId: 46, dolg: -978450
[2025-02-26 10:47:14] Операция: Внесение данных в таблицу kassa
clientId: 68, nal: 0, kassa: -12000, ekv: 0, transfer: 0, payment_account: 0, comment: Выдача ДС подотчетнику, office: P11, manager_name: Голубева Мария 👩‍💼 P11
[2025-02-26 10:47:14] Операция: Обновление баланса клиента в таблице users
clientId: 68, dolg: -72000
[2025-02-26 12:14:17] Операция: Внесение данных в таблицу kassa
clientId: 48, nal: -460, kassa: 0, ekv: 0, transfer: 0, payment_account: 0, comment: Доставка воды 2шт, office: S4, manager_name: Сонина Наталья 👩‍💼 S4
[2025-02-26 12:14:17] Операция: Обновление баланса клиента в таблице users
clientId: 48, dolg: -42166
[2025-02-26 16:04:09] Операция: Внесение данных в таблицу kassa
clientId: 46, nal: -27900, kassa: 0, ekv: 0, transfer: 0, payment_account: 0, comment: Возвраты Emex февраль 2025, office: P5, manager_name: Фролова Ирина 👩‍💼 P5
[2025-02-26 16:04:09] Операция: Обновление баланса клиента в таблице users
clientId: 46, dolg: -1006350
[2025-02-26 17:09:53] Операция: Внесение данных в таблицу kassa
clientId: 1366, nal: -1030, kassa: 0, ekv: 0, transfer: 0, payment_account: 0, comment: 20369492, office: P5, manager_name: Фролова Ирина 👩‍💼 P5
[2025-02-26 17:09:53] Операция: Обновление баланса клиента в таблице users
clientId: 1366, dolg: 22960
[2025-02-27 09:10:04] Операция: Внесение данных в таблицу kassa
clientId: 46, nal: -1200, kassa: 0, ekv: 0, transfer: 0, payment_account: 0, comment: Кибиткин Денис, office: P1, manager_name: Бунчина Ирина 👩‍💼 P1
[2025-02-27 09:10:04] Операция: Обновление баланса клиента в таблице users
clientId: 46, dolg: -1007550
[2025-02-27 09:22:50] Операция: Внесение данных в таблицу kassa
clientId: 686, nal: -1000, kassa: 0, ekv: 0, transfer: 0, payment_account: 0, comment: Уборка, office: S8, manager_name: Гирчева Ольга 👩‍💼 S8
[2025-02-27 09:22:50] Операция: Обновление баланса клиента в таблице users
clientId: 686, dolg: -31000
[2025-02-27 10:16:21] Операция: Внесение данных в таблицу kassa
clientId: 46, nal: -4000, kassa: 0, ekv: 0, transfer: 0, payment_account: 0, comment: Емелин Антон, office: P1, manager_name: Бунчина Ирина 👩‍💼 P1
[2025-02-27 10:16:21] Операция: Обновление баланса клиента в таблице users
clientId: 46, dolg: -1011550
[2025-02-27 10:37:22] Операция: Внесение данных в таблицу kassa
clientId: 246, nal: -2500, kassa: 0, ekv: 0, transfer: 0, payment_account: 0, comment: 202662347, office: P5, manager_name: Фролова Ирина 👩‍💼 P5
[2025-02-27 10:37:22] Операция: Обновление баланса клиента в таблице users
clientId: 246, dolg: -2508
[2025-02-27 11:54:01] Операция: Внесение данных в таблицу kassa
clientId: 68, nal: -470000, kassa: 0, ekv: 0, transfer: 0, payment_account: 0, comment: P11->P5, office: P11, manager_name: Голубева Мария 👩‍💼 P11
[2025-02-27 11:54:01] Операция: Обновление баланса клиента в таблице users
clientId: 68, dolg: -530000
[2025-02-27 13:10:52] Операция: Внесение данных в таблицу kassa
clientId: 761, nal: -2420, kassa: 0, ekv: 0, transfer: 0, payment_account: 0, comment: Поставщик OS, office: S8, manager_name: Гирчева Ольга 👩‍💼 S8
[2025-02-27 13:10:52] Операция: Обновление баланса клиента в таблице users
clientId: 761, dolg: -18380
[2025-02-27 14:58:39] Операция: Внесение данных в таблицу kassa
clientId: 48, nal: -60, kassa: 0, ekv: 0, transfer: 0, payment_account: 0, comment: Алпатова Оксана, перчатки, office: P1, manager_name: Бунчина Ирина 👩‍💼 P1
[2025-02-27 14:58:39] Операция: Обновление баланса клиента в таблице users
clientId: 48, dolg: -60
[2025-02-27 16:06:38] Операция: Внесение данных в таблицу kassa
clientId: 953, nal: -1760000, kassa: 0, ekv: 0, transfer: 0, payment_account: 0, comment: Наш друг (К) 👩, office: P5, manager_name: Фролова Ирина 👩‍💼 P5
[2025-02-27 16:06:38] Операция: Обновление баланса клиента в таблице users
clientId: 953, dolg: -19765500
[2025-02-28 09:11:09] Операция: Внесение данных в таблицу kassa
clientId: 46, nal: -1200, kassa: 0, ekv: 0, transfer: 0, payment_account: 0, comment: Кибиткин Денис, office: P1, manager_name: Максимкина Татьяна 👩‍💼 P1
[2025-02-28 09:11:09] Операция: Обновление баланса клиента в таблице users
clientId: 46, dolg: -1012750
[2025-02-28 09:16:08] Операция: Внесение данных в таблицу kassa
clientId: 68, nal: -483000, kassa: 0, ekv: 0, transfer: 0, payment_account: 0, comment: S4-P5, office: S4, manager_name: Занчев Олег 👨‍💼 S4
[2025-02-28 09:16:08] Операция: Обновление баланса клиента в таблице users
clientId: 68, dolg: -483000
[2025-02-28 09:16:52] Операция: Внесение данных в таблицу kassa
clientId: 46, nal: -300, kassa: 0, ekv: 0, transfer: 0, payment_account: 0, comment: Инкассация, office: S4, manager_name: Занчев Олег 👨‍💼 S4
[2025-02-28 09:16:52] Операция: Обновление баланса клиента в таблице users
clientId: 46, dolg: -1013050
[2025-02-28 10:07:39] Операция: Внесение данных в таблицу kassa
clientId: 68, nal: -90000, kassa: 0, ekv: 0, transfer: 0, payment_account: 0, comment: Z6-P11, office: Z6, manager_name: Соловков Александр 👨‍💼 Z6
[2025-02-28 10:07:39] Операция: Обновление баланса клиента в таблице users
clientId: 68, dolg: -573000
[2025-02-28 10:26:04] Операция: Внесение данных в таблицу kassa
clientId: 46, nal: -4000, kassa: 0, ekv: 0, transfer: 0, payment_account: 0, comment: Емелин Антон, office: P1, manager_name: Максимкина Татьяна 👩‍💼 P1
[2025-02-28 10:26:04] Операция: Обновление баланса клиента в таблице users
clientId: 46, dolg: -1017050
[2025-02-28 11:00:39] Операция: Внесение данных в таблицу kassa
clientId: 46, nal: -8200, kassa: 0, ekv: 0, transfer: 0, payment_account: 0, comment: Саранск, office: P5, manager_name: Фролова Ирина 👩‍💼 P5
[2025-02-28 11:00:39] Операция: Обновление баланса клиента в таблице users
clientId: 46, dolg: -1025250
[2025-02-28 11:05:37] Операция: Внесение данных в таблицу kassa
clientId: 46, nal: -12000, kassa: 0, ekv: 0, transfer: 0, payment_account: 0, comment: Трачук Александр, office: P11, manager_name: Голубева Мария 👩‍💼 P11
[2025-02-28 11:05:37] Операция: Обновление баланса клиента в таблице users
clientId: 46, dolg: -1037250
[2025-02-28 12:04:17] Операция: Внесение данных в таблицу kassa
clientId: 68, nal: 0, kassa: -30885, ekv: 0, transfer: 0, payment_account: 0, comment: Выплата по ведомости, office: P11, manager_name: Голубева Мария 👩‍💼 P11
[2025-02-28 12:04:17] Операция: Обновление баланса клиента в таблице users
clientId: 68, dolg: -603885
[2025-02-28 12:08:19] Операция: Внесение данных в таблицу kassa
clientId: 68, nal: -368000, kassa: 0, ekv: 0, transfer: 0, payment_account: 0, comment: S8->P5, office: S8, manager_name: Гирчева Ольга 👩‍💼 S8
[2025-02-28 12:08:19] Операция: Обновление баланса клиента в таблице users
clientId: 68, dolg: -941000
[2025-02-28 12:08:43] Операция: Внесение данных в таблицу kassa
clientId: 68, nal: 0, kassa: -23000, ekv: 0, transfer: 0, payment_account: 0, comment: S8->P5, office: S8, manager_name: Гирчева Ольга 👩‍💼 S8
[2025-02-28 12:08:43] Операция: Обновление баланса клиента в таблице users
clientId: 68, dolg: -964000
[2025-02-28 13:19:14] Операция: Внесение данных в таблицу kassa
clientId: 686, nal: -10000, kassa: 0, ekv: 0, transfer: 0, payment_account: 0, comment: , office: P1, manager_name: Максимкина Татьяна 👩‍💼 P1
[2025-02-28 13:19:14] Операция: Обновление баланса клиента в таблице users
clientId: 686, dolg: -41000
[2025-02-28 13:53:35] Операция: Внесение данных в таблицу kassa
clientId: 48, nal: -50, kassa: 0, ekv: 0, transfer: 0, payment_account: 0, comment: Распечатка объявления, office: P2, manager_name: Анискина Ольга 👩‍💼 P2
[2025-02-28 13:53:35] Операция: Обновление баланса клиента в таблице users
clientId: 48, dolg: -110
[2025-02-28 14:16:26] Операция: Внесение данных в таблицу kassa
clientId: 48, nal: -139, kassa: 0, ekv: 0, transfer: 0, payment_account: 0, comment: Сахар.
Шестаков Дмитрий., office: P1, manager_name: Максимкина Татьяна 👩‍💼 P1
[2025-02-28 14:16:26] Операция: Обновление баланса клиента в таблице users
clientId: 48, dolg: -249
[2025-02-28 14:44:59] Операция: Внесение данных в таблицу kassa
clientId: 46, nal: -18000, kassa: 0, ekv: 0, transfer: 0, payment_account: 0, comment: Юркалов Дмитрий, office: P5, manager_name: Фролова Ирина 👩‍💼 P5
[2025-02-28 14:44:59] Операция: Обновление баланса клиента в таблице users
clientId: 46, dolg: -1055250
[2025-02-28 16:09:52] Операция: Внесение данных в таблицу kassa
clientId: 68, nal: -200000, kassa: 0, ekv: 0, transfer: 0, payment_account: 0, comment: К12-Р5, office: K12, manager_name: Гришина Надежда 👩‍💼 K12
[2025-02-28 16:09:52] Операция: Обновление баланса клиента в таблице users
clientId: 68, dolg: -1164000
[2025-02-28 16:44:55] Операция: Внесение данных в таблицу kassa
clientId: 686, nal: -7000, kassa: 0, ekv: 0, transfer: 0, payment_account: 0, comment: Валентина Петровна (P5), office: P5, manager_name: Фролова Ирина 👩‍💼 P5
[2025-02-28 16:44:55] Операция: Обновление баланса клиента в таблице users
clientId: 686, dolg: -48000
[2025-03-01 11:08:41] Операция: Внесение данных в таблицу kassa
clientId: 686, nal: -2500, kassa: 0, ekv: 0, transfer: 0, payment_account: 0, comment: , office: K12, manager_name: Гришина Надежда 👩‍💼 K12
[2025-03-01 11:08:41] Операция: Обновление баланса клиента в таблице users
clientId: 686, dolg: -50500
[2025-03-01 11:10:21] Операция: Внесение данных в таблицу kassa
clientId: 635, nal: 0, kassa: 0, ekv: -911.17, transfer: 0, payment_account: 0, comment: 3677857 (Возврат), office: P1, manager_name: Максимкина Татьяна 👩‍💼 P1
[2025-03-01 11:10:21] Операция: Обновление баланса клиента в таблице users
clientId: 635, dolg: 376520
[2025-03-01 11:23:26] Операция: Внесение данных в таблицу kassa
clientId: 953, nal: -510300, kassa: 0, ekv: 0, transfer: 0, payment_account: 0, comment: Наш друг (Смирнов Политрак), office: P5, manager_name: Фролова Ирина 👩‍💼 P5
[2025-03-01 11:23:26] Операция: Обновление баланса клиента в таблице users
clientId: 953, dolg: -20275800
[2025-03-01 14:05:48] Операция: Внесение данных в таблицу kassa
clientId: 68, nal: -90000, kassa: 0, ekv: 0, transfer: 0, payment_account: 0, comment: P2-P1, office: P2, manager_name: Анискина Ольга 👩‍💼 P2
[2025-03-01 14:05:48] Операция: Обновление баланса клиента в таблице users
clientId: 68, dolg: -90000
[2025-03-01 14:56:12] Операция: Внесение данных в таблицу kassa
clientId: 635, nal: 0, kassa: 0, ekv: -8736, transfer: 0, payment_account: 0, comment: 412819(Возврат), office: P1, manager_name: Максимкина Татьяна 👩‍💼 P1
[2025-03-01 14:56:12] Операция: Обновление баланса клиента в таблице users
clientId: 635, dolg: 376520
[2025-03-03 09:02:41] Операция: Внесение данных в таблицу kassa
clientId: 46, nal: -15000, kassa: 0, ekv: 0, transfer: 0, payment_account: 0, comment: Ежов Дмитрий, office: P1, manager_name: Бунчина Ирина 👩‍💼 P1
[2025-03-03 09:02:41] Операция: Обновление баланса клиента в таблице users
clientId: 46, dolg: -1091250
[2025-03-03 09:08:26] Операция: Внесение данных в таблицу kassa
clientId: 48, nal: -120, kassa: 0, ekv: 0, transfer: 0, payment_account: 0, comment: Санков Андрей, чай, office: P1, manager_name: Бунчина Ирина 👩‍💼 P1
[2025-03-03 09:08:26] Операция: Обновление баланса клиента в таблице users
clientId: 48, dolg: -380
[2025-03-03 09:12:13] Операция: Внесение данных в таблицу kassa
clientId: 46, nal: -1200, kassa: 0, ekv: 0, transfer: 0, payment_account: 0, comment: Кибиткин Денис, office: P1, manager_name: Бунчина Ирина 👩‍💼 P1
[2025-03-03 09:12:13] Операция: Обновление баланса клиента в таблице users
clientId: 46, dolg: -1092450
[2025-03-03 09:49:04] Операция: Внесение данных в таблицу kassa
clientId: 46, nal: -4000, kassa: 0, ekv: 0, transfer: 0, payment_account: 0, comment: Емелин Антон, office: P1, manager_name: Бунчина Ирина 👩‍💼 P1
[2025-03-03 09:49:04] Операция: Обновление баланса клиента в таблице users
clientId: 46, dolg: -1096450
[2025-03-03 10:55:34] Операция: Внесение данных в таблицу kassa
clientId: 590, nal: -25000, kassa: 0, ekv: 0, transfer: 0, payment_account: 0, comment: Март, office: K12, manager_name: Гришина Надежда 👩‍💼 K12
[2025-03-03 10:55:34] Операция: Обновление баланса клиента в таблице users
clientId: 590, dolg: -111000
[2025-03-03 11:33:11] Операция: Внесение данных в таблицу kassa
clientId: 592, nal: 0, kassa: 0, ekv: -11900, transfer: 0, payment_account: 0, comment: 203826300, office: P1, manager_name: Бунчина Ирина 👩‍💼 P1
[2025-03-03 11:33:11] Операция: Обновление баланса клиента в таблице users
clientId: 592, dolg: 0
[2025-03-03 13:45:14] Операция: Внесение данных в таблицу kassa
clientId: 46, nal: -17500, kassa: 0, ekv: 0, transfer: 0, payment_account: 0, comment: Дасаев Ринат, office: P1, manager_name: Бунчина Ирина 👩‍💼 P1
[2025-03-03 13:45:14] Операция: Обновление баланса клиента в таблице users
clientId: 46, dolg: -1113950
[2025-03-03 17:10:15] Операция: Внесение данных в таблицу kassa
clientId: 782, nal: 0, kassa: 0, ekv: -750, transfer: 0, payment_account: 0, comment: Возврат 204207780, office: P2, manager_name: Анискина Ольга 👩‍💼 P2
[2025-03-03 17:10:15] Операция: Обновление баланса клиента в таблице users
clientId: 782, dolg: 0
[2025-03-04 09:14:04] Операция: Внесение данных в таблицу kassa
clientId: 46, nal: -1200, kassa: 0, ekv: 0, transfer: 0, payment_account: 0, comment: Кибиткин Денис, office: P1, manager_name: Максимкина Татьяна 👩‍💼 P1
[2025-03-04 09:14:04] Операция: Обновление баланса клиента в таблице users
clientId: 46, dolg: -1115150
[2025-03-04 09:27:28] Операция: Внесение данных в таблицу kassa
clientId: 591, nal: -900, kassa: 0, ekv: 0, transfer: 0, payment_account: 0, comment: Рябушкин Алексей(свет), office: P1, manager_name: Максимкина Татьяна 👩‍💼 P1
[2025-03-04 09:27:28] Операция: Обновление баланса клиента в таблице users
clientId: 591, dolg: -58022
[2025-03-04 09:48:34] Операция: Внесение данных в таблицу kassa
clientId: 46, nal: -4000, kassa: 0, ekv: 0, transfer: 0, payment_account: 0, comment: Емелин Антон, office: P1, manager_name: Максимкина Татьяна 👩‍💼 P1
[2025-03-04 09:48:34] Операция: Обновление баланса клиента в таблице users
clientId: 46, dolg: -1119150
[2025-03-04 09:51:57] Операция: Внесение данных в таблицу kassa
clientId: 46, nal: -6800, kassa: 0, ekv: 0, transfer: 0, payment_account: 0, comment: Никольск, office: P11, manager_name: Голубева Мария 👩‍💼 P11
[2025-03-04 09:51:57] Операция: Обновление баланса клиента в таблице users
clientId: 46, dolg: -1125950
[2025-03-04 11:13:45] Операция: Внесение данных в таблицу kassa
clientId: 48, nal: -250, kassa: 0, ekv: 0, transfer: 0, payment_account: 0, comment: Полотенца,салфетки, office: P11, manager_name: Голубева Мария 👩‍💼 P11
[2025-03-04 11:13:45] Операция: Обновление баланса клиента в таблице users
clientId: 48, dolg: -630
[2025-03-04 11:15:46] Операция: Внесение данных в таблицу kassa
clientId: 48, nal: -6500, kassa: 0, ekv: 0, transfer: 0, payment_account: 0, comment: Авито на Р7, office: P5, manager_name: Фролова Ирина 👩‍💼 P5
[2025-03-04 11:15:46] Операция: Обновление баланса клиента в таблице users
clientId: 48, dolg: -7130
[2025-03-04 13:48:38] Операция: Внесение данных в таблицу kassa
clientId: 1234, nal: 0, kassa: 0, ekv: -720, transfer: 0, payment_account: 0, comment: 203436934, office: S8, manager_name: Гирчева Ольга 👩‍💼 S8
[2025-03-04 13:48:38] Операция: Обновление баланса клиента в таблице users
clientId: 1234, dolg: -720
[2025-03-04 15:38:19] Операция: Внесение данных в таблицу kassa
clientId: 761, nal: -1900, kassa: 0, ekv: 0, transfer: 0, payment_account: 0, comment: Поставщик OS, office: S8, manager_name: Гирчева Ольга 👩‍💼 S8
[2025-03-04 15:38:19] Операция: Обновление баланса клиента в таблице users
clientId: 761, dolg: -20280
[2025-03-04 18:16:41] Операция: Внесение данных в таблицу kassa
clientId: 591, nal: -5900, kassa: 0, ekv: 0, transfer: 0, payment_account: 0, comment: Рябушкин Алексей Газ+ Свет, office: P1, manager_name: Максимкина Татьяна 👩‍💼 P1
[2025-03-04 18:16:41] Операция: Обновление баланса клиента в таблице users
clientId: 591, dolg: -63922
[2025-03-05 11:23:02] Операция: Внесение данных в таблицу kassa
clientId: 1065, nal: -4300, kassa: 0, ekv: 0, transfer: 0, payment_account: 0, comment: 204590711(Возврат), office: P1, manager_name: Максимкина Татьяна 👩‍💼 P1
[2025-03-05 11:23:02] Операция: Обновление баланса клиента в таблице users
clientId: 1065, dolg: -4300
[2025-03-05 11:34:19] Операция: Внесение данных в таблицу kassa
clientId: 46, nal: -4000, kassa: 0, ekv: 0, transfer: 0, payment_account: 0, comment: Емелин Антон, office: P1, manager_name: Максимкина Татьяна 👩‍💼 P1
[2025-03-05 11:34:19] Операция: Обновление баланса клиента в таблице users
clientId: 46, dolg: -1129950
[2025-03-05 11:38:25] Операция: Внесение данных в таблицу kassa
clientId: 686, nal: -2000, kassa: 0, ekv: 0, transfer: 0, payment_account: 0, comment: , office: S4, manager_name: Сонина Наталья 👩‍💼 S4
[2025-03-05 11:38:25] Операция: Обновление баланса клиента в таблице users
clientId: 686, dolg: -52500
[2025-03-05 12:44:40] Операция: Внесение данных в таблицу kassa
clientId: 761, nal: -1900, kassa: 0, ekv: 0, transfer: 0, payment_account: 0, comment: Поставщик OS, office: S8, manager_name: Гирчева Ольга 👩‍💼 S8
[2025-03-05 12:44:40] Операция: Обновление баланса клиента в таблице users
clientId: 761, dolg: -22180
[2025-03-05 12:48:38] Операция: Внесение данных в таблицу kassa
clientId: 1334, nal: 0, kassa: 0, ekv: -1273, transfer: 0, payment_account: 0, comment: Возврат, 203614712, office: P2, manager_name: Анискина Ольга 👩‍💼 P2
[2025-03-05 12:48:38] Операция: Обновление баланса клиента в таблице users
clientId: 1334, dolg: 0
[2025-03-05 15:29:52] Операция: Внесение данных в таблицу kassa
clientId: 46, nal: -11200, kassa: 0, ekv: 0, transfer: 0, payment_account: 0, comment: Доставка Кузнецк (Ершов за февраль), office: P5, manager_name: Фролова Ирина 👩‍💼 P5
[2025-03-05 15:29:52] Операция: Обновление баланса клиента в таблице users
clientId: 46, dolg: -1141150
[2025-03-06 09:12:22] Операция: Внесение данных в таблицу kassa
clientId: 46, nal: -1200, kassa: 0, ekv: 0, transfer: 0, payment_account: 0, comment: Кибиткин Денис, office: P1, manager_name: Максимкина Татьяна 👩‍💼 P1
[2025-03-06 09:12:22] Операция: Обновление баланса клиента в таблице users
clientId: 46, dolg: -1142350
[2025-03-06 10:06:50] Операция: Внесение данных в таблицу kassa
clientId: 46, nal: -4000, kassa: 0, ekv: 0, transfer: 0, payment_account: 0, comment: Емелин Антон, office: P1, manager_name: Максимкина Татьяна 👩‍💼 P1
[2025-03-06 10:06:50] Операция: Обновление баланса клиента в таблице users
clientId: 46, dolg: -1146350
[2025-03-06 11:12:34] Операция: Внесение данных в таблицу kassa
clientId: 68, nal: -340000, kassa: 0, ekv: 0, transfer: 0, payment_account: 0, comment: S4-P5, office: S4, manager_name: Сонина Наталья 👩‍💼 S4
[2025-03-06 11:12:34] Операция: Обновление баланса клиента в таблице users
clientId: 68, dolg: -340000
[2025-03-06 11:13:09] Операция: Внесение данных в таблицу kassa
clientId: 46, nal: -300, kassa: 0, ekv: 0, transfer: 0, payment_account: 0, comment: Инкассация, office: S4, manager_name: Сонина Наталья 👩‍💼 S4
[2025-03-06 11:13:09] Операция: Обновление баланса клиента в таблице users
clientId: 46, dolg: -1146650
[2025-03-06 11:45:35] Операция: Внесение данных в таблицу kassa
clientId: 379, nal: -4700, kassa: 0, ekv: 0, transfer: 0, payment_account: 0, comment: 203905428(Возврат), office: P1, manager_name: Максимкина Татьяна 👩‍💼 P1
[2025-03-06 11:45:35] Операция: Обновление баланса клиента в таблице users
clientId: 379, dolg: -4700
[2025-03-06 11:45:35] Операция: Внесение данных в таблицу kassa
clientId: 379, nal: -4700, kassa: 0, ekv: 0, transfer: 0, payment_account: 0, comment: 203905428(Возврат), office: P1, manager_name: Максимкина Татьяна 👩‍💼 P1
[2025-03-06 11:45:35] Операция: Обновление баланса клиента в таблице users
clientId: 379, dolg: -9400
[2025-03-06 11:45:35] Операция: Внесение данных в таблицу kassa
clientId: 379, nal: -4700, kassa: 0, ekv: 0, transfer: 0, payment_account: 0, comment: 203905428(Возврат), office: P1, manager_name: Максимкина Татьяна 👩‍💼 P1
[2025-03-06 11:45:35] Операция: Обновление баланса клиента в таблице users
clientId: 379, dolg: -14100
[2025-03-06 11:45:36] Операция: Внесение данных в таблицу kassa
clientId: 379, nal: -4700, kassa: 0, ekv: 0, transfer: 0, payment_account: 0, comment: 203905428(Возврат), office: P1, manager_name: Максимкина Татьяна 👩‍💼 P1
[2025-03-06 11:45:36] Операция: Обновление баланса клиента в таблице users
clientId: 379, dolg: -18800
[2025-03-06 12:19:41] Операция: Внесение данных в таблицу kassa
clientId: 48, nal: -300, kassa: 0, ekv: 0, transfer: 0, payment_account: 0, comment: Савушкин Алексей (для Спринтера), office: P5, manager_name: Фролова Ирина 👩‍💼 P5
[2025-03-06 12:19:41] Операция: Обновление баланса клиента в таблице users
clientId: 48, dolg: -7430
[2025-03-06 12:56:20] Операция: Внесение данных в таблицу kassa
clientId: 68, nal: -411000, kassa: 0, ekv: 0, transfer: 0, payment_account: 0, comment: S8->P5, office: S8, manager_name: Гирчева Ольга 👩‍💼 S8
[2025-03-06 12:56:20] Операция: Обновление баланса клиента в таблице users
clientId: 68, dolg: -751000
[2025-03-06 12:56:45] Операция: Внесение данных в таблицу kassa
clientId: 68, nal: 0, kassa: -21000, ekv: 0, transfer: 0, payment_account: 0, comment: S8->P5, office: S8, manager_name: Гирчева Ольга 👩‍💼 S8
[2025-03-06 12:56:45] Операция: Обновление баланса клиента в таблице users
clientId: 68, dolg: -772000
[2025-03-06 14:22:02] Операция: Внесение данных в таблицу kassa
clientId: 68, nal: -725000, kassa: 0, ekv: 0, transfer: 0, payment_account: 0, comment: P1-P5, office: P1, manager_name: Максимкина Татьяна 👩‍💼 P1
[2025-03-06 14:22:02] Операция: Обновление баланса клиента в таблице users
clientId: 68, dolg: -1497000
[2025-03-06 16:00:56] Операция: Внесение данных в таблицу kassa
clientId: 761, nal: -650, kassa: 0, ekv: 0, transfer: 0, payment_account: 0, comment: Поставщик OS, office: S8, manager_name: Гирчева Ольга 👩‍💼 S8
[2025-03-06 16:00:56] Операция: Обновление баланса клиента в таблице users
clientId: 761, dolg: -22830
[2025-03-06 17:09:59] Операция: Внесение данных в таблицу kassa
clientId: 953, nal: -1760000, kassa: 0, ekv: 0, transfer: 0, payment_account: 0, comment: Наш друг (К) 👩, office: P5, manager_name: Фролова Ирина 👩‍💼 P5
[2025-03-06 17:09:59] Операция: Обновление баланса клиента в таблице users
clientId: 953, dolg: -22035800
[2025-03-07 09:08:39] Операция: Внесение данных в таблицу kassa
clientId: 46, nal: -1200, kassa: 0, ekv: 0, transfer: 0, payment_account: 0, comment: Кибиткин Денис, office: P1, manager_name: Максимкина Татьяна 👩‍💼 P1
[2025-03-07 09:08:39] Операция: Обновление баланса клиента в таблице users
clientId: 46, dolg: -1147850
[2025-03-07 09:23:35] Операция: Внесение данных в таблицу kassa
clientId: 46, nal: -8700, kassa: 0, ekv: 0, transfer: 0, payment_account: 0, comment: Доставка Саранск, office: P5, manager_name: Фролова Ирина 👩‍💼 P5
[2025-03-07 09:23:35] Операция: Обновление баланса клиента в таблице users
clientId: 46, dolg: -1156550
[2025-03-07 09:26:31] Операция: Внесение данных в таблицу kassa
clientId: 68, nal: -200000, kassa: 0, ekv: 0, transfer: 0, payment_account: 0, comment: К12-Р5, office: K12, manager_name: Гришина Надежда 👩‍💼 K12
[2025-03-07 09:26:31] Операция: Обновление баланса клиента в таблице users
clientId: 68, dolg: -972000
[2025-03-07 10:05:00] Операция: Внесение данных в таблицу kassa
clientId: 68, nal: -300000, kassa: 0, ekv: 0, transfer: 0, payment_account: 0, comment: Z6-P11, office: Z6, manager_name: Соловков Александр 👨‍💼 Z6
[2025-03-07 10:05:00] Операция: Обновление баланса клиента в таблице users
clientId: 68, dolg: -500000
[2025-03-07 10:17:25] Операция: Внесение данных в таблицу kassa
clientId: 46, nal: -4000, kassa: 0, ekv: 0, transfer: 0, payment_account: 0, comment: Емелин Антон, office: P1, manager_name: Максимкина Татьяна 👩‍💼 P1
[2025-03-07 10:17:25] Операция: Обновление баланса клиента в таблице users
clientId: 46, dolg: -1160550
[2025-03-07 12:00:50] Операция: Внесение данных в таблицу kassa
clientId: 46, nal: -12000, kassa: 0, ekv: 0, transfer: 0, payment_account: 0, comment: Трачук Александр, office: P11, manager_name: Голубева Мария 👩‍💼 P11
[2025-03-07 12:00:50] Операция: Обновление баланса клиента в таблице users
clientId: 46, dolg: -1172550
[2025-03-07 12:01:47] Операция: Внесение данных в таблицу kassa
clientId: 48, nal: -130, kassa: 0, ekv: 0, transfer: 0, payment_account: 0, comment: Бумага, office: P11, manager_name: Голубева Мария 👩‍💼 P11
[2025-03-07 12:01:47] Операция: Обновление баланса клиента в таблице users
clientId: 48, dolg: -7560
[2025-03-07 13:43:38] Операция: Внесение данных в таблицу kassa
clientId: 46, nal: -1500, kassa: 0, ekv: 0, transfer: 0, payment_account: 0, comment: Водитель Сергей, office: S8, manager_name: Гирчева Ольга 👩‍💼 S8
[2025-03-07 13:43:38] Операция: Обновление баланса клиента в таблице users
clientId: 46, dolg: -1174050
[2025-03-07 13:43:59] Операция: Внесение данных в таблицу kassa
clientId: 46, nal: -12000, kassa: 0, ekv: 0, transfer: 0, payment_account: 0, comment: Доставка OS, office: S8, manager_name: Гирчева Ольга 👩‍💼 S8
[2025-03-07 13:43:59] Операция: Обновление баланса клиента в таблице users
clientId: 46, dolg: -1186050
[2025-03-07 15:23:00] Операция: Внесение данных в таблицу kassa
clientId: 46, nal: -15000, kassa: 0, ekv: 0, transfer: 0, payment_account: 0, comment: Юркалов Дмитрий (Арбеково), office: P5, manager_name: Фролова Ирина 👩‍💼 P5
[2025-03-07 15:23:00] Операция: Обновление баланса клиента в таблице users
clientId: 46, dolg: -1201050
[2025-03-07 15:42:26] Операция: Внесение данных в таблицу kassa
clientId: 46, nal: -7500, kassa: 0, ekv: 0, transfer: 0, payment_account: 0, comment: Ежов Дмитрий. Зарплата, office: P2, manager_name: Анискина Ольга 👩‍💼 P2
[2025-03-07 15:42:26] Операция: Обновление баланса клиента в таблице users
clientId: 46, dolg: -1208550
[2025-03-10 09:06:27] Операция: Внесение данных в таблицу kassa
clientId: 46, nal: -1200, kassa: 0, ekv: 0, transfer: 0, payment_account: 0, comment: Кибиткин Денис, office: P1, manager_name: Максимкина Татьяна 👩‍💼 P1
[2025-03-10 09:06:27] Операция: Обновление баланса клиента в таблице users
clientId: 46, dolg: -1209750
[2025-03-10 09:22:10] Операция: Внесение данных в таблицу kassa
clientId: 953, nal: -483300, kassa: 0, ekv: 0, transfer: 0, payment_account: 0, comment: Наш друг (С) 👨, office: P1, manager_name: Максимкина Татьяна 👩‍💼 P1
[2025-03-10 09:22:10] Операция: Обновление баланса клиента в таблице users
clientId: 953, dolg: -22519100
[2025-03-10 10:03:24] Операция: Внесение данных в таблицу kassa
clientId: 46, nal: -4000, kassa: 0, ekv: 0, transfer: 0, payment_account: 0, comment: Емелин Антон, office: P1, manager_name: Максимкина Татьяна 👩‍💼 P1
[2025-03-10 10:03:24] Операция: Обновление баланса клиента в таблице users
clientId: 46, dolg: -1213750
[2025-03-10 12:02:37] Операция: Внесение данных в таблицу kassa
clientId: 68, nal: -50000, kassa: 0, ekv: 0, transfer: 0, payment_account: 0, comment: P2-P1, office: P2, manager_name: Анискина Ольга 👩‍💼 P2
[2025-03-10 12:02:37] Операция: Обновление баланса клиента в таблице users
clientId: 68, dolg: -50000
[2025-03-10 12:44:45] Операция: Внесение данных в таблицу kassa
clientId: 46, nal: -15000, kassa: 0, ekv: 0, transfer: 0, payment_account: 0, comment: Ежов Дмитрий, office: P1, manager_name: Максимкина Татьяна 👩‍💼 P1
[2025-03-10 12:44:45] Операция: Обновление баланса клиента в таблице users
clientId: 46, dolg: -1228750
[2025-03-10 13:44:38] Операция: Внесение данных в таблицу kassa
clientId: 46, nal: -17500, kassa: 0, ekv: 0, transfer: 0, payment_account: 0, comment: Дасаев Ринат, office: P1, manager_name: Максимкина Татьяна 👩‍💼 P1
[2025-03-10 13:44:38] Операция: Обновление баланса клиента в таблице users
clientId: 46, dolg: -1246250
[2025-03-10 16:53:58] Операция: Внесение данных в таблицу kassa
clientId: 48, nal: -330, kassa: 0, ekv: 0, transfer: 0, payment_account: 0, comment: Пронин Дмитрий кофе,т.бумага, office: P1, manager_name: Максимкина Татьяна 👩‍💼 P1
[2025-03-10 16:53:58] Операция: Обновление баланса клиента в таблице users
clientId: 48, dolg: -7890
[2025-03-11 09:41:36] Операция: Внесение данных в таблицу kassa
clientId: 48, nal: -230, kassa: 0, ekv: 0, transfer: 0, payment_account: 0, comment: Санков Андрей, т/бумага, office: P1, manager_name: Бунчина Ирина 👩‍💼 P1
[2025-03-11 09:41:36] Операция: Обновление баланса клиента в таблице users
clientId: 48, dolg: -8120
[2025-03-11 10:15:48] Операция: Внесение данных в таблицу kassa
clientId: 46, nal: -1200, kassa: 0, ekv: 0, transfer: 0, payment_account: 0, comment: Кибиткин Денис, office: P7, manager_name: Алпатова Оксана 👩‍💼 P7
[2025-03-11 10:15:48] Операция: Обновление баланса клиента в таблице users
clientId: 46, dolg: -1247450
[2025-03-11 10:15:49] Операция: Внесение данных в таблицу kassa
clientId: 46, nal: -1200, kassa: 0, ekv: 0, transfer: 0, payment_account: 0, comment: Кибиткин Денис, office: P7, manager_name: Алпатова Оксана 👩‍💼 P7
[2025-03-11 10:15:49] Операция: Обновление баланса клиента в таблице users
clientId: 46, dolg: -1248650
[2025-03-11 11:37:40] Операция: Внесение данных в таблицу kassa
clientId: 46, nal: -4000, kassa: 0, ekv: 0, transfer: 0, payment_account: 0, comment: Емелин Антон, office: P7, manager_name: Алпатова Оксана 👩‍💼 P7
[2025-03-11 11:37:40] Операция: Обновление баланса клиента в таблице users
clientId: 46, dolg: -1251450
[2025-03-11 15:52:37] Операция: Внесение данных в таблицу kassa
clientId: 731, nal: -4600, kassa: 0, ekv: 0, transfer: 0, payment_account: 0, comment: 202707334, office: S8, manager_name: Гирчева Ольга 👩‍💼 S8
[2025-03-11 15:52:37] Операция: Обновление баланса клиента в таблице users
clientId: 731, dolg: 0
[2025-03-12 09:11:16] Операция: Внесение данных в таблицу kassa
clientId: 46, nal: -1200, kassa: 0, ekv: 0, transfer: 0, payment_account: 0, comment: Кибиткин Денис, office: P7, manager_name: Алпатова Оксана 👩‍💼 P7
[2025-03-12 09:11:16] Операция: Обновление баланса клиента в таблице users
clientId: 46, dolg: -1252650
[2025-03-12 09:39:55] Операция: Внесение данных в таблицу kassa
clientId: 68, nal: -100000, kassa: 0, ekv: 0, transfer: 0, payment_account: 0, comment: Z6-P11, office: Z6, manager_name: Соловков Александр 👨‍💼 Z6
[2025-03-12 09:39:55] Операция: Обновление баланса клиента в таблице users
clientId: 68, dolg: -150000
[2025-03-12 11:03:21] Операция: Внесение данных в таблицу kassa
clientId: 46, nal: -4000, kassa: 0, ekv: 0, transfer: 0, payment_account: 0, comment: Емелин Антон, office: P7, manager_name: Алпатова Оксана 👩‍💼 P7
[2025-03-12 11:03:21] Операция: Обновление баланса клиента в таблице users
clientId: 46, dolg: -1256650
[2025-03-12 11:23:41] Операция: Внесение данных в таблицу kassa
clientId: 48, nal: -200, kassa: 0, ekv: 0, transfer: 0, payment_account: 0, comment: Доставка воды, office: S8, manager_name: Гирчева Ольга 👩‍💼 S8
[2025-03-12 11:23:41] Операция: Обновление баланса клиента в таблице users
clientId: 48, dolg: -8320
[2025-03-12 12:46:39] Операция: Внесение данных в таблицу kassa
clientId: 752, nal: 0, kassa: 0, ekv: -3300, transfer: 0, payment_account: 0, comment: 200764449, office: P1, manager_name: Бунчина Ирина 👩‍💼 P1
[2025-03-12 12:46:39] Операция: Обновление баланса клиента в таблице users
clientId: 752, dolg: 0
[2025-03-12 13:24:41] Операция: Внесение данных в таблицу kassa
clientId: 48, nal: -150, kassa: 0, ekv: 0, transfer: 0, payment_account: 0, comment: Просрочка хранения груза "Зап", office: P5, manager_name: Фролова Ирина 👩‍💼 P5
[2025-03-12 13:24:41] Операция: Обновление баланса клиента в таблице users
clientId: 48, dolg: -8470
[2025-03-13 09:03:28] Операция: Внесение данных в таблицу kassa
clientId: 686, nal: -1000, kassa: 0, ekv: 0, transfer: 0, payment_account: 0, comment: Уборка, office: S8, manager_name: Гирчева Ольга 👩‍💼 S8
[2025-03-13 09:03:28] Операция: Обновление баланса клиента в таблице users
clientId: 686, dolg: -53500
[2025-03-13 09:10:11] Операция: Внесение данных в таблицу kassa
clientId: 46, nal: -1200, kassa: 0, ekv: 0, transfer: 0, payment_account: 0, comment: Кибиткин Денис, office: P7, manager_name: Алпатова Оксана 👩‍💼 P7
[2025-03-13 09:10:11] Операция: Обновление баланса клиента в таблице users
clientId: 46, dolg: -1257850
[2025-03-13 10:32:28] Операция: Внесение данных в таблицу kassa
clientId: 46, nal: -4000, kassa: 0, ekv: 0, transfer: 0, payment_account: 0, comment: Емелин Антон, office: P7, manager_name: Алпатова Оксана 👩‍💼 P7
[2025-03-13 10:32:28] Операция: Обновление баланса клиента в таблице users
clientId: 46, dolg: -1261850
[2025-03-13 10:38:04] Операция: Внесение данных в таблицу kassa
clientId: 68, nal: -130000, kassa: 0, ekv: 0, transfer: 0, payment_account: 0, comment: К12-Р5, office: K12, manager_name: Гришина Надежда 👩‍💼 K12
[2025-03-13 10:38:04] Операция: Обновление баланса клиента в таблице users
clientId: 68, dolg: -280000
[2025-03-13 12:56:48] Операция: Внесение данных в таблицу kassa
clientId: 48, nal: -700, kassa: 0, ekv: 0, transfer: 0, payment_account: 0, comment: Швабра,перчатки., office: P7, manager_name: Алпатова Оксана 👩‍💼 P7
[2025-03-13 12:56:48] Операция: Обновление баланса клиента в таблице users
clientId: 48, dolg: -9170
[2025-03-13 13:32:43] Операция: Внесение данных в таблицу kassa
clientId: 1488, nal: 0, kassa: 0, ekv: -4720, transfer: 0, payment_account: 0, comment: 205539664, office: P1, manager_name: Бунчина Ирина 👩‍💼 P1
[2025-03-13 13:32:43] Операция: Обновление баланса клиента в таблице users
clientId: 1488, dolg: 0
[2025-03-13 14:56:39] Операция: Внесение данных в таблицу kassa
clientId: 528, nal: 0, kassa: 0, ekv: -16928, transfer: 0, payment_account: 0, comment: 204488009, Возврат, office: P2, manager_name: Анискина Ольга 👩‍💼 P2
[2025-03-13 14:56:39] Операция: Обновление баланса клиента в таблице users
clientId: 528, dolg: 0
[2025-03-13 15:00:16] Операция: Внесение данных в таблицу kassa
clientId: 953, nal: -477000, kassa: 0, ekv: 0, transfer: 0, payment_account: 0, comment: Наш друг, office: P11, manager_name: Голубева Мария 👩‍💼 P11
[2025-03-13 15:00:16] Операция: Обновление баланса клиента в таблице users
clientId: 953, dolg: -22996100
[2025-03-13 16:24:42] Операция: Внесение данных в таблицу kassa
clientId: 953, nal: -180000, kassa: 0, ekv: 0, transfer: 0, payment_account: 0, comment: Сотки, office: P5, manager_name: Фролова Ирина 👩‍💼 P5
[2025-03-13 16:24:42] Операция: Обновление баланса клиента в таблице users
clientId: 953, dolg: -23043100
[2025-03-13 16:36:59] Операция: Внесение данных в таблицу kassa
clientId: 953, nal: -1283000, kassa: 0, ekv: 0, transfer: 0, payment_account: 0, comment: Наш друг (Крис), office: P5, manager_name: Фролова Ирина 👩‍💼 P5
[2025-03-13 16:36:59] Операция: Обновление баланса клиента в таблице users
clientId: 953, dolg: -24266100
[2025-03-13 17:50:22] Операция: Внесение данных в таблицу kassa
clientId: 1539, nal: 0, kassa: 0, ekv: -2150, transfer: 0, payment_account: 0, comment: 205505487, office: S8, manager_name: Гирчева Ольга 👩‍💼 S8
[2025-03-13 17:50:22] Операция: Обновление баланса клиента в таблице users
clientId: 1539, dolg: -2150
[2025-03-13 17:55:20] Операция: Внесение данных в таблицу kassa
clientId: 1473, nal: 0, kassa: 0, ekv: -3400, transfer: 0, payment_account: 0, comment: 205373510, office: P1, manager_name: Бунчина Ирина 👩‍💼 P1
[2025-03-13 17:55:20] Операция: Обновление баланса клиента в таблице users
clientId: 1473, dolg: 10600
[2025-03-14 09:08:17] Операция: Внесение данных в таблицу kassa
clientId: 46, nal: -1200, kassa: 0, ekv: 0, transfer: 0, payment_account: 0, comment: Кибиткин Денис, office: P7, manager_name: Алпатова Оксана 👩‍💼 P7
[2025-03-14 09:08:17] Операция: Обновление баланса клиента в таблице users
clientId: 46, dolg: -1263050
[2025-03-14 10:08:57] Операция: Внесение данных в таблицу kassa
clientId: 68, nal: -100000, kassa: 0, ekv: 0, transfer: 0, payment_account: 0, comment: Z6-P11, office: Z6, manager_name: Соловков Александр 👨‍💼 Z6
[2025-03-14 10:08:57] Операция: Обновление баланса клиента в таблице users
clientId: 68, dolg: -150000
[2025-03-14 10:41:00] Операция: Внесение данных в таблицу kassa
clientId: 46, nal: -4000, kassa: 0, ekv: 0, transfer: 0, payment_account: 0, comment: Емелин Антон, office: P7, manager_name: Алпатова Оксана 👩‍💼 P7
[2025-03-14 10:41:00] Операция: Обновление баланса клиента в таблице users
clientId: 46, dolg: -1267050
[2025-03-14 11:08:05] Операция: Внесение данных в таблицу kassa
clientId: 48, nal: -1000, kassa: 0, ekv: 0, transfer: 0, payment_account: 0, comment: Мойка Спринтер, office: P5, manager_name: Фролова Ирина 👩‍💼 P5
[2025-03-14 11:08:05] Операция: Обновление баланса клиента в таблице users
clientId: 48, dolg: -10170
[2025-03-14 11:10:31] Операция: Внесение данных в таблицу kassa
clientId: 48, nal: -2500, kassa: 0, ekv: 0, transfer: 0, payment_account: 0, comment: Шиномонтаж Спринтер, office: P5, manager_name: Фролова Ирина 👩‍💼 P5
[2025-03-14 11:10:31] Операция: Обновление баланса клиента в таблице users
clientId: 48, dolg: -12670
[2025-03-14 11:12:28] Операция: Внесение данных в таблицу kassa
clientId: 68, nal: -747000, kassa: 0, ekv: 0, transfer: 0, payment_account: 0, comment: S4-P5, office: S4, manager_name: Сонина Наталья 👩‍💼 S4
[2025-03-14 11:12:28] Операция: Обновление баланса клиента в таблице users
clientId: 68, dolg: -897000
[2025-03-14 11:12:52] Операция: Внесение данных в таблицу kassa
clientId: 46, nal: -300, kassa: 0, ekv: 0, transfer: 0, payment_account: 0, comment: Инкассация, office: S4, manager_name: Сонина Наталья 👩‍💼 S4
[2025-03-14 11:12:52] Операция: Обновление баланса клиента в таблице users
clientId: 46, dolg: -1267350
[2025-03-14 13:01:30] Операция: Внесение данных в таблицу kassa
clientId: 46, nal: -10000, kassa: 0, ekv: 0, transfer: 0, payment_account: 0, comment: Трачук Александр, office: P11, manager_name: Голубева Мария 👩‍💼 P11
[2025-03-14 13:01:30] Операция: Обновление баланса клиента в таблице users
clientId: 46, dolg: -1277350
[2025-03-14 13:07:44] Операция: Внесение данных в таблицу kassa
clientId: 68, nal: -560000, kassa: 0, ekv: 0, transfer: 0, payment_account: 0, comment: S8->P5, office: S8, manager_name: Гирчева Ольга 👩‍💼 S8
[2025-03-14 13:07:44] Операция: Обновление баланса клиента в таблице users
clientId: 68, dolg: -1457000
[2025-03-14 14:03:12] Операция: Внесение данных в таблицу kassa
clientId: 859, nal: -44000, kassa: 0, ekv: 0, transfer: 0, payment_account: 0, comment: Февраль 2025 г., office: P5, manager_name: Фролова Ирина 👩‍💼 P5
[2025-03-14 14:03:12] Операция: Обновление баланса клиента в таблице users
clientId: 859, dolg: -141100
[2025-03-14 14:32:35] Операция: Внесение данных в таблицу kassa
clientId: 439, nal: 0, kassa: 0, ekv: -7200, transfer: 0, payment_account: 0, comment: Возврат 205471345, office: P5, manager_name: Фролова Ирина 👩‍💼 P5
[2025-03-14 14:32:35] Операция: Обновление баланса клиента в таблице users
clientId: 439, dolg: 0
[2025-03-14 16:09:22] Операция: Внесение данных в таблицу kassa
clientId: 46, nal: -18000, kassa: 0, ekv: 0, transfer: 0, payment_account: 0, comment: Юркалов Дмитрий P5, office: P5, manager_name: Фролова Ирина 👩‍💼 P5
[2025-03-14 16:09:22] Операция: Обновление баланса клиента в таблице users
clientId: 46, dolg: -1295350
[2025-03-14 16:14:20] Операция: Внесение данных в таблицу kassa
clientId: 46, nal: -10400, kassa: 0, ekv: 0, transfer: 0, payment_account: 0, comment: Доставка Саранск, office: P5, manager_name: Фролова Ирина 👩‍💼 P5
[2025-03-14 16:14:20] Операция: Обновление баланса клиента в таблице users
clientId: 46, dolg: -1305750
[2025-03-15 14:35:18] Операция: Внесение данных в таблицу kassa
clientId: 1549, nal: -1800, kassa: 0, ekv: 0, transfer: 0, payment_account: 0, comment: 206192482, office: P1, manager_name: Бунчина Ирина 👩‍💼 P1
[2025-03-15 14:35:18] Операция: Обновление баланса клиента в таблице users
clientId: 1549, dolg: 2050
[2025-03-15 14:35:41] Операция: Внесение данных в таблицу kassa
clientId: 1549, nal: -2050, kassa: 0, ekv: 0, transfer: 0, payment_account: 0, comment: 206192482, office: P1, manager_name: Бунчина Ирина 👩‍💼 P1
[2025-03-15 14:35:41] Операция: Обновление баланса клиента в таблице users
clientId: 1549, dolg: 0
[2025-03-17 09:24:26] Операция: Внесение данных в таблицу kassa
clientId: 1329, nal: -1660, kassa: 0, ekv: 0, transfer: 0, payment_account: 0, comment: Возврат, 206251483, office: P2, manager_name: Анискина Ольга 👩‍💼 P2
[2025-03-17 09:24:26] Операция: Обновление баланса клиента в таблице users
clientId: 1329, dolg: 0
[2025-03-17 09:32:11] Операция: Внесение данных в таблицу kassa
clientId: 46, nal: -1200, kassa: 0, ekv: 0, transfer: 0, payment_account: 0, comment: Кибиткин Денис, office: P7, manager_name: Алпатова Оксана 👩‍💼 P7
[2025-03-17 09:32:11] Операция: Обновление баланса клиента в таблице users
clientId: 46, dolg: -1322850
[2025-03-17 09:50:52] Операция: Внесение данных в таблицу kassa
clientId: 46, nal: -4000, kassa: 0, ekv: 0, transfer: 0, payment_account: 0, comment: Емелин Антон, office: P7, manager_name: Алпатова Оксана 👩‍💼 P7
[2025-03-17 09:50:52] Операция: Обновление баланса клиента в таблице users
clientId: 46, dolg: -1326850
[2025-03-17 10:10:22] Операция: Внесение данных в таблицу kassa
clientId: 68, nal: -250000, kassa: 0, ekv: 0, transfer: 0, payment_account: 0, comment: Z6-P11, office: Z6, manager_name: Соловков Александр 👨‍💼 Z6
[2025-03-17 10:10:22] Операция: Обновление баланса клиента в таблице users
clientId: 68, dolg: -250000
[2025-03-17 10:41:31] Операция: Внесение данных в таблицу kassa
clientId: 761, nal: -1900, kassa: 0, ekv: 0, transfer: 0, payment_account: 0, comment: Поставщик OS, office: S8, manager_name: Гирчева Ольга 👩‍💼 S8
[2025-03-17 10:41:31] Операция: Обновление баланса клиента в таблице users
clientId: 761, dolg: -26630
[2025-03-17 12:39:01] Операция: Внесение данных в таблицу kassa
clientId: 46, nal: -15000, kassa: 0, ekv: 0, transfer: 0, payment_account: 0, comment: Ежов Дмитрий, office: P7, manager_name: Алпатова Оксана 👩‍💼 P7
[2025-03-17 12:39:01] Операция: Обновление баланса клиента в таблице users
clientId: 46, dolg: -1341850
[2025-03-17 13:45:24] Операция: Внесение данных в таблицу kassa
clientId: 46, nal: -17500, kassa: 0, ekv: 0, transfer: 0, payment_account: 0, comment: Дасаев Ренат, office: P7, manager_name: Алпатова Оксана 👩‍💼 P7
[2025-03-17 13:45:24] Операция: Обновление баланса клиента в таблице users
clientId: 46, dolg: -1359350
[2025-03-17 15:42:10] Операция: Внесение данных в таблицу kassa
clientId: 46, nal: -3000, kassa: 0, ekv: 0, transfer: 0, payment_account: 0, comment: Ежов Дмитрий, Зарплата, office: P2, manager_name: Анискина Ольга 👩‍💼 P2
[2025-03-17 15:42:10] Операция: Обновление баланса клиента в таблице users
clientId: 46, dolg: -1362350
[2025-03-17 17:06:49] Операция: Внесение данных в таблицу kassa
clientId: 1379, nal: 0, kassa: 0, ekv: -1263, transfer: 0, payment_account: 0, comment: 204247921, Возврат, office: P2, manager_name: Анискина Ольга 👩‍💼 P2
[2025-03-17 17:06:49] Операция: Обновление баланса клиента в таблице users
clientId: 1379, dolg: 0
[2025-03-17 17:20:23] Операция: Внесение данных в таблицу kassa
clientId: 1499, nal: -3500, kassa: 0, ekv: 0, transfer: 0, payment_account: 0, comment: Возврат 206178231, office: P5, manager_name: Фролова Ирина 👩‍💼 P5
[2025-03-17 17:20:23] Операция: Обновление баланса клиента в таблице users
clientId: 1499, dolg: 0
[2025-03-17 17:24:31] Операция: Внесение данных в таблицу kassa
clientId: 68, nal: -110000, kassa: 0, ekv: 0, transfer: 0, payment_account: 0, comment: К12-Р5, office: K12, manager_name: Гришина Надежда 👩‍💼 K12
[2025-03-17 17:24:31] Операция: Обновление баланса клиента в таблице users
clientId: 68, dolg: -360000
[2025-03-17 18:24:46] Операция: Внесение данных в таблицу kassa
clientId: 1129, nal: 0, kassa: 0, ekv: -400, transfer: 0, payment_account: 0, comment: 204993389, Возврат, office: P2, manager_name: Анискина Ольга 👩‍💼 P2
[2025-03-17 18:24:46] Операция: Обновление баланса клиента в таблице users
clientId: 1129, dolg: 0
[2025-03-18 09:19:24] Операция: Внесение данных в таблицу kassa
clientId: 48, nal: -920, kassa: 0, ekv: 0, transfer: 0, payment_account: 0, comment: Скотч, салфетки, office: S8, manager_name: Гирчева Ольга 👩‍💼 S8
[2025-03-18 09:19:24] Операция: Обновление баланса клиента в таблице users
clientId: 48, dolg: -13590
[2025-03-18 09:44:08] Операция: Внесение данных в таблицу kassa
clientId: 46, nal: -1200, kassa: 0, ekv: 0, transfer: 0, payment_account: 0, comment: Кибиткин Денис, office: P7, manager_name: Алпатова Оксана 👩‍💼 P7
[2025-03-18 09:44:08] Операция: Обновление баланса клиента в таблице users
clientId: 46, dolg: -1363550
[2025-03-18 11:42:00] Операция: Внесение данных в таблицу kassa
clientId: 46, nal: -4000, kassa: 0, ekv: 0, transfer: 0, payment_account: 0, comment: Емелин Антон, office: P7, manager_name: Алпатова Оксана 👩‍💼 P7
[2025-03-18 11:42:00] Операция: Обновление баланса клиента в таблице users
clientId: 46, dolg: -1367550
[2025-03-18 11:42:25] Операция: Внесение данных в таблицу kassa
clientId: 686, nal: -10000, kassa: 0, ekv: 0, transfer: 0, payment_account: 0, comment: Алпатова Оксана, office: P7, manager_name: Алпатова Оксана 👩‍💼 P7
[2025-03-18 11:42:25] Операция: Обновление баланса клиента в таблице users
clientId: 686, dolg: -63500
[2025-03-18 13:51:04] Операция: Внесение данных в таблицу kassa
clientId: 761, nal: -950, kassa: 0, ekv: 0, transfer: 0, payment_account: 0, comment: Поставщик OS, office: S8, manager_name: Гирчева Ольга 👩‍💼 S8
[2025-03-18 13:51:04] Операция: Обновление баланса клиента в таблице users
clientId: 761, dolg: -27580
[2025-03-18 13:51:40] Операция: Внесение данных в таблицу kassa
clientId: 761, nal: -950, kassa: 0, ekv: 0, transfer: 0, payment_account: 0, comment: Поставщик OS, office: S8, manager_name: Гирчева Ольга 👩‍💼 S8
[2025-03-18 13:51:40] Операция: Обновление баланса клиента в таблице users
clientId: 761, dolg: -28530
[2025-03-18 13:52:18] Операция: Внесение данных в таблицу kassa
clientId: 761, nal: -1900, kassa: 0, ekv: 0, transfer: 0, payment_account: 0, comment: Поставщик OS, office: S8, manager_name: Гирчева Ольга 👩‍💼 S8
[2025-03-18 13:52:18] Операция: Обновление баланса клиента в таблице users
clientId: 761, dolg: -30430
[2025-03-19 09:25:04] Операция: Внесение данных в таблицу kassa
clientId: 48, nal: -888, kassa: 0, ekv: 0, transfer: 0, payment_account: 0, comment: Максимкина Татьяна перчатки,мешки для мусора,моющие средства,салфетки,швабра., office: P1, manager_name: Максимкина Татьяна 👩‍💼 P1
[2025-03-19 09:25:04] Операция: Обновление баланса клиента в таблице users
clientId: 48, dolg: -14478
[2025-03-19 09:42:46] Операция: Внесение данных в таблицу kassa
clientId: 46, nal: -1200, kassa: 0, ekv: 0, transfer: 0, payment_account: 0, comment: Кибиткин Денис, office: P7, manager_name: Алпатова Оксана 👩‍💼 P7
[2025-03-19 09:42:46] Операция: Обновление баланса клиента в таблице users
clientId: 46, dolg: -1368750
[2025-03-19 10:01:14] Операция: Внесение данных в таблицу kassa
clientId: 68, nal: -100000, kassa: 0, ekv: 0, transfer: 0, payment_account: 0, comment: Z6-P11, office: Z6, manager_name: Соловков Александр 👨‍💼 Z6
[2025-03-19 10:01:14] Операция: Обновление баланса клиента в таблице users
clientId: 68, dolg: -100000
[2025-03-19 11:17:51] Операция: Внесение данных в таблицу kassa
clientId: 46, nal: -4000, kassa: 0, ekv: 0, transfer: 0, payment_account: 0, comment: Емелин Антон, office: P7, manager_name: Алпатова Оксана 👩‍💼 P7
[2025-03-19 11:17:51] Операция: Обновление баланса клиента в таблице users
clientId: 46, dolg: -1372750
[2025-03-19 11:52:40] Операция: Внесение данных в таблицу kassa
clientId: 350, nal: 0, kassa: 0, ekv: -1200, transfer: 0, payment_account: 0, comment: 205775919(Возврат), office: P1, manager_name: Максимкина Татьяна 👩‍💼 P1
[2025-03-19 11:52:40] Операция: Обновление баланса клиента в таблице users
clientId: 350, dolg: 5500
[2025-03-19 11:57:46] Операция: Внесение данных в таблицу kassa
clientId: 1591, nal: -1350, kassa: 0, ekv: 0, transfer: 0, payment_account: 0, comment: Возврат 206672884, office: P5, manager_name: Фролова Ирина 👩‍💼 P5
[2025-03-19 11:57:46] Операция: Обновление баланса клиента в таблице users
clientId: 1591, dolg: 0
[2025-03-19 12:24:12] Операция: Внесение данных в таблицу kassa
clientId: 77, nal: -2350, kassa: 0, ekv: 0, transfer: 0, payment_account: 0, comment: 205728034, office: P5, manager_name: Фролова Ирина 👩‍💼 P5
[2025-03-19 12:24:12] Операция: Обновление баланса клиента в таблице users
clientId: 77, dolg: 0
[2025-03-19 14:34:49] Операция: Внесение данных в таблицу kassa
clientId: 591, nal: -6430, kassa: 0, ekv: 0, transfer: 0, payment_account: 0, comment: Тернопольская за февраль 2025г. , office: P5, manager_name: Фролова Ирина 👩‍💼 P5
[2025-03-19 14:34:49] Операция: Обновление баланса клиента в таблице users
clientId: 591, dolg: -70352
[2025-03-19 17:08:54] Операция: Внесение данных в таблицу kassa
clientId: 1598, nal: 0, kassa: 0, ekv: -385, transfer: 0, payment_account: 0, comment: 206856491 Возврат, office: P2, manager_name: Анискина Ольга 👩‍💼 P2
[2025-03-19 17:08:54] Операция: Обновление баланса клиента в таблице users
clientId: 1598, dolg: 0
[2025-03-20 09:27:36] Операция: Внесение данных в таблицу kassa
clientId: 46, nal: -1200, kassa: 0, ekv: 0, transfer: 0, payment_account: 0, comment: Кибиткин Денис, office: P7, manager_name: Алпатова Оксана 👩‍💼 P7
[2025-03-20 09:27:36] Операция: Обновление баланса клиента в таблице users
clientId: 46, dolg: -1373950
[2025-03-20 09:39:31] Операция: Внесение данных в таблицу kassa
clientId: 953, nal: -1760000, kassa: 0, ekv: 0, transfer: 0, payment_account: 0, comment: Наш друг (К) 👩, office: P5, manager_name: Фролова Ирина 👩‍💼 P5
[2025-03-20 09:39:31] Операция: Обновление баланса клиента в таблице users
clientId: 953, dolg: -26401100
[2025-03-20 09:46:48] Операция: Внесение данных в таблицу kassa
clientId: 1593, nal: -1250, kassa: 0, ekv: 0, transfer: 0, payment_account: 0, comment: возврат 206213942
, office: K12, manager_name: Гришина Надежда 👩‍💼 K12
[2025-03-20 09:46:48] Операция: Обновление баланса клиента в таблице users
clientId: 1593, dolg: -1250
[2025-03-20 10:43:37] Операция: Внесение данных в таблицу kassa
clientId: 1593, nal: -1250, kassa: 0, ekv: 0, transfer: 0, payment_account: 0, comment: 206213942, office: K12, manager_name: Гришина Надежда 👩‍💼 K12
[2025-03-20 10:43:37] Операция: Обновление баланса клиента в таблице users
clientId: 1593, dolg: 0
[2025-03-20 11:37:52] Операция: Внесение данных в таблицу kassa
clientId: 953, nal: -373500, kassa: 0, ekv: 0, transfer: 0, payment_account: 0, comment: Наш друг (С) 👨, office: P7, manager_name: Алпатова Оксана 👩‍💼 P7
[2025-03-20 11:37:52] Операция: Обновление баланса клиента в таблице users
clientId: 953, dolg: -26774600
[2025-03-20 11:39:12] Операция: Внесение данных в таблицу kassa
clientId: 46, nal: -4000, kassa: 0, ekv: 0, transfer: 0, payment_account: 0, comment: Емелин Антон, office: P7, manager_name: Алпатова Оксана 👩‍💼 P7
[2025-03-20 11:39:12] Операция: Обновление баланса клиента в таблице users
clientId: 46, dolg: -1377950
[2025-03-20 14:25:18] Операция: Внесение данных в таблицу kassa
clientId: 590, nal: -12000, kassa: 0, ekv: 0, transfer: 0, payment_account: 0, comment: Март(Кузнецов), office: P11, manager_name: Голубева Мария 👩‍💼 P11
[2025-03-20 14:25:18] Операция: Обновление баланса клиента в таблице users
clientId: 590, dolg: -123000
[2025-03-21 09:36:34] Операция: Внесение данных в таблицу kassa
clientId: 46, nal: -10500, kassa: 0, ekv: 0, transfer: 0, payment_account: 0, comment: Доставка Саранск, office: P5, manager_name: Фролова Ирина 👩‍💼 P5
[2025-03-21 09:36:34] Операция: Обновление баланса клиента в таблице users
clientId: 46, dolg: -1388450
[2025-03-21 09:37:20] Операция: Внесение данных в таблицу kassa
clientId: 48, nal: -2000, kassa: 0, ekv: 0, transfer: 0, payment_account: 0, comment: Савушкин Алекс (Спринтер), office: P5, manager_name: Фролова Ирина 👩‍💼 P5
[2025-03-21 09:37:20] Операция: Обновление баланса клиента в таблице users
clientId: 48, dolg: -16478
[2025-03-21 09:59:01] Операция: Внесение данных в таблицу kassa
clientId: 68, nal: -250000, kassa: 0, ekv: 0, transfer: 0, payment_account: 0, comment: Z6-P11, office: Z6, manager_name: Соловков Александр 👨‍💼 Z6
[2025-03-21 09:59:01] Операция: Обновление баланса клиента в таблице users
clientId: 68, dolg: -250000
[2025-03-21 10:47:10] Операция: Внесение данных в таблицу kassa
clientId: 46, nal: -1200, kassa: 0, ekv: 0, transfer: 0, payment_account: 0, comment: Кибиткин Денис, office: P7, manager_name: Алпатова Оксана 👩‍💼 P7
[2025-03-21 10:47:10] Операция: Обновление баланса клиента в таблице users
clientId: 46, dolg: -1389650
[2025-03-21 10:47:28] Операция: Внесение данных в таблицу kassa
clientId: 46, nal: -4000, kassa: 0, ekv: 0, transfer: 0, payment_account: 0, comment: Емелин Антон, office: P7, manager_name: Алпатова Оксана 👩‍💼 P7
[2025-03-21 10:47:28] Операция: Обновление баланса клиента в таблице users
clientId: 46, dolg: -1393650
[2025-03-21 11:30:34] Операция: Внесение данных в таблицу kassa
clientId: 68, nal: -450000, kassa: 0, ekv: 0, transfer: 0, payment_account: 0, comment: S4-P5, office: S4, manager_name: Сонина Наталья 👩‍💼 S4
[2025-03-21 11:30:34] Операция: Обновление баланса клиента в таблице users
clientId: 68, dolg: -700000
[2025-03-21 11:31:01] Операция: Внесение данных в таблицу kassa
clientId: 46, nal: -300, kassa: 0, ekv: 0, transfer: 0, payment_account: 0, comment: Инкассация, office: S4, manager_name: Сонина Наталья 👩‍💼 S4
[2025-03-21 11:31:01] Операция: Обновление баланса клиента в таблице users
clientId: 46, dolg: -1393950
[2025-03-21 12:33:28] Операция: Внесение данных в таблицу kassa
clientId: 68, nal: -637000, kassa: 0, ekv: 0, transfer: 0, payment_account: 0, comment: S8->P5, office: S8, manager_name: Гирчева Ольга 👩‍💼 S8
[2025-03-21 12:33:28] Операция: Обновление баланса клиента в таблице users
clientId: 68, dolg: -1337000
[2025-03-21 12:33:51] Операция: Внесение данных в таблицу kassa
clientId: 68, nal: 0, kassa: -13000, ekv: 0, transfer: 0, payment_account: 0, comment: S8->P5, office: S8, manager_name: Гирчева Ольга 👩‍💼 S8
[2025-03-21 12:33:51] Операция: Обновление баланса клиента в таблице users
clientId: 68, dolg: -1350000
[2025-03-21 12:52:37] Операция: Внесение данных в таблицу kassa
clientId: 46, nal: -12000, kassa: 0, ekv: 0, transfer: 0, payment_account: 0, comment: Трачук Александр, office: P7, manager_name: Алпатова Оксана 👩‍💼 P7
[2025-03-21 12:52:37] Операция: Обновление баланса клиента в таблице users
clientId: 46, dolg: -1405950
[2025-03-21 13:03:18] Операция: Внесение данных в таблицу kassa
clientId: 46, nal: -15000, kassa: 0, ekv: 0, transfer: 0, payment_account: 0, comment: Ежов Дмитрий, office: P7, manager_name: Алпатова Оксана 👩‍💼 P7
[2025-03-21 13:03:18] Операция: Обновление баланса клиента в таблице users
clientId: 46, dolg: -1420950
[2025-03-21 13:09:08] Операция: Внесение данных в таблицу kassa
clientId: 624, nal: -5050, kassa: 0, ekv: 0, transfer: 0, payment_account: 0, comment: 206001435, office: P1, manager_name: Бунчина Ирина 👩‍💼 P1
[2025-03-21 13:09:08] Операция: Обновление баланса клиента в таблице users
clientId: 624, dolg: 0
[2025-03-21 13:51:09] Операция: Внесение данных в таблицу kassa
clientId: 48, nal: -325, kassa: 0, ekv: 0, transfer: 0, payment_account: 0, comment: Т/бумага, мыло, office: P2, manager_name: Анискина Ольга 👩‍💼 P2
[2025-03-21 13:51:09] Операция: Обновление баланса клиента в таблице users
clientId: 48, dolg: -16803
[2025-03-21 15:28:42] Операция: Внесение данных в таблицу kassa
clientId: 46, nal: -18000, kassa: 0, ekv: 0, transfer: 0, payment_account: 0, comment: Юркалов Дмитрий, office: P5, manager_name: Фролова Ирина 👩‍💼 P5
[2025-03-21 15:28:42] Операция: Обновление баланса клиента в таблице users
clientId: 46, dolg: -1438950
[2025-03-21 17:30:38] Операция: Внесение данных в таблицу kassa
clientId: 1355, nal: -3600, kassa: 0, ekv: 0, transfer: 0, payment_account: 0, comment: Возврат 3397007854, office: Z6, manager_name: Соловков Александр 👨‍💼 Z6
[2025-03-21 17:30:38] Операция: Обновление баланса клиента в таблице users
clientId: 1355, dolg: 0
[2025-03-21 17:34:43] Операция: Внесение данных в таблицу kassa
clientId: 1355, nal: -3600, kassa: 0, ekv: 0, transfer: 0, payment_account: 0, comment: Возврат 3397007854, office: Z6, manager_name: Соловков Александр 👨‍💼 Z6
[2025-03-21 17:34:43] Операция: Обновление баланса клиента в таблице users
clientId: 1355, dolg: -3600
[2025-03-22 09:26:11] Операция: Внесение данных в таблицу kassa
clientId: 48, nal: -310, kassa: 0, ekv: 0, transfer: 0, payment_account: 0, comment: Средство для мытья посуды,губки,перчатки., office: P7, manager_name: Алпатова Оксана 👩‍💼 P7
[2025-03-22 09:26:11] Операция: Обновление баланса клиента в таблице users
clientId: 48, dolg: -17113
[2025-03-22 10:37:00] Операция: Внесение данных в таблицу kassa
clientId: 68, nal: -180000, kassa: 0, ekv: 0, transfer: 0, payment_account: 0, comment: P2-P5, office: P2, manager_name: Анискина Ольга 👩‍💼 P2
[2025-03-22 10:37:00] Операция: Обновление баланса клиента в таблице users
clientId: 68, dolg: -430000
[2025-03-22 11:25:36] Операция: Внесение данных в таблицу kassa
clientId: 68, nal: -166000, kassa: 0, ekv: 0, transfer: 0, payment_account: 0, comment: P1-P5, office: P1, manager_name: Бунчина Ирина 👩‍💼 P1
[2025-03-22 11:25:36] Операция: Обновление баланса клиента в таблице users
clientId: 68, dolg: -596000
[2025-03-22 11:52:00] Операция: Внесение данных в таблицу kassa
clientId: 68, nal: -90000, kassa: 0, ekv: 0, transfer: 0, payment_account: 0, comment: P11->P5, office: P11, manager_name: Голубева Мария 👩‍💼 P11
[2025-03-22 11:52:00] Операция: Обновление баланса клиента в таблице users
clientId: 68, dolg: -686000
[2025-03-22 12:20:20] Операция: Внесение данных в таблицу kassa
clientId: 591, nal: -8120, kassa: 0, ekv: 0, transfer: 0, payment_account: 0, comment: Резепов Рамиль 02/2025, office: P1, manager_name: Бунчина Ирина 👩‍💼 P1
[2025-03-22 12:20:20] Операция: Обновление баланса клиента в таблице users
clientId: 591, dolg: -78472
[2025-03-22 12:23:24] Операция: Внесение данных в таблицу kassa
clientId: 953, nal: -1760000, kassa: 0, ekv: 0, transfer: 0, payment_account: 0, comment: Наш друг (К), office: P5, manager_name: Фролова Ирина 👩‍💼 P5
[2025-03-22 12:23:24] Операция: Обновление баланса клиента в таблице users
clientId: 953, dolg: -28534600
[2025-03-22 13:47:36] Операция: Внесение данных в таблицу kassa
clientId: 781, nal: 0, kassa: -1550, ekv: 0, transfer: 0, payment_account: 0, comment: Возврат, office: S4, manager_name: Сонина Наталья 👩‍💼 S4
[2025-03-22 13:47:36] Операция: Обновление баланса клиента в таблице users
clientId: 781, dolg: 0
[2025-03-22 14:33:09] Операция: Внесение данных в таблицу kassa
clientId: 1474, nal: 0, kassa: 0, ekv: -650, transfer: 0, payment_account: 0, comment: 205534461(Возврат), office: P5, manager_name: Фролова Ирина 👩‍💼 P5
[2025-03-22 14:33:09] Операция: Обновление баланса клиента в таблице users
clientId: 1474, dolg: -650
[2025-03-24 09:34:23] Операция: Внесение данных в таблицу kassa
clientId: 46, nal: -1200, kassa: 0, ekv: 0, transfer: 0, payment_account: 0, comment: Кибиткин Денис, office: P7, manager_name: Алпатова Оксана 👩‍💼 P7
[2025-03-24 09:34:23] Операция: Обновление баланса клиента в таблице users
clientId: 46, dolg: -1451250
[2025-03-24 10:04:25] Операция: Внесение данных в таблицу kassa
clientId: 1520, nal: 0, kassa: 0, ekv: -3600, transfer: 0, payment_account: 0, comment: 206075123, office: P1, manager_name: Максимкина Татьяна 👩‍💼 P1
[2025-03-24 10:04:25] Операция: Обновление баланса клиента в таблице users
clientId: 1520, dolg: 0
[2025-03-24 10:18:03] Операция: Внесение данных в таблицу kassa
clientId: 68, nal: -400000, kassa: 0, ekv: 0, transfer: 0, payment_account: 0, comment: Z6-P7, office: Z6, manager_name: Соловков Александр 👨‍💼 Z6
[2025-03-24 10:18:03] Операция: Обновление баланса клиента в таблице users
clientId: 68, dolg: -400000
[2025-03-24 11:11:26] Операция: Внесение данных в таблицу kassa
clientId: 945, nal: -3480, kassa: 0, ekv: 0, transfer: 0, payment_account: 0, comment: 206749090 Возврат, office: P2, manager_name: Анискина Ольга 👩‍💼 P2
[2025-03-24 11:11:26] Операция: Обновление баланса клиента в таблице users
clientId: 945, dolg: 0
[2025-03-24 13:04:43] Операция: Внесение данных в таблицу kassa
clientId: 46, nal: -4000, kassa: 0, ekv: 0, transfer: 0, payment_account: 0, comment: Емелин Антон, office: P7, manager_name: Алпатова Оксана 👩‍💼 P7
[2025-03-24 13:04:43] Операция: Обновление баланса клиента в таблице users
clientId: 46, dolg: -1455250
[2025-03-24 13:37:53] Операция: Внесение данных в таблицу kassa
clientId: 761, nal: -1900, kassa: 0, ekv: 0, transfer: 0, payment_account: 0, comment: Поставщик OS, office: S8, manager_name: Гирчева Ольга 👩‍💼 S8
[2025-03-24 13:37:53] Операция: Обновление баланса клиента в таблице users
clientId: 761, dolg: -32330
[2025-03-24 13:50:44] Операция: Внесение данных в таблицу kassa
clientId: 46, nal: -17500, kassa: 0, ekv: 0, transfer: 0, payment_account: 0, comment: Дасаев Ринат, office: P7, manager_name: Алпатова Оксана 👩‍💼 P7
[2025-03-24 13:50:44] Операция: Обновление баланса клиента в таблице users
clientId: 46, dolg: -1472750
[2025-03-24 13:53:06] Операция: Внесение данных в таблицу kassa
clientId: 1127, nal: 0, kassa: 0, ekv: -1600, transfer: 0, payment_account: 0, comment: 207160765, office: P5, manager_name: Фролова Ирина 👩‍💼 P5
[2025-03-24 13:53:06] Операция: Обновление баланса клиента в таблице users
clientId: 1127, dolg: 0
[2025-03-24 15:57:28] Операция: Внесение данных в таблицу kassa
clientId: 1000, nal: -1500, kassa: 0, ekv: 0, transfer: 0, payment_account: 0, comment: 206663627, office: P11, manager_name: Голубева Мария 👩‍💼 P11
[2025-03-24 15:57:28] Операция: Обновление баланса клиента в таблице users
clientId: 1000, dolg: 0
[2025-03-24 16:37:55] Операция: Внесение данных в таблицу kassa
clientId: 48, nal: -300, kassa: 0, ekv: 0, transfer: 0, payment_account: 0, comment: Бумажные полотенца, office: P11, manager_name: Голубева Мария 👩‍💼 P11
[2025-03-24 16:37:55] Операция: Обновление баланса клиента в таблице users
clientId: 48, dolg: -17413
[2025-03-25 09:31:58] Операция: Внесение данных в таблицу kassa
clientId: 68, nal: -150000, kassa: 0, ekv: 0, transfer: 0, payment_account: 0, comment: К12-Р5, office: K12, manager_name: Гришина Надежда 👩‍💼 K12
[2025-03-25 09:31:58] Операция: Обновление баланса клиента в таблице users
clientId: 68, dolg: -550000
[2025-03-25 09:58:58] Операция: Внесение данных в таблицу kassa
clientId: 46, nal: -1200, kassa: 0, ekv: 0, transfer: 0, payment_account: 0, comment: Кибиткин Денис, office: P7, manager_name: Алпатова Оксана 👩‍💼 P7
[2025-03-25 09:58:58] Операция: Обновление баланса клиента в таблице users
clientId: 46, dolg: -1473950
[2025-03-25 10:34:58] Операция: Внесение данных в таблицу kassa
clientId: 46, nal: -4000, kassa: 0, ekv: 0, transfer: 0, payment_account: 0, comment: Емелин Антон, office: P7, manager_name: Алпатова Оксана 👩‍💼 P7
[2025-03-25 10:34:58] Операция: Обновление баланса клиента в таблице users
clientId: 46, dolg: -1477950
[2025-03-25 10:34:59] Операция: Внесение данных в таблицу kassa
clientId: 46, nal: -4000, kassa: 0, ekv: 0, transfer: 0, payment_account: 0, comment: Емелин Антон, office: P7, manager_name: Алпатова Оксана 👩‍💼 P7
[2025-03-25 10:34:59] Операция: Обновление баланса клиента в таблице users
clientId: 46, dolg: -1481950
[2025-03-25 11:58:20] Операция: Внесение данных в таблицу kassa
clientId: 662, nal: 0, kassa: 0, ekv: -3000, transfer: 0, payment_account: 0, comment: 205954562, office: P1, manager_name: Максимкина Татьяна 👩‍💼 P1
[2025-03-25 11:58:20] Операция: Обновление баланса клиента в таблице users
clientId: 662, dolg: 0
[2025-03-25 14:51:25] Операция: Внесение данных в таблицу kassa
clientId: 953, nal: -359050, kassa: 0, ekv: 0, transfer: 0, payment_account: 0, comment: Наш друг (С) 👨, office: P7, manager_name: Алпатова Оксана 👩‍💼 P7
[2025-03-25 14:51:25] Операция: Обновление баланса клиента в таблице users
clientId: 953, dolg: -28893650
[2025-03-25 16:02:46] Операция: Внесение данных в таблицу kassa
clientId: 953, nal: -6000, kassa: 0, ekv: 0, transfer: 0, payment_account: 0, comment: Мирен, office: P7, manager_name: Алпатова Оксана 👩‍💼 P7
[2025-03-25 16:02:46] Операция: Обновление баланса клиента в таблице users
clientId: 953, dolg: -28899650
[2025-03-25 18:42:44] Операция: Внесение данных в таблицу kassa
clientId: 728, nal: -4020, kassa: 0, ekv: 0, transfer: 0, payment_account: 0, comment: Возврат - 206347249, office: P5, manager_name: Фролова Ирина 👩‍💼 P5
[2025-03-25 18:42:44] Операция: Обновление баланса клиента в таблице users
clientId: 728, dolg: -4020
[2025-03-26 09:28:14] Операция: Внесение данных в таблицу kassa
clientId: 46, nal: -1200, kassa: 0, ekv: 0, transfer: 0, payment_account: 0, comment: Кибиткин Денис, office: P7, manager_name: Алпатова Оксана 👩‍💼 P7
[2025-03-26 09:28:14] Операция: Обновление баланса клиента в таблице users
clientId: 46, dolg: -1479150
[2025-03-26 09:35:46] Операция: Внесение данных в таблицу kassa
clientId: 1605, nal: -1700, kassa: 0, ekv: 0, transfer: 0, payment_account: 0, comment: 206993956, Возврат, office: P2, manager_name: Анискина Ольга 👩‍💼 P2
[2025-03-26 09:35:46] Операция: Обновление баланса клиента в таблице users
clientId: 1605, dolg: 0
[2025-03-26 10:00:57] Операция: Внесение данных в таблицу kassa
clientId: 68, nal: -100000, kassa: 0, ekv: 0, transfer: 0, payment_account: 0, comment: Z6-P7, office: Z6, manager_name: Соловков Александр 👨‍💼 Z6
[2025-03-26 10:00:57] Операция: Обновление баланса клиента в таблице users
clientId: 68, dolg: -500000
[2025-03-26 10:23:02] Операция: Внесение данных в таблицу kassa
clientId: 46, nal: -6000, kassa: 0, ekv: 0, transfer: 0, payment_account: 0, comment: Емелин Антон, office: P7, manager_name: Алпатова Оксана 👩‍💼 P7
[2025-03-26 10:23:02] Операция: Обновление баланса клиента в таблице users
clientId: 46, dolg: -1485150
[2025-03-26 12:04:41] Операция: Внесение данных в таблицу kassa
clientId: 1658, nal: -3000, kassa: 0, ekv: 0, transfer: 0, payment_account: 0, comment: 207503764, office: P1, manager_name: Бунчина Ирина 👩‍💼 P1
[2025-03-26 12:04:41] Операция: Обновление баланса клиента в таблице users
clientId: 1658, dolg: 0
[2025-03-26 17:06:41] Операция: Внесение данных в таблицу kassa
clientId: 1609, nal: -1256, kassa: 0, ekv: 0, transfer: 0, payment_account: 0, comment: 207052743, Возврат, office: P2, manager_name: Анискина Ольга 👩‍💼 P2
[2025-03-26 17:06:41] Операция: Обновление баланса клиента в таблице users
clientId: 1609, dolg: 0
[2025-03-27 09:11:38] Операция: Внесение данных в таблицу kassa
clientId: 46, nal: -1200, kassa: 0, ekv: 0, transfer: 0, payment_account: 0, comment: Кибиткин Денис, office: P7, manager_name: Алпатова Оксана 👩‍💼 P7
[2025-03-27 09:11:38] Операция: Обновление баланса клиента в таблице users
clientId: 46, dolg: -1486350
[2025-03-27 09:54:12] Операция: Внесение данных в таблицу kassa
clientId: 46, nal: -6000, kassa: 0, ekv: 0, transfer: 0, payment_account: 0, comment: Емелин Антон, office: P7, manager_name: Алпатова Оксана 👩‍💼 P7
[2025-03-27 09:54:12] Операция: Обновление баланса клиента в таблице users
clientId: 46, dolg: -1492350
[2025-03-27 10:38:54] Операция: Внесение данных в таблицу kassa
clientId: 48, nal: -500, kassa: 0, ekv: 0, transfer: 0, payment_account: 0, comment: туа.бумага,чист.сре-ва, office: K12, manager_name: Гришина Надежда 👩‍💼 K12
[2025-03-27 10:38:54] Операция: Обновление баланса клиента в таблице users
clientId: 48, dolg: -17913
[2025-03-27 10:49:13] Операция: Внесение данных в таблицу kassa
clientId: 48, nal: -200, kassa: 0, ekv: 0, transfer: 0, payment_account: 0, comment: Доставка воды, office: S8, manager_name: Гирчева Ольга 👩‍💼 S8
[2025-03-27 10:49:13] Операция: Обновление баланса клиента в таблице users
clientId: 48, dolg: -18113
[2025-03-27 16:42:30] Операция: Внесение данных в таблицу kassa
clientId: 953, nal: -200000, kassa: 0, ekv: 0, transfer: 0, payment_account: 0, comment: Мирен (сотки), office: P5, manager_name: Фролова Ирина 👩‍💼 P5
[2025-03-27 16:42:30] Операция: Обновление баланса клиента в таблице users
clientId: 953, dolg: -29099650
[2025-03-27 16:43:04] Операция: Внесение данных в таблицу kassa
clientId: 953, nal: -1760000, kassa: 0, ekv: 0, transfer: 0, payment_account: 0, comment: Наш друг (К) 👩, office: P5, manager_name: Фролова Ирина 👩‍💼 P5
[2025-03-27 16:43:04] Операция: Обновление баланса клиента в таблице users
clientId: 953, dolg: -30859650
[2025-03-27 17:13:17] Операция: Внесение данных в таблицу kassa
clientId: 591, nal: -7537, kassa: 0, ekv: 0, transfer: 0, payment_account: 0, comment: Силикатная, office: P1, manager_name: Бунчина Ирина 👩‍💼 P1
[2025-03-27 17:13:17] Операция: Обновление баланса клиента в таблице users
clientId: 591, dolg: -86009
[2025-03-28 09:14:49] Операция: Внесение данных в таблицу kassa
clientId: 46, nal: -1200, kassa: 0, ekv: 0, transfer: 0, payment_account: 0, comment: Кибиткин Денис, office: P7, manager_name: Алпатова Оксана 👩‍💼 P7
[2025-03-28 09:14:49] Операция: Обновление баланса клиента в таблице users
clientId: 46, dolg: -1493550
[2025-03-28 10:57:26] Операция: Внесение данных в таблицу kassa
clientId: 46, nal: -6000, kassa: 0, ekv: 0, transfer: 0, payment_account: 0, comment: Емелин Антон, office: P7, manager_name: Алпатова Оксана 👩‍💼 P7
[2025-03-28 10:57:26] Операция: Обновление баланса клиента в таблице users
clientId: 46, dolg: -1499550
[2025-03-28 11:38:00] Операция: Внесение данных в таблицу kassa
clientId: 68, nal: -50000, kassa: 0, ekv: 0, transfer: 0, payment_account: 0, comment: Z6-P7, office: Z6, manager_name: Соловков Александр 👨‍💼 Z6
[2025-03-28 11:38:00] Операция: Обновление баланса клиента в таблице users
clientId: 68, dolg: -150000
[2025-03-28 12:21:42] Операция: Внесение данных в таблицу kassa
clientId: 46, nal: -12000, kassa: 0, ekv: 0, transfer: 0, payment_account: 0, comment: Трачук Александр, office: P7, manager_name: Алпатова Оксана 👩‍💼 P7
[2025-03-28 12:21:42] Операция: Обновление баланса клиента в таблице users
clientId: 46, dolg: -1511550
[2025-03-28 13:16:56] Операция: Внесение данных в таблицу kassa
clientId: 46, nal: -15000, kassa: 0, ekv: 0, transfer: 0, payment_account: 0, comment: Ежов Дмитрий, office: P7, manager_name: Алпатова Оксана 👩‍💼 P7
[2025-03-28 13:16:56] Операция: Обновление баланса клиента в таблице users
clientId: 46, dolg: -1526550
[2025-03-28 13:29:08] Операция: Внесение данных в таблицу kassa
clientId: 68, nal: -652000, kassa: 0, ekv: 0, transfer: 0, payment_account: 0, comment: S8->P5, office: S8, manager_name: Гирчева Ольга 👩‍💼 S8
[2025-03-28 13:29:08] Операция: Обновление баланса клиента в таблице users
clientId: 68, dolg: -702000
[2025-03-28 13:36:16] Операция: Внесение данных в таблицу kassa
clientId: 46, nal: -29700, kassa: 0, ekv: 0, transfer: 0, payment_account: 0, comment: Возвраты EMEX (март), office: P5, manager_name: Фролова Ирина 👩‍💼 P5
[2025-03-28 13:36:16] Операция: Обновление баланса клиента в таблице users
clientId: 46, dolg: -1556250
[2025-03-28 14:38:11] Операция: Внесение данных в таблицу kassa
clientId: 46, nal: -10600, kassa: 0, ekv: 0, transfer: 0, payment_account: 0, comment: Доставка Саранск, office: P5, manager_name: Фролова Ирина 👩‍💼 P5
[2025-03-28 14:38:11] Операция: Обновление баланса клиента в таблице users
clientId: 46, dolg: -1566850
[2025-03-28 15:08:39] Операция: Внесение данных в таблицу kassa
clientId: 46, nal: -18000, kassa: 0, ekv: 0, transfer: 0, payment_account: 0, comment: Юркалов Дмитрий, office: P5, manager_name: Фролова Ирина 👩‍💼 P5
[2025-03-28 15:08:39] Операция: Обновление баланса клиента в таблице users
clientId: 46, dolg: -1584850
[2025-03-28 15:33:24] Операция: Внесение данных в таблицу kassa
clientId: 46, nal: -6000, kassa: 0, ekv: 0, transfer: 0, payment_account: 0, comment: Ежов Дмитрий, Зарплата, office: P2, manager_name: Анискина Ольга 👩‍💼 P2
[2025-03-28 15:33:24] Операция: Обновление баланса клиента в таблице users
clientId: 46, dolg: -1590850
[2025-03-28 16:03:34] Операция: Внесение данных в таблицу kassa
clientId: 68, nal: -650000, kassa: 0, ekv: 0, transfer: 0, payment_account: 0, comment: S4-P5, office: S4, manager_name: Сонина Наталья 👩‍💼 S4
[2025-03-28 16:03:34] Операция: Обновление баланса клиента в таблице users
clientId: 68, dolg: -1352000
[2025-03-28 16:04:13] Операция: Внесение данных в таблицу kassa
clientId: 46, nal: -300, kassa: 0, ekv: 0, transfer: 0, payment_account: 0, comment: Инкассация, office: S4, manager_name: Сонина Наталья 👩‍💼 S4
[2025-03-28 16:04:13] Операция: Обновление баланса клиента в таблице users
clientId: 46, dolg: -1591150
[2025-03-28 17:28:38] Операция: Внесение данных в таблицу kassa
clientId: 439, nal: 0, kassa: 0, ekv: -5000, transfer: 0, payment_account: 0, comment: Возврат - 206249342, office: P5, manager_name: Фролова Ирина 👩‍💼 P5
[2025-03-28 17:28:38] Операция: Обновление баланса клиента в таблице users
clientId: 439, dolg: -5000
[2025-03-28 17:30:52] Операция: Внесение данных в таблицу kassa
clientId: 439, nal: 0, kassa: 0, ekv: -6600, transfer: 0, payment_account: 0, comment: Возврат - 207225061, office: P5, manager_name: Фролова Ирина 👩‍💼 P5
[2025-03-28 17:30:52] Операция: Обновление баланса клиента в таблице users
clientId: 439, dolg: -11600
[2025-03-29 10:42:13] Операция: Внесение данных в таблицу kassa
clientId: 1688, nal: 0, kassa: 0, ekv: -7000, transfer: 0, payment_account: 0, comment: Возврат - 207922838, office: P5, manager_name: Фролова Ирина 👩‍💼 P5
[2025-03-29 10:42:13] Операция: Обновление баланса клиента в таблице users
clientId: 1688, dolg: -7000
[2025-03-29 12:19:54] Операция: Внесение данных в таблицу kassa
clientId: 953, nal: -1760000, kassa: 0, ekv: 0, transfer: 0, payment_account: 0, comment: Наш друг (К), office: P5, manager_name: Малков Кирилл 👨‍💼 P5
[2025-03-29 12:19:54] Операция: Обновление баланса клиента в таблице users
clientId: 953, dolg: -32619650
[2025-03-29 13:26:50] Операция: Внесение данных в таблицу kassa
clientId: 68, nal: -150000, kassa: 0, ekv: 0, transfer: 0, payment_account: 0, comment: P2-P1, office: P2, manager_name: Анискина Ольга 👩‍💼 P2
[2025-03-29 13:26:50] Операция: Обновление баланса клиента в таблице users
clientId: 68, dolg: -150000
[2025-03-29 15:16:08] Операция: Внесение данных в таблицу kassa
clientId: 48, nal: -270, kassa: 0, ekv: 0, transfer: 0, payment_account: 0, comment: Средство для мытья полов, office: P7, manager_name: Алпатова Оксана 👩‍💼 P7
[2025-03-29 15:16:08] Операция: Обновление баланса клиента в таблице users
clientId: 48, dolg: -18383
[2025-03-31 09:04:22] Операция: Внесение данных в таблицу kassa
clientId: 46, nal: -1200, kassa: 0, ekv: 0, transfer: 0, payment_account: 0, comment: Кибиткин Денис, office: P7, manager_name: Алпатова Оксана 👩‍💼 P7
[2025-03-31 09:04:22] Операция: Обновление баланса клиента в таблице users
clientId: 46, dolg: -1608250
[2025-03-31 09:15:06] Операция: Внесение данных в таблицу kassa
clientId: 686, nal: -1000, kassa: 0, ekv: 0, transfer: 0, payment_account: 0, comment: Уборка, office: S8, manager_name: Гирчева Ольга 👩‍💼 S8
[2025-03-31 09:15:06] Операция: Обновление баланса клиента в таблице users
clientId: 686, dolg: -64500
[2025-03-31 11:02:10] Операция: Внесение данных в таблицу kassa
clientId: 46, nal: -10000, kassa: 0, ekv: 0, transfer: 0, payment_account: 0, comment: Емелин Антон, office: P7, manager_name: Алпатова Оксана 👩‍💼 P7
[2025-03-31 11:02:10] Операция: Обновление баланса клиента в таблице users
clientId: 46, dolg: -1618250
[2025-03-31 11:18:34] Операция: Внесение данных в таблицу kassa
clientId: 68, nal: -50000, kassa: 0, ekv: 0, transfer: 0, payment_account: 0, comment: Z6-P7, office: Z6, manager_name: Соловков Александр 👨‍💼 Z6
[2025-03-31 11:18:34] Операция: Обновление баланса клиента в таблице users
clientId: 68, dolg: -50000
[2025-03-31 11:56:22] Операция: Внесение данных в таблицу kassa
clientId: 761, nal: -1900, kassa: 0, ekv: 0, transfer: 0, payment_account: 0, comment: Поставщик OS, office: S8, manager_name: Гирчева Ольга 👩‍💼 S8
[2025-03-31 11:56:22] Операция: Обновление баланса клиента в таблице users
clientId: 761, dolg: -36130
[2025-03-31 13:55:26] Операция: Внесение данных в таблицу kassa
clientId: 46, nal: -17500, kassa: 0, ekv: 0, transfer: 0, payment_account: 0, comment: Дасаев Ренат, office: P7, manager_name: Алпатова Оксана 👩‍💼 P7
[2025-03-31 13:55:26] Операция: Обновление баланса клиента в таблице users
clientId: 46, dolg: -1635750
[2025-03-31 14:19:06] Операция: Внесение данных в таблицу kassa
clientId: 953, nal: -535500, kassa: 0, ekv: 0, transfer: 0, payment_account: 0, comment: Наш друг (С) 👨, office: P1, manager_name: Бунчина Ирина 👩‍💼 P1
[2025-03-31 14:19:06] Операция: Обновление баланса клиента в таблице users
clientId: 953, dolg: -33155150
[2025-03-31 15:32:26] Операция: Внесение данных в таблицу kassa
clientId: 761, nal: -2220, kassa: 0, ekv: 0, transfer: 0, payment_account: 0, comment: Поставщик OS, office: S8, manager_name: Гирчева Ольга 👩‍💼 S8
[2025-03-31 15:32:26] Операция: Обновление баланса клиента в таблице users
clientId: 761, dolg: -38350
[2025-04-01 09:07:31] Операция: Внесение данных в таблицу kassa
clientId: 46, nal: -1200, kassa: 0, ekv: 0, transfer: 0, payment_account: 0, comment: Кибиткин Денис, office: P7, manager_name: Алпатова Оксана 👩‍💼 P7
[2025-04-01 09:07:31] Операция: Обновление баланса клиента в таблице users
clientId: 46, dolg: -1636950
[2025-04-01 09:50:46] Операция: Внесение данных в таблицу kassa
clientId: 590, nal: -25000, kassa: 0, ekv: 0, transfer: 0, payment_account: 0, comment: Апрель, office: K12, manager_name: Гришина Надежда 👩‍💼 K12
[2025-04-01 09:50:46] Операция: Обновление баланса клиента в таблице users
clientId: 590, dolg: -148000
[2025-04-01 11:01:32] Операция: Внесение данных в таблицу kassa
clientId: 575, nal: -5000, kassa: 0, ekv: 0, transfer: 0, payment_account: 0, comment: Выдача дс., office: S8, manager_name: Гирчева Ольга 👩‍💼 S8
[2025-04-01 11:01:32] Операция: Обновление баланса клиента в таблице users
clientId: 575, dolg: 12917
[2025-04-01 11:03:19] Операция: Внесение данных в таблицу kassa
clientId: 686, nal: -2000, kassa: 0, ekv: 0, transfer: 0, payment_account: 0, comment: , office: S4, manager_name: Сонина Наталья 👩‍💼 S4
[2025-04-01 11:03:19] Операция: Обновление баланса клиента в таблице users
clientId: 686, dolg: -66500
[2025-04-01 13:41:16] Операция: Внесение данных в таблицу kassa
clientId: 686, nal: -2500, kassa: 0, ekv: 0, transfer: 0, payment_account: 0, comment: , office: K12, manager_name: Гришина Надежда 👩‍💼 K12
[2025-04-01 13:41:16] Операция: Обновление баланса клиента в таблице users
clientId: 686, dolg: -69000
[2025-04-01 14:25:27] Операция: Внесение данных в таблицу kassa
clientId: 686, nal: -4000, kassa: 0, ekv: 0, transfer: 0, payment_account: 0, comment: , office: P7, manager_name: Алпатова Оксана 👩‍💼 P7
[2025-04-01 14:25:27] Операция: Обновление баланса клиента в таблице users
clientId: 686, dolg: -73000
[2025-04-01 14:53:00] Операция: Внесение данных в таблицу kassa
clientId: 548, nal: -488, kassa: 0, ekv: 0, transfer: 0, payment_account: 0, comment: Комиссия, office: P7, manager_name: Алпатова Оксана 👩‍💼 P7
[2025-04-01 14:53:00] Операция: Обновление баланса клиента в таблице users
clientId: 548, dolg: 0
[2025-04-01 15:33:23] Операция: Внесение данных в таблицу kassa
clientId: 46, nal: -10000, kassa: 0, ekv: 0, transfer: 0, payment_account: 0, comment: Емелин Антон, office: P7, manager_name: Алпатова Оксана 👩‍💼 P7
[2025-04-01 15:33:23] Операция: Обновление баланса клиента в таблице users
clientId: 46, dolg: -1646950
[2025-04-01 15:35:55] Операция: Внесение данных в таблицу kassa
clientId: 1707, nal: -80000, kassa: 0, ekv: 0, transfer: 0, payment_account: 0, comment: Возврат 208312065, office: P5, manager_name: Фролова Ирина 👩‍💼 P5
[2025-04-01 15:35:55] Операция: Обновление баланса клиента в таблице users
clientId: 1707, dolg: 4080
[2025-04-01 15:41:40] Операция: Внесение данных в таблицу kassa
clientId: 48, nal: -200, kassa: 0, ekv: 0, transfer: 0, payment_account: 0, comment: Полотенца бумажные, office: P11, manager_name: Голубева Мария 👩‍💼 P11
[2025-04-01 15:41:40] Операция: Обновление баланса клиента в таблице users
clientId: 48, dolg: -18583
[2025-04-01 15:43:37] Операция: Внесение данных в таблицу kassa
clientId: 1066, nal: -1540, kassa: 0, ekv: 0, transfer: 0, payment_account: 0, comment: 206807876, Возврат, office: P2, manager_name: Анискина Ольга 👩‍💼 P2
[2025-04-01 15:43:37] Операция: Обновление баланса клиента в таблице users
clientId: 1066, dolg: 0
[2025-04-01 17:58:53] Операция: Внесение данных в таблицу kassa
clientId: 318, nal: -4100, kassa: 0, ekv: 0, transfer: 0, payment_account: 0, comment: 206709691, office: P1, manager_name: Бунчина Ирина 👩‍💼 P1
[2025-04-01 17:58:53] Операция: Обновление баланса клиента в таблице users
clientId: 318, dolg: 0
[2025-04-01 18:35:39] Операция: Внесение данных в таблицу kassa
clientId: 1732, nal: 0, kassa: 0, ekv: -550, transfer: 0, payment_account: 0, comment: 207701789, office: P5, manager_name: Фролова Ирина 👩‍💼 P5
[2025-04-01 18:35:39] Операция: Обновление баланса клиента в таблице users
clientId: 1732, dolg: 0
[2025-04-02 09:10:49] Операция: Внесение данных в таблицу kassa
clientId: 46, nal: -1200, kassa: 0, ekv: 0, transfer: 0, payment_account: 0, comment: Кибиткин Денис, office: P7, manager_name: Алпатова Оксана 👩‍💼 P7
[2025-04-02 09:10:49] Операция: Обновление баланса клиента в таблице users
clientId: 46, dolg: -1648150
[2025-04-02 09:11:14] Операция: Внесение данных в таблицу kassa
clientId: 1686, nal: -500, kassa: 0, ekv: 0, transfer: 0, payment_account: 0, comment: 207489390, Возврат, office: P2, manager_name: Анискина Ольга 👩‍💼 P2
[2025-04-02 09:11:14] Операция: Обновление баланса клиента в таблице users
clientId: 1686, dolg: 0
[2025-04-02 09:16:43] Операция: Внесение данных в таблицу kassa
clientId: 686, nal: -6920, kassa: 0, ekv: 0, transfer: 0, payment_account: 0, comment: , office: P1, manager_name: Максимкина Татьяна 👩‍💼 P1
[2025-04-02 09:16:43] Операция: Обновление баланса клиента в таблице users
clientId: 686, dolg: -79920
[2025-04-02 12:49:39] Операция: Внесение данных в таблицу kassa
clientId: 686, nal: -7000, kassa: 0, ekv: 0, transfer: 0, payment_account: 0, comment: P5, office: P5, manager_name: Фролова Ирина 👩‍💼 P5
[2025-04-02 12:49:39] Операция: Обновление баланса клиента в таблице users
clientId: 686, dolg: -86920
[2025-04-02 13:27:01] Операция: Внесение данных в таблицу kassa
clientId: 46, nal: -10000, kassa: 0, ekv: 0, transfer: 0, payment_account: 0, comment: Емелин Антон, office: P7, manager_name: Алпатова Оксана 👩‍💼 P7
[2025-04-02 13:27:01] Операция: Обновление баланса клиента в таблице users
clientId: 46, dolg: -1658150
[2025-04-02 15:27:49] Операция: Внесение данных в таблицу kassa
clientId: 953, nal: -8000, kassa: 0, ekv: 0, transfer: 0, payment_account: 0, comment: Мирен (рваные купюры), office: P5, manager_name: Фролова Ирина 👩‍💼 P5
[2025-04-02 15:27:49] Операция: Обновление баланса клиента в таблице users
clientId: 953, dolg: -33166150
[2025-04-02 16:01:00] Операция: Внесение данных в таблицу kassa
clientId: 1239, nal: -14500, kassa: 0, ekv: 0, transfer: 0, payment_account: 0, comment: 207855059, office: P1, manager_name: Максимкина Татьяна 👩‍💼 P1
[2025-04-02 16:01:00] Операция: Обновление баланса клиента в таблице users
clientId: 1239, dolg: -14500
[2025-04-03 09:08:07] Операция: Внесение данных в таблицу kassa
clientId: 46, nal: -1200, kassa: 0, ekv: 0, transfer: 0, payment_account: 0, comment: Кибиткин Денис, office: P7, manager_name: Алпатова Оксана 👩‍💼 P7
[2025-04-03 09:08:07] Операция: Обновление баланса клиента в таблице users
clientId: 46, dolg: -1659350
[2025-04-03 09:24:33] Операция: Внесение данных в таблицу kassa
clientId: 68, nal: -100000, kassa: 0, ekv: 0, transfer: 0, payment_account: 0, comment: К12-Р5, office: K12, manager_name: Гришина Надежда 👩‍💼 K12
[2025-04-03 09:24:33] Операция: Обновление баланса клиента в таблице users
clientId: 68, dolg: -100000
[2025-04-03 10:43:01] Операция: Внесение данных в таблицу kassa
clientId: 46, nal: -10000, kassa: 0, ekv: 0, transfer: 0, payment_account: 0, comment: Емелин Антон, office: P7, manager_name: Алпатова Оксана 👩‍💼 P7
[2025-04-03 10:43:01] Операция: Обновление баланса клиента в таблице users
clientId: 46, dolg: -1669350
[2025-04-03 11:44:33] Операция: Внесение данных в таблицу kassa
clientId: 68, nal: -75000, kassa: 0, ekv: 0, transfer: 0, payment_account: 0, comment: P2-P5, office: P2, manager_name: Анискина Ольга 👩‍💼 P2
[2025-04-03 11:44:33] Операция: Обновление баланса клиента в таблице users
clientId: 68, dolg: -175000
[2025-04-03 12:28:54] Операция: Внесение данных в таблицу kassa
clientId: 1680, nal: -1052, kassa: 0, ekv: 0, transfer: 0, payment_account: 0, comment: 207977188 возврат 581631G000, office: P2, manager_name: Анискина Ольга 👩‍💼 P2
[2025-04-03 12:28:54] Операция: Обновление баланса клиента в таблице users
clientId: 1680, dolg: -1052
[2025-04-03 12:49:49] Операция: Внесение данных в таблицу kassa
clientId: 1680, nal: -1052, kassa: 0, ekv: 0, transfer: 0, payment_account: 0, comment: 207977188 возврат 581631G000, office: P2, manager_name: Анискина Ольга 👩‍💼 P2
[2025-04-03 12:49:49] Операция: Обновление баланса клиента в таблице users
clientId: 1680, dolg: 0
[2025-04-03 13:10:32] Операция: Внесение данных в таблицу kassa
clientId: 68, nal: -1000, kassa: 0, ekv: 0, transfer: 0, payment_account: 0, comment: Р1-Р2, office: P1, manager_name: Максимкина Татьяна 👩‍💼 P1
[2025-04-03 13:10:32] Операция: Обновление баланса клиента в таблице users
clientId: 68, dolg: -1000
[2025-04-03 13:23:07] Операция: Внесение данных в таблицу kassa
clientId: 48, nal: -130, kassa: 0, ekv: 0, transfer: 0, payment_account: 0, comment: Пронин, т/б, office: P7, manager_name: Алпатова Оксана 👩‍💼 P7
[2025-04-03 13:23:07] Операция: Обновление баланса клиента в таблице users
clientId: 48, dolg: -18713
[2025-04-03 13:28:21] Операция: Внесение данных в таблицу kassa
clientId: 1573, nal: 0, kassa: 0, ekv: -880, transfer: 0, payment_account: 0, comment: 207509927, office: S8, manager_name: Гирчева Ольга 👩‍💼 S8
[2025-04-03 13:28:21] Операция: Обновление баланса клиента в таблице users
clientId: 1573, dolg: -880
[2025-04-03 15:31:24] Операция: Внесение данных в таблицу kassa
clientId: 68, nal: -173500, kassa: 0, ekv: 0, transfer: 0, payment_account: 0, comment: Р1-Р5, office: P1, manager_name: Максимкина Татьяна 👩‍💼 P1
[2025-04-03 15:31:24] Операция: Обновление баланса клиента в таблице users
clientId: 68, dolg: -174500
[2025-04-03 15:33:29] Операция: Внесение данных в таблицу kassa
clientId: 48, nal: -20000, kassa: 0, ekv: 0, transfer: 0, payment_account: 0, comment: Верещагин Андрей "Системники", office: P1, manager_name: Максимкина Татьяна 👩‍💼 P1
[2025-04-03 15:33:29] Операция: Обновление баланса клиента в таблице users
clientId: 48, dolg: -38713
[2025-04-03 16:53:14] Операция: Внесение данных в таблицу kassa
clientId: 953, nal: -1760000, kassa: 0, ekv: 0, transfer: 0, payment_account: 0, comment: Наш друг (К) 👩, office: P5, manager_name: Фролова Ирина 👩‍💼 P5
[2025-04-03 16:53:14] Операция: Обновление баланса клиента в таблице users
clientId: 953, dolg: -34926150
[2025-04-04 09:20:08] Операция: Внесение данных в таблицу kassa
clientId: 46, nal: -11500, kassa: 0, ekv: 0, transfer: 0, payment_account: 0, comment: Доставка Саранск и Исса, office: P5, manager_name: Фролова Ирина 👩‍💼 P5
[2025-04-04 09:20:08] Операция: Обновление баланса клиента в таблице users
clientId: 46, dolg: -1680850
[2025-04-04 09:22:28] Операция: Внесение данных в таблицу kassa
clientId: 46, nal: -4600, kassa: 0, ekv: 0, transfer: 0, payment_account: 0, comment: Никольск, office: P11, manager_name: Голубева Мария 👩‍💼 P11
[2025-04-04 09:22:28] Операция: Обновление баланса клиента в таблице users
clientId: 46, dolg: -1685450
[2025-04-04 09:29:14] Операция: Внесение данных в таблицу kassa
clientId: 46, nal: -1200, kassa: 0, ekv: 0, transfer: 0, payment_account: 0, comment: Кибиткин Денис, office: P7, manager_name: Алпатова Оксана 👩‍💼 P7
[2025-04-04 09:29:14] Операция: Обновление баланса клиента в таблице users
clientId: 46, dolg: -1686650
[2025-04-04 10:30:11] Операция: Внесение данных в таблицу kassa
clientId: 46, nal: -9600, kassa: 0, ekv: 0, transfer: 0, payment_account: 0, comment: Доставка Кузнецк (за март 2025), office: P5, manager_name: Фролова Ирина 👩‍💼 P5
[2025-04-04 10:30:11] Операция: Обновление баланса клиента в таблице users
clientId: 46, dolg: -1696250
[2025-04-04 11:21:25] Операция: Внесение данных в таблицу kassa
clientId: 68, nal: -590000, kassa: 0, ekv: 0, transfer: 0, payment_account: 0, comment: S4-P5, office: S4, manager_name: Сонина Наталья 👩‍💼 S4
[2025-04-04 11:21:25] Операция: Обновление баланса клиента в таблице users
clientId: 68, dolg: -590000
[2025-04-04 11:21:50] Операция: Внесение данных в таблицу kassa
clientId: 46, nal: -300, kassa: 0, ekv: 0, transfer: 0, payment_account: 0, comment: Инкассация, office: S4, manager_name: Сонина Наталья 👩‍💼 S4
[2025-04-04 11:21:50] Операция: Обновление баланса клиента в таблице users
clientId: 46, dolg: -1696550
[2025-04-04 11:40:09] Операция: Внесение данных в таблицу kassa
clientId: 46, nal: -12000, kassa: 0, ekv: 0, transfer: 0, payment_account: 0, comment: Трачук Александр, office: P7, manager_name: Алпатова Оксана 👩‍💼 P7
[2025-04-04 11:40:09] Операция: Обновление баланса клиента в таблице users
clientId: 46, dolg: -1708550
[2025-04-04 11:49:13] Операция: Внесение данных в таблицу kassa
clientId: 953, nal: -135000, kassa: 0, ekv: 0, transfer: 0, payment_account: 0, comment: Мкзап Торпеда, office: P7, manager_name: Алпатова Оксана 👩‍💼 P7
[2025-04-04 11:49:13] Операция: Обновление баланса клиента в таблице users
clientId: 953, dolg: -35061150
[2025-04-04 11:53:48] Операция: Внесение данных в таблицу kassa
clientId: 26, nal: -811, kassa: 0, ekv: 0, transfer: 0, payment_account: 0, comment: report_20250320_162413 от 20.03., office: P5, manager_name: Фролова Ирина 👩‍💼 P5
[2025-04-04 11:53:48] Операция: Обновление баланса клиента в таблице users
clientId: 26, dolg: 193
[2025-04-04 13:41:52] Операция: Внесение данных в таблицу kassa
clientId: 68, nal: -787000, kassa: 0, ekv: 0, transfer: 0, payment_account: 0, comment: S8->P5, office: S8, manager_name: Гирчева Ольга 👩‍💼 S8
[2025-04-04 13:41:52] Операция: Обновление баланса клиента в таблице users
clientId: 68, dolg: -1377000
[2025-04-04 16:10:30] Операция: Внесение данных в таблицу kassa
clientId: 46, nal: -15000, kassa: 0, ekv: 0, transfer: 0, payment_account: 0, comment: Юркалов Дмитрий (Р5), office: P5, manager_name: Фролова Ирина 👩‍💼 P5
[2025-04-04 16:10:30] Операция: Обновление баланса клиента в таблице users
clientId: 46, dolg: -1723550
[2025-04-04 16:17:40] Операция: Внесение данных в таблицу kassa
clientId: 46, nal: -7500, kassa: 0, ekv: 0, transfer: 0, payment_account: 0, comment: Ежов Дмитрий, Зарплата, office: P2, manager_name: Анискина Ольга 👩‍💼 P2
[2025-04-04 16:17:40] Операция: Обновление баланса клиента в таблице users
clientId: 46, dolg: -1731050
[2025-04-04 16:55:42] Операция: Внесение данных в таблицу kassa
clientId: 46, nal: -10000, kassa: 0, ekv: 0, transfer: 0, payment_account: 0, comment: Емелин Антон, office: P7, manager_name: Алпатова Оксана 👩‍💼 P7
[2025-04-04 16:55:42] Операция: Обновление баланса клиента в таблице users
clientId: 46, dolg: -1741050
[2025-04-05 10:43:49] Операция: Внесение данных в таблицу kassa
clientId: 1780, nal: -1250, kassa: 0, ekv: 0, transfer: 0, payment_account: 0, comment: возврат 	208935681, office: Z6, manager_name: Соловков Александр 👨‍💼 Z6
[2025-04-05 10:43:49] Операция: Обновление баланса клиента в таблице users
clientId: 1780, dolg: -1250
[2025-04-05 11:04:28] Операция: Внесение данных в таблицу kassa
clientId: 953, nal: -100000, kassa: 0, ekv: 0, transfer: 0, payment_account: 0, comment: Сотки, office: P5, manager_name: Фролова Ирина 👩‍💼 P5
[2025-04-05 11:04:28] Операция: Обновление баланса клиента в таблице users
clientId: 953, dolg: -35161150
[2025-04-05 11:04:53] Операция: Внесение данных в таблицу kassa
clientId: 48, nal: -1200, kassa: 0, ekv: 0, transfer: 0, payment_account: 0, comment: т/б, мусорные мешки, office: P1, manager_name: Бунчина Ирина 👩‍💼 P1
[2025-04-05 11:04:53] Операция: Обновление баланса клиента в таблице users
clientId: 48, dolg: -39913
[2025-04-05 11:17:33] Операция: Внесение данных в таблицу kassa
clientId: 953, nal: -1637700, kassa: 0, ekv: 0, transfer: 0, payment_account: 0, comment: Наш друг (К), office: P5, manager_name: Фролова Ирина 👩‍💼 P5
[2025-04-05 11:17:33] Операция: Обновление баланса клиента в таблице users
clientId: 953, dolg: -36798850
[2025-04-05 11:52:47] Операция: Внесение данных в таблицу kassa
clientId: 46, nal: -2000, kassa: 0, ekv: 0, transfer: 0, payment_account: 0, comment: Трачук Александр, office: P7, manager_name: Алпатова Оксана 👩‍💼 P7
[2025-04-05 11:52:47] Операция: Обновление баланса клиента в таблице users
clientId: 46, dolg: -1758950
[2025-04-07 09:46:49] Операция: Внесение данных в таблицу kassa
clientId: 68, nal: -300000, kassa: 0, ekv: 0, transfer: 0, payment_account: 0, comment: Z6-P7, office: Z6, manager_name: Соловков Александр 👨‍💼 Z6
[2025-04-07 09:46:49] Операция: Обновление баланса клиента в таблице users
clientId: 68, dolg: -300000
[2025-04-07 09:47:05] Операция: Внесение данных в таблицу kassa
clientId: 48, nal: -100, kassa: 0, ekv: 0, transfer: 0, payment_account: 0, comment: Вода, office: P11, manager_name: Голубева Мария 👩‍💼 P11
[2025-04-07 09:47:05] Операция: Обновление баланса клиента в таблице users
clientId: 48, dolg: -40013
[2025-04-07 12:43:02] Операция: Внесение данных в таблицу kassa
clientId: 761, nal: -930, kassa: 0, ekv: 0, transfer: 0, payment_account: 0, comment: Поставщик OS, office: S8, manager_name: Гирчева Ольга 👩‍💼 S8
[2025-04-07 12:43:02] Операция: Обновление баланса клиента в таблице users
clientId: 761, dolg: -39280
[2025-04-07 12:43:36] Операция: Внесение данных в таблицу kassa
clientId: 761, nal: -930, kassa: 0, ekv: 0, transfer: 0, payment_account: 0, comment: Поставщик OS, office: S8, manager_name: Гирчева Ольга 👩‍💼 S8
[2025-04-07 12:43:36] Операция: Обновление баланса клиента в таблице users
clientId: 761, dolg: -40210
[2025-04-07 12:54:57] Операция: Внесение данных в таблицу kassa
clientId: 46, nal: -17500, kassa: 0, ekv: 0, transfer: 0, payment_account: 0, comment: Дасаев Ренат, office: P7, manager_name: Алпатова Оксана 👩‍💼 P7
[2025-04-07 12:54:57] Операция: Обновление баланса клиента в таблице users
clientId: 46, dolg: -1776450
[2025-04-07 12:55:18] Операция: Внесение данных в таблицу kassa
clientId: 46, nal: -10000, kassa: 0, ekv: 0, transfer: 0, payment_account: 0, comment: Емелин Антон, office: P7, manager_name: Алпатова Оксана 👩‍💼 P7
[2025-04-07 12:55:18] Операция: Обновление баланса клиента в таблице users
clientId: 46, dolg: -1786450
[2025-04-07 12:55:42] Операция: Внесение данных в таблицу kassa
clientId: 46, nal: -1200, kassa: 0, ekv: 0, transfer: 0, payment_account: 0, comment: Кибиткин Денис, office: P7, manager_name: Алпатова Оксана 👩‍💼 P7
[2025-04-07 12:55:42] Операция: Обновление баланса клиента в таблице users
clientId: 46, dolg: -1787650
[2025-04-07 14:31:29] Операция: Внесение данных в таблицу kassa
clientId: 46, nal: -15000, kassa: 0, ekv: 0, transfer: 0, payment_account: 0, comment: Ежов Дмитрий, office: P7, manager_name: Алпатова Оксана 👩‍💼 P7
[2025-04-07 14:31:29] Операция: Обновление баланса клиента в таблице users
clientId: 46, dolg: -1802650
[2025-04-07 15:14:35] Операция: Внесение данных в таблицу kassa
clientId: 953, nal: -323700, kassa: 0, ekv: 0, transfer: 0, payment_account: 0, comment: Мирен, office: P5, manager_name: Фролова Ирина 👩‍💼 P5
[2025-04-07 15:14:35] Операция: Обновление баланса клиента в таблице users
clientId: 953, dolg: -37122550
[2025-04-08 09:17:21] Операция: Внесение данных в таблицу kassa
clientId: 46, nal: -1200, kassa: 0, ekv: 0, transfer: 0, payment_account: 0, comment: Кибиткин Денис, office: P7, manager_name: Алпатова Оксана 👩‍💼 P7
[2025-04-08 09:17:21] Операция: Обновление баланса клиента в таблице users
clientId: 46, dolg: -1803850
[2025-04-08 10:36:14] Операция: Внесение данных в таблицу kassa
clientId: 46, nal: -10000, kassa: 0, ekv: 0, transfer: 0, payment_account: 0, comment: Емелин Антон, office: P7, manager_name: Алпатова Оксана 👩‍💼 P7
[2025-04-08 10:36:14] Операция: Обновление баланса клиента в таблице users
clientId: 46, dolg: -1813850
[2025-04-09 09:44:43] Операция: Внесение данных в таблицу kassa
clientId: 68, nal: -350000, kassa: 0, ekv: 0, transfer: 0, payment_account: 0, comment: Z6-P7, office: Z6, manager_name: Соловков Александр 👨‍💼 Z6
[2025-04-09 09:44:43] Операция: Обновление баланса клиента в таблице users
clientId: 68, dolg: -350000
[2025-04-09 10:09:41] Операция: Внесение данных в таблицу kassa
clientId: 46, nal: -1200, kassa: 0, ekv: 0, transfer: 0, payment_account: 0, comment: Кибиткин Денис, office: P7, manager_name: Алпатова Оксана 👩‍💼 P7
[2025-04-09 10:09:41] Операция: Обновление баланса клиента в таблице users
clientId: 46, dolg: -1815050
[2025-04-09 10:23:11] Операция: Внесение данных в таблицу kassa
clientId: 46, nal: -10000, kassa: 0, ekv: 0, transfer: 0, payment_account: 0, comment: Емелин Антон, office: P7, manager_name: Алпатова Оксана 👩‍💼 P7
[2025-04-09 10:23:11] Операция: Обновление баланса клиента в таблице users
clientId: 46, dolg: -1825050
[2025-04-09 12:20:43] Операция: Внесение данных в таблицу kassa
clientId: 686, nal: -14000, kassa: 0, ekv: 0, transfer: 0, payment_account: 0, comment: , office: P7, manager_name: Алпатова Оксана 👩‍💼 P7
[2025-04-09 12:20:43] Операция: Обновление баланса клиента в таблице users
clientId: 686, dolg: -100920
[2025-04-09 13:05:30] Операция: Внесение данных в таблицу kassa
clientId: 761, nal: -1860, kassa: 0, ekv: 0, transfer: 0, payment_account: 0, comment: Поставщик OS, office: S8, manager_name: Гирчева Ольга 👩‍💼 S8
[2025-04-09 13:05:30] Операция: Обновление баланса клиента в таблице users
clientId: 761, dolg: -42070
[2025-04-09 15:39:19] Операция: Внесение данных в таблицу kassa
clientId: 761, nal: -1860, kassa: 0, ekv: 0, transfer: 0, payment_account: 0, comment: Поставщик OS, office: S8, manager_name: Гирчева Ольга 👩‍💼 S8
[2025-04-09 15:39:19] Операция: Обновление баланса клиента в таблице users
clientId: 761, dolg: -43930
[2025-04-09 15:40:21] Операция: Внесение данных в таблицу kassa
clientId: 761, nal: -3720, kassa: 0, ekv: 0, transfer: 0, payment_account: 0, comment: Поставщик OS, office: S8, manager_name: Гирчева Ольга 👩‍💼 S8
[2025-04-09 15:40:21] Операция: Обновление баланса клиента в таблице users
clientId: 761, dolg: -47650
[2025-04-09 17:58:18] Операция: Внесение данных в таблицу kassa
clientId: 1524, nal: -800, kassa: 0, ekv: 0, transfer: 0, payment_account: 0, comment: 208536515, office: P11, manager_name: Голубева Мария 👩‍💼 P11
[2025-04-09 17:58:18] Операция: Обновление баланса клиента в таблице users
clientId: 1524, dolg: 0
[2025-04-10 08:46:53] Операция: Внесение данных в таблицу kassa
clientId: 68, nal: -100000, kassa: 0, ekv: 0, transfer: 0, payment_account: 0, comment: К12-Р5, office: K12, manager_name: Гришина Надежда 👩‍💼 K12
[2025-04-10 08:46:53] Операция: Обновление баланса клиента в таблице users
clientId: 68, dolg: -100000
[2025-04-10 10:16:02] Операция: Внесение данных в таблицу kassa
clientId: 46, nal: -1200, kassa: 0, ekv: 0, transfer: 0, payment_account: 0, comment: Кибиткин Денис, office: P7, manager_name: Алпатова Оксана 👩‍💼 P7
[2025-04-10 10:16:02] Операция: Обновление баланса клиента в таблице users
clientId: 46, dolg: -1826250
[2025-04-10 10:16:21] Операция: Внесение данных в таблицу kassa
clientId: 46, nal: -10000, kassa: 0, ekv: 0, transfer: 0, payment_account: 0, comment: Емелин Антон, office: P7, manager_name: Алпатова Оксана 👩‍💼 P7
[2025-04-10 10:16:21] Операция: Обновление баланса клиента в таблице users
clientId: 46, dolg: -1836250
[2025-04-10 13:18:16] Операция: Внесение данных в таблицу kassa
clientId: 591, nal: -10200, kassa: 0, ekv: 0, transfer: 0, payment_account: 0, comment: Силикатная, office: P1, manager_name: Бунчина Ирина 👩‍💼 P1
[2025-04-10 13:18:16] Операция: Обновление баланса клиента в таблице users
clientId: 591, dolg: -96209
[2025-04-10 13:59:44] Операция: Внесение данных в таблицу kassa
clientId: 68, nal: -604000, kassa: 0, ekv: 0, transfer: 0, payment_account: 0, comment: P1-P5, office: P1, manager_name: Бунчина Ирина 👩‍💼 P1
[2025-04-10 13:59:44] Операция: Обновление баланса клиента в таблице users
clientId: 68, dolg: -704000
[2025-04-10 15:15:01] Операция: Внесение данных в таблицу kassa
clientId: 51, nal: 0, kassa: 0, ekv: -1050, transfer: 0, payment_account: 0, comment: Возврат 209225762, office: P5, manager_name: Фролова Ирина 👩‍💼 P5
[2025-04-10 15:15:01] Операция: Обновление баланса клиента в таблице users
clientId: 51, dolg: 4250
[2025-04-10 15:28:52] Операция: Внесение данных в таблицу kassa
clientId: 953, nal: -1760000, kassa: 0, ekv: 0, transfer: 0, payment_account: 0, comment: Наш друг (К) 👩, office: P5, manager_name: Фролова Ирина 👩‍💼 P5
[2025-04-10 15:28:52] Операция: Обновление баланса клиента в таблице users
clientId: 953, dolg: -38882550
[2025-04-10 18:01:57] Операция: Внесение данных в таблицу kassa
clientId: 48, nal: -1750, kassa: 0, ekv: 0, transfer: 0, payment_account: 0, comment: Заправка катриджей, office: S8, manager_name: Гирчева Ольга 👩‍💼 S8
[2025-04-10 18:01:57] Операция: Обновление баланса клиента в таблице users
clientId: 48, dolg: -41763
[2025-04-10 18:35:01] Операция: Внесение данных в таблицу kassa
clientId: 48, nal: -130, kassa: 0, ekv: 0, transfer: 0, payment_account: 0, comment: Влажные салфетки, office: P11, manager_name: Голубева Мария 👩‍💼 P11
[2025-04-10 18:35:01] Операция: Обновление баланса клиента в таблице users
clientId: 48, dolg: -41393
[2025-04-11 09:09:48] Операция: Внесение данных в таблицу kassa
clientId: 46, nal: -8700, kassa: 0, ekv: 0, transfer: 0, payment_account: 0, comment: Доставка Саранск+Исса, office: P5, manager_name: Фролова Ирина 👩‍💼 P5
[2025-04-11 09:09:48] Операция: Обновление баланса клиента в таблице users
clientId: 46, dolg: -1844950
[2025-04-11 10:09:37] Операция: Внесение данных в таблицу kassa
clientId: 48, nal: -200, kassa: 0, ekv: 0, transfer: 0, payment_account: 0, comment: Доставка воды, office: S8, manager_name: Гирчева Ольга 👩‍💼 S8
[2025-04-11 10:09:37] Операция: Обновление баланса клиента в таблице users
clientId: 48, dolg: -41593
[2025-04-11 10:30:57] Операция: Внесение данных в таблицу kassa
clientId: 68, nal: -250000, kassa: 0, ekv: 0, transfer: 0, payment_account: 0, comment: Z6-P11, office: Z6, manager_name: Соловков Александр 👨‍💼 Z6
[2025-04-11 10:30:57] Операция: Обновление баланса клиента в таблице users
clientId: 68, dolg: -250000
[2025-04-11 11:00:13] Операция: Внесение данных в таблицу kassa
clientId: 68, nal: -1100000, kassa: 0, ekv: 0, transfer: 0, payment_account: 0, comment: S4-P5, office: S4, manager_name: Сонина Наталья 👩‍💼 S4
[2025-04-11 11:00:13] Операция: Обновление баланса клиента в таблице users
clientId: 68, dolg: -1350000
[2025-04-11 11:01:54] Операция: Внесение данных в таблицу kassa
clientId: 761, nal: -1860, kassa: 0, ekv: 0, transfer: 0, payment_account: 0, comment: Поставщик OS, office: S8, manager_name: Гирчева Ольга 👩‍💼 S8
[2025-04-11 11:01:54] Операция: Обновление баланса клиента в таблице users
clientId: 761, dolg: -49510
[2025-04-11 11:09:14] Операция: Внесение данных в таблицу kassa
clientId: 46, nal: -300, kassa: 0, ekv: 0, transfer: 0, payment_account: 0, comment: Инкассация, office: S4, manager_name: Сонина Наталья 👩‍💼 S4
[2025-04-11 11:09:14] Операция: Обновление баланса клиента в таблице users
clientId: 46, dolg: -1845250
[2025-04-11 12:25:26] Операция: Внесение данных в таблицу kassa
clientId: 953, nal: -100000, kassa: 0, ekv: 0, transfer: 0, payment_account: 0, comment: Мирен (сотки), office: P5, manager_name: Фролова Ирина 👩‍💼 P5
[2025-04-11 12:25:26] Операция: Обновление баланса клиента в таблице users
clientId: 953, dolg: -38982550
[2025-04-11 12:38:51] Операция: Внесение данных в таблицу kassa
clientId: 68, nal: -626000, kassa: 0, ekv: 0, transfer: 0, payment_account: 0, comment: S8->P5, office: S8, manager_name: Гирчева Ольга 👩‍💼 S8
[2025-04-11 12:38:51] Операция: Обновление баланса клиента в таблице users
clientId: 68, dolg: -1976000
[2025-04-11 13:47:01] Операция: Внесение данных в таблицу kassa
clientId: 46, nal: -1200, kassa: 0, ekv: 0, transfer: 0, payment_account: 0, comment: Кибиткин Денис, office: P7, manager_name: Алпатова Оксана 👩‍💼 P7
[2025-04-11 13:47:01] Операция: Обновление баланса клиента в таблице users
clientId: 46, dolg: -1846450
[2025-04-11 14:55:24] Операция: Внесение данных в таблицу kassa
clientId: 46, nal: -18000, kassa: 0, ekv: 0, transfer: 0, payment_account: 0, comment:  Юркалов Дмитрий Р5, office: P5, manager_name: Фролова Ирина 👩‍💼 P5
[2025-04-11 14:55:24] Операция: Обновление баланса клиента в таблице users
clientId: 46, dolg: -1874450
[2025-04-11 15:01:57] Операция: Внесение данных в таблицу kassa
clientId: 46, nal: -7500, kassa: 0, ekv: 0, transfer: 0, payment_account: 0, comment: Ежов Дмитрий, зарплата, office: P2, manager_name: Анискина Ольга 👩‍💼 P2
[2025-04-11 15:01:57] Операция: Обновление баланса клиента в таблице users
clientId: 46, dolg: -1881950
[2025-04-11 18:11:06] Операция: Внесение данных в таблицу kassa
clientId: 1832, nal: 0, kassa: 0, ekv: -3680, transfer: 0, payment_account: 0, comment: Возврат 209739797, office: P2, manager_name: Анискина Ольга 👩‍💼 P2
[2025-04-11 18:11:06] Операция: Обновление баланса клиента в таблице users
clientId: 1832, dolg: -3680
[2025-04-12 12:33:12] Операция: Внесение данных в таблицу kassa
clientId: 953, nal: -1854500, kassa: 0, ekv: 0, transfer: 0, payment_account: 0, comment: Наш друг (С), office: P5, manager_name: Фролова Ирина 👩‍💼 P5
[2025-04-12 12:33:12] Операция: Обновление баланса клиента в таблице users
clientId: 953, dolg: -40837050
[2025-04-12 13:56:01] Операция: Внесение данных в таблицу kassa
clientId: 635, nal: 0, kassa: 0, ekv: -1360, transfer: 0, payment_account: 0, comment: 3844090 , office: P1, manager_name: Максимкина Татьяна 👩‍💼 P1
[2025-04-12 13:56:01] Операция: Обновление баланса клиента в таблице users
clientId: 635, dolg: 604073
[2025-04-12 14:28:05] Операция: Внесение данных в таблицу kassa
clientId: 953, nal: -914400, kassa: 0, ekv: 0, transfer: 0, payment_account: 0, comment: Наш друг (С), office: P5, manager_name: Фролова Ирина 👩‍💼 P5
[2025-04-12 14:28:05] Операция: Обновление баланса клиента в таблице users
clientId: 953, dolg: -39896950
[2025-04-12 15:38:57] Операция: Внесение данных в таблицу kassa
clientId: 46, nal: -12000, kassa: 0, ekv: 0, transfer: 0, payment_account: 0, comment: Соловков Александр, office: Z6, manager_name: Соловков Александр 👨‍💼 Z6
[2025-04-12 15:38:57] Операция: Обновление баланса клиента в таблице users
clientId: 46, dolg: -1909550
[2025-04-14 08:59:58] Операция: Внесение данных в таблицу kassa
clientId: 46, nal: -1200, kassa: 0, ekv: 0, transfer: 0, payment_account: 0, comment: Кибиткин Денис, office: P7, manager_name: Алпатова Оксана 👩‍💼 P7
[2025-04-14 08:59:58] Операция: Обновление баланса клиента в таблице users
clientId: 46, dolg: -1910750
[2025-04-14 09:17:03] Операция: Внесение данных в таблицу kassa
clientId: 686, nal: -1000, kassa: 0, ekv: 0, transfer: 0, payment_account: 0, comment: Уборка, office: S8, manager_name: Гирчева Ольга 👩‍💼 S8
[2025-04-14 09:17:03] Операция: Обновление баланса клиента в таблице users
clientId: 686, dolg: -101920
[2025-04-14 10:19:28] Операция: Внесение данных в таблицу kassa
clientId: 68, nal: -300000, kassa: 0, ekv: 0, transfer: 0, payment_account: 0, comment: Z6-P7, office: Z6, manager_name: Соловков Александр 👨‍💼 Z6
[2025-04-14 10:19:28] Операция: Обновление баланса клиента в таблице users
clientId: 68, dolg: -300000
[2025-04-14 10:26:17] Операция: Внесение данных в таблицу kassa
clientId: 46, nal: -10000, kassa: 0, ekv: 0, transfer: 0, payment_account: 0, comment: Емелин Антон, office: P7, manager_name: Алпатова Оксана 👩‍💼 P7
[2025-04-14 10:26:17] Операция: Обновление баланса клиента в таблице users
clientId: 46, dolg: -1920750
[2025-04-14 10:26:45] Операция: Внесение данных в таблицу kassa
clientId: 48, nal: -370, kassa: 0, ekv: 0, transfer: 0, payment_account: 0, comment: Большие пакеты для мусора, office: P7, manager_name: Алпатова Оксана 👩‍💼 P7
[2025-04-14 10:26:45] Операция: Обновление баланса клиента в таблице users
clientId: 48, dolg: -41963
[2025-04-14 11:14:06] Операция: Внесение данных в таблицу kassa
clientId: 761, nal: -1860, kassa: 0, ekv: 0, transfer: 0, payment_account: 0, comment: Поставщик OS, office: S8, manager_name: Гирчева Ольга 👩‍💼 S8
[2025-04-14 11:14:06] Операция: Обновление баланса клиента в таблице users
clientId: 761, dolg: -51370
[2025-04-14 12:58:00] Операция: Внесение данных в таблицу kassa
clientId: 68, nal: -240000, kassa: 0, ekv: 0, transfer: 0, payment_account: 0, comment: P2 - P7, office: P2, manager_name: Анискина Ольга 👩‍💼 P2
[2025-04-14 12:58:00] Операция: Обновление баланса клиента в таблице users
clientId: 68, dolg: -540000
[2025-04-14 13:50:05] Операция: Внесение данных в таблицу kassa
clientId: 46, nal: -17500, kassa: 0, ekv: 0, transfer: 0, payment_account: 0, comment: Дасаев Ренат, office: P7, manager_name: Алпатова Оксана 👩‍💼 P7
[2025-04-14 13:50:05] Операция: Обновление баланса клиента в таблице users
clientId: 46, dolg: -1938250
[2025-04-14 14:15:11] Операция: Внесение данных в таблицу kassa
clientId: 46, nal: -20000, kassa: 0, ekv: 0, transfer: 0, payment_account: 0, comment: Ежов Дмитрий, office: P7, manager_name: Алпатова Оксана 👩‍💼 P7
[2025-04-14 14:15:11] Операция: Обновление баланса клиента в таблице users
clientId: 46, dolg: -1958250
[2025-04-14 14:15:33] Операция: Внесение данных в таблицу kassa
clientId: 48, nal: -300, kassa: 0, ekv: 0, transfer: 0, payment_account: 0, comment: Такси Корнеев, office: P7, manager_name: Алпатова Оксана 👩‍💼 P7
[2025-04-14 14:15:33] Операция: Обновление баланса клиента в таблице users
clientId: 48, dolg: -42263
[2025-04-14 15:00:53] Операция: Внесение данных в таблицу kassa
clientId: 723, nal: 0, kassa: 0, ekv: -3000, transfer: 0, payment_account: 0, comment: 209807142, Возврат, office: P2, manager_name: Анискина Ольга 👩‍💼 P2
[2025-04-14 15:00:53] Операция: Обновление баланса клиента в таблице users
clientId: 723, dolg: 0
[2025-04-14 15:35:08] Операция: Внесение данных в таблицу kassa
clientId: 355, nal: -2068, kassa: 0, ekv: 0, transfer: 0, payment_account: 0, comment: Возврат 00УТ-009902 (RU687 - 2 шт), office: P5, manager_name: Фролова Ирина 👩‍💼 P5
[2025-04-14 15:35:08] Операция: Обновление баланса клиента в таблице users
clientId: 355, dolg: -2068
[2025-04-14 17:41:28] Операция: Внесение данных в таблицу kassa
clientId: 1849, nal: 0, kassa: 0, ekv: -2570, transfer: 0, payment_account: 0, comment: 207599761, office: S8, manager_name: Гирчева Ольга 👩‍💼 S8
[2025-04-14 17:41:28] Операция: Обновление баланса клиента в таблице users
clientId: 1849, dolg: -2570
[2025-04-15 09:00:05] Операция: Внесение данных в таблицу kassa
clientId: 314, nal: -530, kassa: 0, ekv: 0, transfer: 0, payment_account: 0, comment: 209161859, office: P1, manager_name: Бунчина Ирина 👩‍💼 P1
[2025-04-15 09:00:05] Операция: Обновление баланса клиента в таблице users
clientId: 314, dolg: 0
[2025-04-15 09:56:17] Операция: Внесение данных в таблицу kassa
clientId: 46, nal: -1200, kassa: 0, ekv: 0, transfer: 0, payment_account: 0, comment: Кибиткин Денис, office: P7, manager_name: Алпатова Оксана 👩‍💼 P7
[2025-04-15 09:56:17] Операция: Обновление баланса клиента в таблице users
clientId: 46, dolg: -1959450
[2025-04-15 10:10:26] Операция: Внесение данных в таблицу kassa
clientId: 859, nal: -67650, kassa: 0, ekv: 0, transfer: 0, payment_account: 0, comment: За март 2025 г., office: P5, manager_name: Фролова Ирина 👩‍💼 P5
[2025-04-15 10:10:26] Операция: Обновление баланса клиента в таблице users
clientId: 859, dolg: -208750
[2025-04-15 10:12:10] Операция: Внесение данных в таблицу kassa
clientId: 46, nal: -10000, kassa: 0, ekv: 0, transfer: 0, payment_account: 0, comment: Емелин Антон, office: P7, manager_name: Алпатова Оксана 👩‍💼 P7
[2025-04-15 10:12:10] Операция: Обновление баланса клиента в таблице users
clientId: 46, dolg: -1969450
[2025-04-15 10:18:34] Операция: Внесение данных в таблицу kassa
clientId: 953, nal: -1760000, kassa: 0, ekv: 0, transfer: 0, payment_account: 0, comment: Наш друг (К) 👩, office: P5, manager_name: Фролова Ирина 👩‍💼 P5
[2025-04-15 10:18:34] Операция: Обновление баланса клиента в таблице users
clientId: 953, dolg: -41656950
[2025-04-15 12:04:13] Операция: Внесение данных в таблицу kassa
clientId: 68, nal: -170000, kassa: 0, ekv: 0, transfer: 0, payment_account: 0, comment: К12-Р5, office: K12, manager_name: Гришина Надежда 👩‍💼 K12
[2025-04-15 12:04:13] Операция: Обновление баланса клиента в таблице users
clientId: 68, dolg: -170000
[2025-04-15 13:02:50] Операция: Внесение данных в таблицу kassa
clientId: 1000, nal: 0, kassa: 0, ekv: -750, transfer: 0, payment_account: 0, comment: 208314884, office: P11, manager_name: Голубева Мария 👩‍💼 P11
[2025-04-15 13:02:50] Операция: Обновление баланса клиента в таблице users
clientId: 1000, dolg: 0
[2025-04-15 13:27:45] Операция: Внесение данных в таблицу kassa
clientId: 1784, nal: -3700, kassa: 0, ekv: 0, transfer: 0, payment_account: 0, comment: 209041658, Возврат, office: P2, manager_name: Анискина Ольга 👩‍💼 P2
[2025-04-15 13:27:45] Операция: Обновление баланса клиента в таблице users
clientId: 1784, dolg: 0
[2025-04-15 14:11:12] Операция: Внесение данных в таблицу kassa
clientId: 83, nal: -1040, kassa: 0, ekv: 0, transfer: 0, payment_account: 0, comment: Чек №719 от 14.04.25, office: P5, manager_name: Фролова Ирина 👩‍💼 P5
[2025-04-15 14:11:12] Операция: Обновление баланса клиента в таблице users
clientId: 83, dolg: -10710
[2025-04-15 15:50:51] Операция: Внесение данных в таблицу kassa
clientId: 953, nal: -80000, kassa: 0, ekv: 0, transfer: 0, payment_account: 0, comment: Мирен (сотки), office: P5, manager_name: Фролова Ирина 👩‍💼 P5
[2025-04-15 15:50:51] Операция: Обновление баланса клиента в таблице users
clientId: 953, dolg: -41736950
[2025-04-16 09:18:32] Операция: Внесение данных в таблицу kassa
clientId: 46, nal: -1200, kassa: 0, ekv: 0, transfer: 0, payment_account: 0, comment: Кибиткин Денис, office: P7, manager_name: Алпатова Оксана 👩‍💼 P7
[2025-04-16 09:18:32] Операция: Обновление баланса клиента в таблице users
clientId: 46, dolg: -1970650
[2025-04-16 09:22:47] Операция: Внесение данных в таблицу kassa
clientId: 48, nal: -227, kassa: 0, ekv: 0, transfer: 0, payment_account: 0, comment: Стаканчики, салфетки, office: S8, manager_name: Гирчева Ольга 👩‍💼 S8
[2025-04-16 09:22:47] Операция: Обновление баланса клиента в таблице users
clientId: 48, dolg: -42490
[2025-04-16 11:05:43] Операция: Внесение данных в таблицу kassa
clientId: 46, nal: -10000, kassa: 0, ekv: 0, transfer: 0, payment_account: 0, comment: Емелин Антон, office: P7, manager_name: Алпатова Оксана 👩‍💼 P7
[2025-04-16 11:05:43] Операция: Обновление баланса клиента в таблице users
clientId: 46, dolg: -1980650
[2025-04-16 12:00:50] Операция: Внесение данных в таблицу kassa
clientId: 68, nal: -200000, kassa: 0, ekv: 0, transfer: 0, payment_account: 0, comment: Z6-P7, office: Z6, manager_name: Соловков Александр 👨‍💼 Z6
[2025-04-16 12:00:50] Операция: Обновление баланса клиента в таблице users
clientId: 68, dolg: -200000
[2025-04-16 14:51:13] Операция: Внесение данных в таблицу kassa
clientId: 48, nal: -65, kassa: 0, ekv: 0, transfer: 0, payment_account: 0, comment: Распечатка объявления, office: P2, manager_name: Анискина Ольга 👩‍💼 P2
[2025-04-16 14:51:13] Операция: Обновление баланса клиента в таблице users
clientId: 48, dolg: -42555
[2025-04-16 18:08:09] Операция: Внесение данных в таблицу kassa
clientId: 478, nal: 0, kassa: 0, ekv: -3242, transfer: 0, payment_account: 0, comment: 210345038, Возврат, office: P2, manager_name: Анискина Ольга 👩‍💼 P2
[2025-04-16 18:08:09] Операция: Обновление баланса клиента в таблице users
clientId: 478, dolg: 0
[2025-04-16 18:10:39] Операция: Внесение данных в таблицу kassa
clientId: 1733, nal: 0, kassa: 0, ekv: -3176, transfer: 0, payment_account: 0, comment: 208591718, Возврат, office: P2, manager_name: Анискина Ольга 👩‍💼 P2
[2025-04-16 18:10:39] Операция: Обновление баланса клиента в таблице users
clientId: 1733, dolg: 0
[2025-04-17 08:17:38] Операция: Внесение данных в таблицу kassa
clientId: 68, nal: -220000, kassa: 0, ekv: 0, transfer: 0, payment_account: 0, comment: К12-Р5, office: K12, manager_name: Гришина Надежда 👩‍💼 K12
[2025-04-17 08:17:38] Операция: Обновление баланса клиента в таблице users
clientId: 68, dolg: -220000
[2025-04-17 09:35:02] Операция: Внесение данных в таблицу kassa
clientId: 46, nal: -1200, kassa: 0, ekv: 0, transfer: 0, payment_account: 0, comment: Кибиткин Денис, office: P7, manager_name: Алпатова Оксана 👩‍💼 P7
[2025-04-17 09:35:02] Операция: Обновление баланса клиента в таблице users
clientId: 46, dolg: -1981850
[2025-04-17 09:53:22] Операция: Внесение данных в таблицу kassa
clientId: 68, nal: -20000, kassa: -20000, ekv: 0, transfer: 0, payment_account: 0, comment: , office: Z6, manager_name: Соловков Александр 👨‍💼 Z6
[2025-04-17 09:53:22] Операция: Обновление баланса клиента в таблице users
clientId: 68, dolg: -260000
[2025-04-17 10:18:40] Операция: Внесение данных в таблицу kassa
clientId: 68, nal: 0, kassa: -20000, ekv: 0, transfer: 0, payment_account: 0, comment: , office: Z6, manager_name: Соловков Александр 👨‍💼 Z6
[2025-04-17 10:18:40] Операция: Обновление баланса клиента в таблице users
clientId: 68, dolg: -240000
[2025-04-17 11:17:57] Операция: Внесение данных в таблицу kassa
clientId: 48, nal: -150, kassa: 0, ekv: 0, transfer: 0, payment_account: 0, comment: бумажные полотенца, office: P11, manager_name: Голубева Мария 👩‍💼 P11
[2025-04-17 11:17:57] Операция: Обновление баланса клиента в таблице users
clientId: 48, dolg: -42770
[2025-04-17 12:42:57] Операция: Внесение данных в таблицу kassa
clientId: 761, nal: -2180, kassa: 0, ekv: 0, transfer: 0, payment_account: 0, comment: Поставщик OS, office: S8, manager_name: Гирчева Ольга 👩‍💼 S8
[2025-04-17 12:42:57] Операция: Обновление баланса клиента в таблице users
clientId: 761, dolg: -53550
[2025-04-17 13:53:39] Операция: Внесение данных в таблицу kassa
clientId: 1781, nal: -5380, kassa: 0, ekv: 0, transfer: 0, payment_account: 0, comment: 207663037, office: P5, manager_name: Фролова Ирина 👩‍💼 P5
[2025-04-17 13:53:39] Операция: Обновление баланса клиента в таблице users
clientId: 1781, dolg: 0
[2025-04-17 14:03:07] Операция: Внесение данных в таблицу kassa
clientId: 46, nal: -10000, kassa: 0, ekv: 0, transfer: 0, payment_account: 0, comment: Емелин Антон, office: P7, manager_name: Алпатова Оксана 👩‍💼 P7
[2025-04-17 14:03:07] Операция: Обновление баланса клиента в таблице users
clientId: 46, dolg: -1991850
[2025-04-17 15:07:59] Операция: Внесение данных в таблицу kassa
clientId: 68, nal: -500000, kassa: 0, ekv: 0, transfer: 0, payment_account: 0, comment: P7-P5, office: P7, manager_name: Алпатова Оксана 👩‍💼 P7
[2025-04-17 15:07:59] Операция: Обновление баланса клиента в таблице users
clientId: 68, dolg: -500000
[2025-04-17 17:10:00] Операция: Внесение данных в таблицу kassa
clientId: 1129, nal: 0, kassa: 0, ekv: -760, transfer: 0, payment_account: 0, comment: 208989391, Возврат, office: P2, manager_name: Анискина Ольга 👩‍💼 P2
[2025-04-17 17:10:00] Операция: Обновление баланса клиента в таблице users
clientId: 1129, dolg: 0
[2025-04-17 18:40:11] Операция: Внесение данных в таблицу kassa
clientId: 953, nal: -1760000, kassa: 0, ekv: 0, transfer: 0, payment_account: 0, comment: Наш друг (К) 👩, office: P5, manager_name: Фролова Ирина 👩‍💼 P5
[2025-04-17 18:40:11] Операция: Обновление баланса клиента в таблице users
clientId: 953, dolg: -43496950
[2025-04-18 09:15:45] Операция: Внесение данных в таблицу kassa
clientId: 46, nal: -10200, kassa: 0, ekv: 0, transfer: 0, payment_account: 0, comment: Доставка Саранск+Исса, office: P5, manager_name: Фролова Ирина 👩‍💼 P5
[2025-04-18 09:15:45] Операция: Обновление баланса клиента в таблице users
clientId: 46, dolg: -2002050
[2025-04-18 10:12:18] Операция: Внесение данных в таблицу kassa
clientId: 590, nal: -12000, kassa: 0, ekv: 0, transfer: 0, payment_account: 0, comment: Бессоновка(апрель), office: P11, manager_name: Голубева Мария 👩‍💼 P11
[2025-04-18 10:12:18] Операция: Обновление баланса клиента в таблице users
clientId: 590, dolg: -160000
[2025-04-18 10:13:06] Операция: Внесение данных в таблицу kassa
clientId: 46, nal: -1200, kassa: 0, ekv: 0, transfer: 0, payment_account: 0, comment: Кибиткин Денис, office: P7, manager_name: Алпатова Оксана 👩‍💼 P7
[2025-04-18 10:13:06] Операция: Обновление баланса клиента в таблице users
clientId: 46, dolg: -2003250
[2025-04-18 10:33:20] Операция: Внесение данных в таблицу kassa
clientId: 68, nal: -100000, kassa: 0, ekv: 0, transfer: 0, payment_account: 0, comment: P7-P1, office: P7, manager_name: Алпатова Оксана 👩‍💼 P7
[2025-04-18 10:33:20] Операция: Обновление баланса клиента в таблице users
clientId: 68, dolg: -100000
[2025-04-18 10:48:12] Операция: Внесение данных в таблицу kassa
clientId: 46, nal: -10000, kassa: 0, ekv: 0, transfer: 0, payment_account: 0, comment: Емелин Антон, office: P7, manager_name: Алпатова Оксана 👩‍💼 P7
[2025-04-18 10:48:12] Операция: Обновление баланса клиента в таблице users
clientId: 46, dolg: -2013250
[2025-04-18 10:48:46] Операция: Внесение данных в таблицу kassa
clientId: 48, nal: -200, kassa: 0, ekv: 0, transfer: 0, payment_account: 0, comment: Средство для мытья полов, office: P7, manager_name: Алпатова Оксана 👩‍💼 P7
[2025-04-18 10:48:46] Операция: Обновление баланса клиента в таблице users
clientId: 48, dolg: -42970
[2025-04-18 11:16:56] Операция: Внесение данных в таблицу kassa
clientId: 955, nal: -20000, kassa: 0, ekv: 0, transfer: 0, payment_account: 0, comment: Шестаков Дмитрий, office: P7, manager_name: Алпатова Оксана 👩‍💼 P7
[2025-04-18 11:16:56] Операция: Обновление баланса клиента в таблице users
clientId: 955, dolg: -20000
[2025-04-18 11:20:30] Операция: Внесение данных в таблицу kassa
clientId: 68, nal: -700000, kassa: 0, ekv: 0, transfer: 0, payment_account: 0, comment: S4-P5, office: S4, manager_name: Сонина Наталья 👩‍💼 S4
[2025-04-18 11:20:30] Операция: Обновление баланса клиента в таблице users
clientId: 68, dolg: -800000
[2025-04-18 11:20:57] Операция: Внесение данных в таблицу kassa
clientId: 46, nal: -300, kassa: 0, ekv: 0, transfer: 0, payment_account: 0, comment: Инкассация, office: S4, manager_name: Сонина Наталья 👩‍💼 S4
[2025-04-18 11:20:57] Операция: Обновление баланса клиента в таблице users
clientId: 46, dolg: -2013550
[2025-04-18 11:37:35] Операция: Внесение данных в таблицу kassa
clientId: 68, nal: -200000, kassa: 0, ekv: 0, transfer: 0, payment_account: 0, comment: P2-P1, office: P2, manager_name: Анискина Ольга 👩‍💼 P2
[2025-04-18 11:37:35] Операция: Обновление баланса клиента в таблице users
clientId: 68, dolg: -1000000
[2025-04-18 11:49:51] Операция: Внесение данных в таблицу kassa
clientId: 68, nal: -400000, kassa: 0, ekv: 0, transfer: 0, payment_account: 0, comment: Z6-P11, office: Z6, manager_name: Соловков Александр 👨‍💼 Z6
[2025-04-18 11:49:51] Операция: Обновление баланса клиента в таблице users
clientId: 68, dolg: -1400000
[2025-04-18 12:03:32] Операция: Внесение данных в таблицу kassa
clientId: 68, nal: -593000, kassa: 0, ekv: 0, transfer: 0, payment_account: 0, comment: S8->P5, office: S8, manager_name: Гирчева Ольга 👩‍💼 S8
[2025-04-18 12:03:32] Операция: Обновление баланса клиента в таблице users
clientId: 68, dolg: -1993000
[2025-04-18 12:16:03] Операция: Внесение данных в таблицу kassa
clientId: 48, nal: -400, kassa: 0, ekv: 0, transfer: 0, payment_account: 0, comment: Бумага 1 шт, office: S4, manager_name: Сонина Наталья 👩‍💼 S4
[2025-04-18 12:16:03] Операция: Обновление баланса клиента в таблице users
clientId: 48, dolg: -43370
[2025-04-18 13:26:49] Операция: Внесение данных в таблицу kassa
clientId: 1379, nal: 0, kassa: 0, ekv: -11000, transfer: 0, payment_account: 0, comment: 204247921, Возврат, office: P2, manager_name: Анискина Ольга 👩‍💼 P2
[2025-04-18 13:26:49] Операция: Обновление баланса клиента в таблице users
clientId: 1379, dolg: 0
[2025-04-18 13:53:18] Операция: Внесение данных в таблицу kassa
clientId: 953, nal: -530100, kassa: 0, ekv: 0, transfer: 0, payment_account: 0, comment: Наш друг (С), office: P1, manager_name: Бунчина Ирина 👩‍💼 P1
[2025-04-18 13:53:18] Операция: Обновление баланса клиента в таблице users
clientId: 953, dolg: -44027050
[2025-04-18 14:21:02] Операция: Внесение данных в таблицу kassa
clientId: 761, nal: -1860, kassa: 0, ekv: 0, transfer: 0, payment_account: 0, comment: Поставщик OS, office: S8, manager_name: Гирчева Ольга 👩‍💼 S8
[2025-04-18 14:21:02] Операция: Обновление баланса клиента в таблице users
clientId: 761, dolg: -55410
[2025-04-18 15:45:13] Операция: Внесение данных в таблицу kassa
clientId: 46, nal: -18000, kassa: 0, ekv: 0, transfer: 0, payment_account: 0, comment: Юркалов Дмитрий Р5, office: P5, manager_name: Фролова Ирина 👩‍💼 P5
[2025-04-18 15:45:13] Операция: Обновление баланса клиента в таблице users
clientId: 46, dolg: -2031550
[2025-04-19 10:37:05] Операция: Внесение данных в таблицу kassa
clientId: 46, nal: -500, kassa: 0, ekv: 0, transfer: 0, payment_account: 0, comment: Доставка Исса, office: P5, manager_name: Фролова Ирина 👩‍💼 P5
[2025-04-19 10:37:05] Операция: Обновление баланса клиента в таблице users
clientId: 46, dolg: -2032050
[2025-04-19 10:45:55] Операция: Внесение данных в таблицу kassa
clientId: 46, nal: -500, kassa: 0, ekv: 0, transfer: 0, payment_account: 0, comment: Доставка Исса, office: P5, manager_name: Фролова Ирина 👩‍💼 P5
[2025-04-19 10:45:55] Операция: Обновление баланса клиента в таблице users
clientId: 46, dolg: -2032050
[2025-04-19 12:59:48] Операция: Внесение данных в таблицу kassa
clientId: 953, nal: -5000, kassa: 0, ekv: 0, transfer: 0, payment_account: 0, comment: Мирен, office: P5, manager_name: Фролова Ирина 👩‍💼 P5
[2025-04-19 12:59:48] Операция: Обновление баланса клиента в таблице users
clientId: 953, dolg: -44032050
[2025-04-19 13:00:38] Операция: Внесение данных в таблицу kassa
clientId: 953, nal: -1760000, kassa: 0, ekv: 0, transfer: 0, payment_account: 0, comment: Наш друг (К), office: P5, manager_name: Фролова Ирина 👩‍💼 P5
[2025-04-19 13:00:38] Операция: Обновление баланса клиента в таблице users
clientId: 953, dolg: -45792050
[2025-04-19 14:04:27] Операция: Внесение данных в таблицу kassa
clientId: 46, nal: -12000, kassa: 0, ekv: 0, transfer: 0, payment_account: 0, comment: Соловков Александр, office: Z6, manager_name: Соловков Александр 👨‍💼 Z6
[2025-04-19 14:04:27] Операция: Обновление баланса клиента в таблице users
clientId: 46, dolg: -2059950
[2025-04-21 09:37:43] Операция: Внесение данных в таблицу kassa
clientId: 46, nal: -20000, kassa: 0, ekv: 0, transfer: 0, payment_account: 0, comment: Ежов Дмитрий, office: P7, manager_name: Алпатова Оксана 👩‍💼 P7
[2025-04-21 09:37:43] Операция: Обновление баланса клиента в таблице users
clientId: 46, dolg: -2079950
[2025-04-21 09:38:12] Операция: Внесение данных в таблицу kassa
clientId: 46, nal: -1200, kassa: 0, ekv: 0, transfer: 0, payment_account: 0, comment: Кибиткин Денис, office: P7, manager_name: Алпатова Оксана 👩‍💼 P7
[2025-04-21 09:38:12] Операция: Обновление баланса клиента в таблице users
clientId: 46, dolg: -2081150
[2025-04-21 11:11:58] Операция: Внесение данных в таблицу kassa
clientId: 68, nal: -200000, kassa: 0, ekv: 0, transfer: 0, payment_account: 0, comment: Z6-P11, office: Z6, manager_name: Соловков Александр 👨‍💼 Z6
[2025-04-21 11:11:58] Операция: Обновление баланса клиента в таблице users
clientId: 68, dolg: -200000
[2025-04-21 13:26:18] Операция: Внесение данных в таблицу kassa
clientId: 1799, nal: -2295, kassa: 0, ekv: 0, transfer: 0, payment_account: 0, comment: 209402632, Возврат, office: P2, manager_name: Анискина Ольга 👩‍💼 P2
[2025-04-21 13:26:18] Операция: Обновление баланса клиента в таблице users
clientId: 1799, dolg: -2295
[2025-04-21 13:56:27] Операция: Внесение данных в таблицу kassa
clientId: 46, nal: -17500, kassa: 0, ekv: 0, transfer: 0, payment_account: 0, comment: Дасаев Ринат, office: P7, manager_name: Алпатова Оксана 👩‍💼 P7
[2025-04-21 13:56:27] Операция: Обновление баланса клиента в таблице users
clientId: 46, dolg: -2098650
[2025-04-21 14:04:17] Операция: Внесение данных в таблицу kassa
clientId: 46, nal: -10000, kassa: 0, ekv: 0, transfer: 0, payment_account: 0, comment: Емелин Антон, office: P7, manager_name: Алпатова Оксана 👩‍💼 P7
[2025-04-21 14:04:17] Операция: Обновление баланса клиента в таблице users
clientId: 46, dolg: -2108650
[2025-04-21 15:04:06] Операция: Внесение данных в таблицу kassa
clientId: 591, nal: -5450, kassa: 0, ekv: 0, transfer: 0, payment_account: 0, comment: За март 2025 г., office: P5, manager_name: Фролова Ирина 👩‍💼 P5
[2025-04-21 15:04:06] Операция: Обновление баланса клиента в таблице users
clientId: 591, dolg: -101659
[2025-04-21 18:36:59] Операция: Внесение данных в таблицу kassa
clientId: 1840, nal: -2630, kassa: 0, ekv: 0, transfer: 0, payment_account: 0, comment: Хошев Дмитрий Владимирович, office: P1, manager_name: Максимкина Татьяна 👩‍💼 P1
[2025-04-21 18:36:59] Операция: Обновление баланса клиента в таблице users
clientId: 1840, dolg: 1270
[2025-04-21 18:37:50] Операция: Внесение данных в таблицу kassa
clientId: 1840, nal: -2630, kassa: 0, ekv: 0, transfer: 0, payment_account: 0, comment: 209842552, office: P1, manager_name: Максимкина Татьяна 👩‍💼 P1
[2025-04-21 18:37:50] Операция: Обновление баланса клиента в таблице users
clientId: 1840, dolg: -2630
[2025-04-22 09:03:30] Операция: Внесение данных в таблицу kassa
clientId: 46, nal: -1200, kassa: 0, ekv: 0, transfer: 0, payment_account: 0, comment: Кибиткин Денис, office: P7, manager_name: Алпатова Оксана 👩‍💼 P7
[2025-04-22 09:03:30] Операция: Обновление баланса клиента в таблице users
clientId: 46, dolg: -2109850
[2025-04-22 10:13:47] Операция: Внесение данных в таблицу kassa
clientId: 46, nal: -2400, kassa: 0, ekv: 0, transfer: 0, payment_account: 0, comment: Никольск, office: P11, manager_name: Голубева Мария 👩‍💼 P11
[2025-04-22 10:13:47] Операция: Обновление баланса клиента в таблице users
clientId: 46, dolg: -2112250
[2025-04-22 12:22:23] Операция: Внесение данных в таблицу kassa
clientId: 761, nal: -2180, kassa: 0, ekv: 0, transfer: 0, payment_account: 0, comment: Поставщик OS, office: S8, manager_name: Гирчева Ольга 👩‍💼 S8
[2025-04-22 12:22:23] Операция: Обновление баланса клиента в таблице users
clientId: 761, dolg: -57590
[2025-04-22 13:43:57] Операция: Внесение данных в таблицу kassa
clientId: 46, nal: -10000, kassa: 0, ekv: 0, transfer: 0, payment_account: 0, comment: Емелин Антон, office: P7, manager_name: Алпатова Оксана 👩‍💼 P7
[2025-04-22 13:43:57] Операция: Обновление баланса клиента в таблице users
clientId: 46, dolg: -2122250
[2025-04-22 13:50:38] Операция: Внесение данных в таблицу kassa
clientId: 761, nal: -1860, kassa: 0, ekv: 0, transfer: 0, payment_account: 0, comment: Поставщик OS, office: S8, manager_name: Гирчева Ольга 👩‍💼 S8
[2025-04-22 13:50:38] Операция: Обновление баланса клиента в таблице users
clientId: 761, dolg: -59450
[2025-04-22 14:19:35] Операция: Внесение данных в таблицу kassa
clientId: 594, nal: 0, kassa: 0, ekv: -1400, transfer: 0, payment_account: 0, comment: 211259532, office: P5, manager_name: Фролова Ирина 👩‍💼 P5
[2025-04-22 14:19:35] Операция: Обновление баланса клиента в таблице users
clientId: 594, dolg: 0
[2025-04-22 14:19:46] Операция: Внесение данных в таблицу kassa
clientId: 1016, nal: 0, kassa: 0, ekv: -11050, transfer: 0, payment_account: 0, comment: 209181906, Возврат, office: P2, manager_name: Анискина Ольга 👩‍💼 P2
[2025-04-22 14:19:46] Операция: Обновление баланса клиента в таблице users
clientId: 1016, dolg: 0
[2025-04-22 14:34:28] Операция: Внесение данных в таблицу kassa
clientId: 267, nal: -1300, kassa: 0, ekv: 0, transfer: 0, payment_account: 0, comment: 211254089, office: P5, manager_name: Фролова Ирина 👩‍💼 P5
[2025-04-22 14:34:28] Операция: Обновление баланса клиента в таблице users
clientId: 267, dolg: -1300
[2025-04-23 08:17:10] Операция: Внесение данных в таблицу kassa
clientId: 68, nal: -190000, kassa: 0, ekv: 0, transfer: 0, payment_account: 0, comment: К12-Р5, office: K12, manager_name: Гришина Надежда 👩‍💼 K12
[2025-04-23 08:17:10] Операция: Обновление баланса клиента в таблице users
clientId: 68, dolg: -190000
[2025-04-23 09:18:23] Операция: Внесение данных в таблицу kassa
clientId: 591, nal: -7550, kassa: 0, ekv: 0, transfer: 0, payment_account: 0, comment:  Резепов Рамиль 04/2025, office: P1, manager_name: Бунчина Ирина 👩‍💼 P1
[2025-04-23 09:18:23] Операция: Обновление баланса клиента в таблице users
clientId: 591, dolg: -109209
[2025-04-23 09:27:21] Операция: Внесение данных в таблицу kassa
clientId: 46, nal: -1200, kassa: 0, ekv: 0, transfer: 0, payment_account: 0, comment: Кибиткин Денис, office: P7, manager_name: Алпатова Оксана 👩‍💼 P7
[2025-04-23 09:27:21] Операция: Обновление баланса клиента в таблице users
clientId: 46, dolg: -2123450
[2025-04-23 10:13:36] Операция: Внесение данных в таблицу kassa
clientId: 46, nal: -10000, kassa: 0, ekv: 0, transfer: 0, payment_account: 0, comment: Емелин Антон, office: P7, manager_name: Алпатова Оксана 👩‍💼 P7
[2025-04-23 10:13:36] Операция: Обновление баланса клиента в таблице users
clientId: 46, dolg: -2133450
[2025-04-23 10:49:26] Операция: Внесение данных в таблицу kassa
clientId: 1880, nal: 0, kassa: -5600, ekv: 0, transfer: 0, payment_account: 0, comment: Возврат, office: S4, manager_name: Сонина Наталья 👩‍💼 S4
[2025-04-23 10:49:26] Операция: Обновление баланса клиента в таблице users
clientId: 1880, dolg: 0
[2025-04-23 11:10:43] Операция: Внесение данных в таблицу kassa
clientId: 68, nal: -250000, kassa: 0, ekv: 0, transfer: 0, payment_account: 0, comment: Z6-P7, office: Z6, manager_name: Соловков Александр 👨‍💼 Z6
[2025-04-23 11:10:43] Операция: Обновление баланса клиента в таблице users
clientId: 68, dolg: -440000
[2025-04-23 14:38:29] Операция: Внесение данных в таблицу kassa
clientId: 1959, nal: 0, kassa: 0, ekv: -1750, transfer: 0, payment_account: 0, comment: 211026566, office: P5, manager_name: Фролова Ирина 👩‍💼 P5
[2025-04-23 14:38:29] Операция: Обновление баланса клиента в таблице users
clientId: 1959, dolg: 0
[2025-04-24 09:24:56] Операция: Внесение данных в таблицу kassa
clientId: 46, nal: -1200, kassa: 0, ekv: 0, transfer: 0, payment_account: 0, comment: Кибиткин Денис, office: P7, manager_name: Алпатова Оксана 👩‍💼 P7
[2025-04-24 09:24:56] Операция: Обновление баланса клиента в таблице users
clientId: 46, dolg: -2134650
[2025-04-24 10:35:03] Операция: Внесение данных в таблицу kassa
clientId: 46, nal: -10000, kassa: 0, ekv: 0, transfer: 0, payment_account: 0, comment: Емелин Антон, office: P7, manager_name: Алпатова Оксана 👩‍💼 P7
[2025-04-24 10:35:03] Операция: Обновление баланса клиента в таблице users
clientId: 46, dolg: -2144650
[2025-04-24 11:36:05] Операция: Внесение данных в таблицу kassa
clientId: 805, nal: 0, kassa: 0, ekv: -11320, transfer: 0, payment_account: 0, comment: Возврат 210738207, office: S8, manager_name: Гирчева Ольга 👩‍💼 S8
[2025-04-24 11:36:05] Операция: Обновление баланса клиента в таблице users
clientId: 805, dolg: -11320
[2025-04-24 11:51:56] Операция: Внесение данных в таблицу kassa
clientId: 48, nal: -140, kassa: 0, ekv: 0, transfer: 0, payment_account: 0, comment: Салфетки, office: P2, manager_name: Анискина Ольга 👩‍💼 P2
[2025-04-24 11:51:56] Операция: Обновление баланса клиента в таблице users
clientId: 48, dolg: -43510
[2025-04-24 13:17:58] Операция: Внесение данных в таблицу kassa
clientId: 1957, nal: 0, kassa: 0, ekv: -2250, transfer: 0, payment_account: 0, comment: 211588090, office: P1, manager_name: Бунчина Ирина 👩‍💼 P1
[2025-04-24 13:17:58] Операция: Обновление баланса клиента в таблице users
clientId: 1957, dolg: 2250
[2025-04-24 13:20:39] Операция: Внесение данных в таблицу kassa
clientId: 761, nal: -1900, kassa: 0, ekv: 0, transfer: 0, payment_account: 0, comment: Поставщик OS, office: S8, manager_name: Гирчева Ольга 👩‍💼 S8
[2025-04-24 13:20:39] Операция: Обновление баланса клиента в таблице users
clientId: 761, dolg: -61350
[2025-04-24 13:20:54] Операция: Внесение данных в таблицу kassa
clientId: 761, nal: -1700, kassa: 0, ekv: 0, transfer: 0, payment_account: 0, comment: Поставщик OS, office: S8, manager_name: Гирчева Ольга 👩‍💼 S8
[2025-04-24 13:20:54] Операция: Обновление баланса клиента в таблице users
clientId: 761, dolg: -63050
[2025-04-24 13:50:10] Операция: Внесение данных в таблицу kassa
clientId: 48, nal: -200, kassa: 0, ekv: 0, transfer: 0, payment_account: 0, comment: Бумага, office: P11, manager_name: Голубева Мария 👩‍💼 P11
[2025-04-24 13:50:10] Операция: Обновление баланса клиента в таблице users
clientId: 48, dolg: -43710
[2025-04-24 14:46:51] Операция: Внесение данных в таблицу kassa
clientId: 900, nal: -5850, kassa: 0, ekv: 0, transfer: 0, payment_account: 0, comment: 211000101, office: P5, manager_name: Фролова Ирина 👩‍💼 P5
[2025-04-24 14:46:51] Операция: Обновление баланса клиента в таблице users
clientId: 900, dolg: 0
[2025-04-24 14:54:10] Операция: Внесение данных в таблицу kassa
clientId: 1959, nal: 0, kassa: 0, ekv: -300, transfer: 0, payment_account: 0, comment: 211026566, office: P5, manager_name: Фролова Ирина 👩‍💼 P5
[2025-04-24 14:54:10] Операция: Обновление баланса клиента в таблице users
clientId: 1959, dolg: 0
[2025-04-24 14:59:19] Операция: Внесение данных в таблицу kassa
clientId: 68, nal: -488500, kassa: 0, ekv: 0, transfer: 0, payment_account: 0, comment: P1-P5, office: P1, manager_name: Бунчина Ирина 👩‍💼 P1
[2025-04-24 14:59:19] Операция: Обновление баланса клиента в таблице users
clientId: 68, dolg: -488500
[2025-04-24 15:26:26] Операция: Внесение данных в таблицу kassa
clientId: 48, nal: -150, kassa: 0, ekv: 0, transfer: 0, payment_account: 0, comment: Полотенца, office: P11, manager_name: Голубева Мария 👩‍💼 P11
[2025-04-24 15:26:26] Операция: Обновление баланса клиента в таблице users
clientId: 48, dolg: -43860
[2025-04-24 15:47:04] Операция: Внесение данных в таблицу kassa
clientId: 953, nal: -1760000, kassa: 0, ekv: 0, transfer: 0, payment_account: 0, comment: Наш друг (К) 👩, office: P5, manager_name: Фролова Ирина 👩‍💼 P5
[2025-04-24 15:47:04] Операция: Обновление баланса клиента в таблице users
clientId: 953, dolg: -47552050
[2025-04-24 16:05:24] Операция: Внесение данных в таблицу kassa
clientId: 1227, nal: -8500, kassa: 0, ekv: 0, transfer: 0, payment_account: 0, comment: 211697255, office: P1, manager_name: Бунчина Ирина 👩‍💼 P1
[2025-04-24 16:05:24] Операция: Обновление баланса клиента в таблице users
clientId: 1227, dolg: 0
[2025-04-24 17:31:13] Операция: Внесение данных в таблицу kassa
clientId: 1813, nal: -1700, kassa: 0, ekv: 0, transfer: 0, payment_account: 0, comment: Возврат GM2036, office: Z6, manager_name: Соловков Александр 👨‍💼 Z6
[2025-04-24 17:31:13] Операция: Обновление баланса клиента в таблице users
clientId: 1813, dolg: -1700
[2025-04-24 18:16:06] Операция: Внесение данных в таблицу kassa
clientId: 280, nal: 0, kassa: 0, ekv: -6400, transfer: 0, payment_account: 0, comment: 210070012, office: P5, manager_name: Фролова Ирина 👩‍💼 P5
[2025-04-24 18:16:06] Операция: Обновление баланса клиента в таблице users
clientId: 280, dolg: 7600
[2025-04-25 09:05:47] Операция: Внесение данных в таблицу kassa
clientId: 46, nal: -10600, kassa: 0, ekv: 0, transfer: 0, payment_account: 0, comment: Доставка Саранск, office: P5, manager_name: Фролова Ирина 👩‍💼 P5
[2025-04-25 09:05:47] Операция: Обновление баланса клиента в таблице users
clientId: 46, dolg: -2155250
[2025-04-25 09:28:58] Операция: Внесение данных в таблицу kassa
clientId: 46, nal: -1200, kassa: 0, ekv: 0, transfer: 0, payment_account: 0, comment: Кибиткин Денис, office: P7, manager_name: Алпатова Оксана 👩‍💼 P7
[2025-04-25 09:28:58] Операция: Обновление баланса клиента в таблице users
clientId: 46, dolg: -2156450
[2025-04-25 09:47:51] Операция: Внесение данных в таблицу kassa
clientId: 48, nal: -200, kassa: 0, ekv: 0, transfer: 0, payment_account: 0, comment: Т/б, office: P1, manager_name: Максимкина Татьяна 👩‍💼 P1
[2025-04-25 09:47:51] Операция: Обновление баланса клиента в таблице users
clientId: 48, dolg: -44060
[2025-04-25 10:12:03] Операция: Внесение данных в таблицу kassa
clientId: 46, nal: -10000, kassa: 0, ekv: 0, transfer: 0, payment_account: 0, comment: Емелин Антон, office: P7, manager_name: Алпатова Оксана 👩‍💼 P7
[2025-04-25 10:12:03] Операция: Обновление баланса клиента в таблице users
clientId: 46, dolg: -2166450
[2025-04-25 10:33:40] Операция: Внесение данных в таблицу kassa
clientId: 68, nal: -180000, kassa: 0, ekv: 0, transfer: 0, payment_account: 0, comment: P2-P7, office: P2, manager_name: Анискина Ольга 👩‍💼 P2
[2025-04-25 10:33:40] Операция: Обновление баланса клиента в таблице users
clientId: 68, dolg: -180000
[2025-04-25 10:34:00] Операция: Внесение данных в таблицу kassa
clientId: 68, nal: -400000, kassa: 0, ekv: 0, transfer: 0, payment_account: 0, comment: Z6-P11, office: Z6, manager_name: Соловков Александр 👨‍💼 Z6
[2025-04-25 10:34:00] Операция: Обновление баланса клиента в таблице users
clientId: 68, dolg: -580000
[2025-04-25 10:37:35] Операция: Внесение данных в таблицу kassa
clientId: 1736, nal: -4000, kassa: 0, ekv: 0, transfer: 0, payment_account: 0, comment: От 19.04.25, office: P7, manager_name: Алпатова Оксана 👩‍💼 P7
[2025-04-25 10:37:35] Операция: Обновление баланса клиента в таблице users
clientId: 1736, dolg: -7597
[2025-04-25 10:52:56] Операция: Внесение данных в таблицу kassa
clientId: 68, nal: -1000000, kassa: 0, ekv: 0, transfer: 0, payment_account: 0, comment: S4-P5, office: S4, manager_name: Сонина Наталья 👩‍💼 S4
[2025-04-25 10:52:56] Операция: Обновление баланса клиента в таблице users
clientId: 68, dolg: -1580000
[2025-04-25 10:53:16] Операция: Внесение данных в таблицу kassa
clientId: 46, nal: -300, kassa: 0, ekv: 0, transfer: 0, payment_account: 0, comment: Инкассация, office: S4, manager_name: Сонина Наталья 👩‍💼 S4
[2025-04-25 10:53:16] Операция: Обновление баланса клиента в таблице users
clientId: 46, dolg: -2166750
[2025-04-25 11:11:21] Операция: Внесение данных в таблицу kassa
clientId: 686, nal: -2000, kassa: 0, ekv: 0, transfer: 0, payment_account: 0, comment: , office: S4, manager_name: Сонина Наталья 👩‍💼 S4
[2025-04-25 11:11:21] Операция: Обновление баланса клиента в таблице users
clientId: 686, dolg: -103920
[2025-04-25 12:00:16] Операция: Внесение данных в таблицу kassa
clientId: 48, nal: -200, kassa: 0, ekv: 0, transfer: 0, payment_account: 0, comment: Доставка воды, office: S8, manager_name: Гирчева Ольга 👩‍💼 S8
[2025-04-25 12:00:16] Операция: Обновление баланса клиента в таблице users
clientId: 48, dolg: -44260
[2025-04-25 13:37:04] Операция: Внесение данных в таблицу kassa
clientId: 761, nal: -1900, kassa: 0, ekv: 0, transfer: 0, payment_account: 0, comment: Поставщик OS, office: S8, manager_name: Гирчева Ольга 👩‍💼 S8
[2025-04-25 13:37:04] Операция: Обновление баланса клиента в таблице users
clientId: 761, dolg: -64950
[2025-04-25 13:37:58] Операция: Внесение данных в таблицу kassa
clientId: 68, nal: -622000, kassa: 0, ekv: 0, transfer: 0, payment_account: 0, comment: S8->P5, office: S8, manager_name: Гирчева Ольга 👩‍💼 S8
[2025-04-25 13:37:58] Операция: Обновление баланса клиента в таблице users
clientId: 68, dolg: -2022000
[2025-04-25 13:38:17] Операция: Внесение данных в таблицу kassa
clientId: 68, nal: 0, kassa: -14000, ekv: 0, transfer: 0, payment_account: 0, comment: S8->P5, office: S8, manager_name: Гирчева Ольга 👩‍💼 S8
[2025-04-25 13:38:17] Операция: Обновление баланса клиента в таблице users
clientId: 68, dolg: -2036000
[2025-04-25 14:39:08] Операция: Внесение данных в таблицу kassa
clientId: 46, nal: -18000, kassa: 0, ekv: 0, transfer: 0, payment_account: 0, comment: Юркалов Дмитрий Р5, office: P5, manager_name: Фролова Ирина 👩‍💼 P5
[2025-04-25 14:39:08] Операция: Обновление баланса клиента в таблице users
clientId: 46, dolg: -2184750
[2025-04-26 10:41:16] Операция: Внесение данных в таблицу kassa
clientId: 48, nal: -1000, kassa: 0, ekv: 0, transfer: 0, payment_account: 0, comment: (чис,ср-ва,канц,тов), office: K12, manager_name: Гришина Надежда 👩‍💼 K12
[2025-04-26 10:41:16] Операция: Обновление баланса клиента в таблице users
clientId: 48, dolg: -45260
[2025-04-26 12:06:51] Операция: Внесение данных в таблицу kassa
clientId: 1949, nal: -1314, kassa: 0, ekv: 0, transfer: 0, payment_account: 0, comment: 211459015, office: P2, manager_name: Анискина Ольга 👩‍💼 P2
[2025-04-26 12:06:51] Операция: Обновление баланса клиента в таблице users
clientId: 1949, dolg: 0
[2025-04-26 13:02:53] Операция: Внесение данных в таблицу kassa
clientId: 953, nal: -1760000, kassa: 0, ekv: 0, transfer: 0, payment_account: 0, comment: Наш друг (К), office: P5, manager_name: Фролова Ирина 👩‍💼 P5
[2025-04-26 13:02:53] Операция: Обновление баланса клиента в таблице users
clientId: 953, dolg: -49312050
[2025-04-26 14:44:36] Операция: Внесение данных в таблицу kassa
clientId: 46, nal: -12000, kassa: 0, ekv: 0, transfer: 0, payment_account: 0, comment: Соловков Александр, office: Z6, manager_name: Соловков Александр 👨‍💼 Z6
[2025-04-26 14:44:36] Операция: Обновление баланса клиента в таблице users
clientId: 46, dolg: -2212650
[2025-04-28 09:30:39] Операция: Внесение данных в таблицу kassa
clientId: 46, nal: -20000, kassa: 0, ekv: 0, transfer: 0, payment_account: 0, comment: Ежов Дмитрий, office: P7, manager_name: Алпатова Оксана 👩‍💼 P7
[2025-04-28 09:30:39] Операция: Обновление баланса клиента в таблице users
clientId: 46, dolg: -2232650
[2025-04-28 09:31:46] Операция: Внесение данных в таблицу kassa
clientId: 46, nal: -1200, kassa: 0, ekv: 0, transfer: 0, payment_account: 0, comment: Кибиткин Денис, office: P7, manager_name: Алпатова Оксана 👩‍💼 P7
[2025-04-28 09:31:46] Операция: Обновление баланса клиента в таблице users
clientId: 46, dolg: -2233850
[2025-04-28 09:39:11] Операция: Внесение данных в таблицу kassa
clientId: 48, nal: -1000, kassa: 0, ekv: 0, transfer: 0, payment_account: 0, comment: Савушкин (шиномонтаж Спринтер) , office: P5, manager_name: Фролова Ирина 👩‍💼 P5
[2025-04-28 09:39:11] Операция: Обновление баланса клиента в таблице users
clientId: 48, dolg: -46260
[2025-04-28 09:44:12] Операция: Внесение данных в таблицу kassa
clientId: 48, nal: -550, kassa: 0, ekv: 0, transfer: 0, payment_account: 0, comment: Средство для засоров труб,перчатки,ёршик., office: P7, manager_name: Алпатова Оксана 👩‍💼 P7
[2025-04-28 09:44:12] Операция: Обновление баланса клиента в таблице users
clientId: 48, dolg: -46810
[2025-04-28 10:36:56] Операция: Внесение данных в таблицу kassa
clientId: 1438, nal: -750, kassa: 0, ekv: 0, transfer: 0, payment_account: 0, comment: 211494204, office: P11, manager_name: Голубева Мария 👩‍💼 P11
[2025-04-28 10:36:56] Операция: Обновление баланса клиента в таблице users
clientId: 1438, dolg: 0
[2025-04-28 11:31:57] Операция: Внесение данных в таблицу kassa
clientId: 68, nal: -100000, kassa: 0, ekv: 0, transfer: 0, payment_account: 0, comment: Z6-P7, office: Z6, manager_name: Соловков Александр 👨‍💼 Z6
[2025-04-28 11:31:57] Операция: Обновление баланса клиента в таблице users
clientId: 68, dolg: -100000
[2025-04-28 12:05:26] Операция: Внесение данных в таблицу kassa
clientId: 46, nal: -10000, kassa: 0, ekv: 0, transfer: 0, payment_account: 0, comment: Емелин Антон, office: P7, manager_name: Алпатова Оксана 👩‍💼 P7
[2025-04-28 12:05:26] Операция: Обновление баланса клиента в таблице users
clientId: 46, dolg: -2243850
[2025-04-28 13:00:11] Операция: Внесение данных в таблицу kassa
clientId: 900, nal: -1000, kassa: 0, ekv: 0, transfer: 0, payment_account: 0, comment: 211819861, office: P5, manager_name: Фролова Ирина 👩‍💼 P5
[2025-04-28 13:00:11] Операция: Обновление баланса клиента в таблице users
clientId: 900, dolg: 0
[2025-04-28 13:43:35] Операция: Внесение данных в таблицу kassa
clientId: 1526, nal: 0, kassa: 0, ekv: -8760, transfer: 0, payment_account: 0, comment: 211590301, office: P2, manager_name: Анискина Ольга 👩‍💼 P2
[2025-04-28 13:43:35] Операция: Обновление баланса клиента в таблице users
clientId: 1526, dolg: 0
[2025-04-28 14:02:12] Операция: Внесение данных в таблицу kassa
clientId: 46, nal: -17500, kassa: 0, ekv: 0, transfer: 0, payment_account: 0, comment: Дасаев Ринат, office: P7, manager_name: Алпатова Оксана 👩‍💼 P7
[2025-04-28 14:02:12] Операция: Обновление баланса клиента в таблице users
clientId: 46, dolg: -2261350
[2025-04-28 15:05:37] Операция: Внесение данных в таблицу kassa
clientId: 953, nal: -404100, kassa: 0, ekv: 0, transfer: 0, payment_account: 0, comment: Наш друг (С) 👨, office: P5, manager_name: Фролова Ирина 👩‍💼 P5
[2025-04-28 15:05:37] Операция: Обновление баланса клиента в таблице users
clientId: 953, dolg: -49716150
[2025-04-28 15:33:25] Операция: Внесение данных в таблицу kassa
clientId: 761, nal: -1900, kassa: 0, ekv: 0, transfer: 0, payment_account: 0, comment: Поставщик OS, office: S8, manager_name: Гирчева Ольга 👩‍💼 S8
[2025-04-28 15:33:25] Операция: Обновление баланса клиента в таблице users
clientId: 761, dolg: -68750
[2025-04-29 09:11:11] Операция: Внесение данных в таблицу kassa
clientId: 686, nal: -1000, kassa: 0, ekv: 0, transfer: 0, payment_account: 0, comment: Уборка, office: S8, manager_name: Гирчева Ольга 👩‍💼 S8
[2025-04-29 09:11:11] Операция: Обновление баланса клиента в таблице users
clientId: 686, dolg: -104920
[2025-04-29 09:18:31] Операция: Внесение данных в таблицу kassa
clientId: 46, nal: -1200, kassa: 0, ekv: 0, transfer: 0, payment_account: 0, comment: Кибиткин Денис, office: P7, manager_name: Алпатова Оксана 👩‍💼 P7
[2025-04-29 09:18:31] Операция: Обновление баланса клиента в таблице users
clientId: 46, dolg: -2262550
[2025-04-29 10:40:54] Операция: Внесение данных в таблицу kassa
clientId: 46, nal: -10000, kassa: 0, ekv: 0, transfer: 0, payment_account: 0, comment: Емелин Антон, office: P7, manager_name: Алпатова Оксана 👩‍💼 P7
[2025-04-29 10:40:54] Операция: Обновление баланса клиента в таблице users
clientId: 46, dolg: -2272550
[2025-04-29 11:07:12] Операция: Внесение данных в таблицу kassa
clientId: 68, nal: -350000, kassa: 0, ekv: 0, transfer: 0, payment_account: 0, comment: S8->P5, office: S8, manager_name: Гирчева Ольга 👩‍💼 S8
[2025-04-29 11:07:12] Операция: Обновление баланса клиента в таблице users
clientId: 68, dolg: -350000
[2025-04-29 11:48:30] Операция: Внесение данных в таблицу kassa
clientId: 68, nal: -390000, kassa: 0, ekv: 0, transfer: 0, payment_account: 0, comment: S4-P5, office: S4, manager_name: Сонина Наталья 👩‍💼 S4
[2025-04-29 11:48:30] Операция: Обновление баланса клиента в таблице users
clientId: 68, dolg: -740000
[2025-04-29 11:49:16] Операция: Внесение данных в таблицу kassa
clientId: 46, nal: -300, kassa: 0, ekv: 0, transfer: 0, payment_account: 0, comment: Инкассация, office: S4, manager_name: Сонина Наталья 👩‍💼 S4
[2025-04-29 11:49:16] Операция: Обновление баланса клиента в таблице users
clientId: 46, dolg: -2272850
[2025-04-29 12:37:00] Операция: Внесение данных в таблицу kassa
clientId: 2008, nal: -1700, kassa: 0, ekv: 0, transfer: 0, payment_account: 0, comment: 211124975, office: P5, manager_name: Фролова Ирина 👩‍💼 P5
[2025-04-29 12:37:00] Операция: Обновление баланса клиента в таблице users
clientId: 2008, dolg: -1700
[2025-04-29 12:37:57] Операция: Внесение данных в таблицу kassa
clientId: 2008, nal: -1700, kassa: 0, ekv: 0, transfer: 0, payment_account: 0, comment: Возврат 211124975, office: P5, manager_name: Фролова Ирина 👩‍💼 P5
[2025-04-29 12:37:57] Операция: Обновление баланса клиента в таблице users
clientId: 2008, dolg: 0
[2025-04-29 16:37:09] Операция: Внесение данных в таблицу kassa
clientId: 48, nal: -1500, kassa: 0, ekv: 0, transfer: 0, payment_account: 0, comment: Кофеварка, office: P7, manager_name: Алпатова Оксана 👩‍💼 P7
[2025-04-29 16:37:09] Операция: Обновление баланса клиента в таблице users
clientId: 48, dolg: -48310
[2025-04-30 08:43:06] Операция: Внесение данных в таблицу kassa
clientId: 68, nal: -110000, kassa: 0, ekv: 0, transfer: 0, payment_account: 0, comment: К12-Р5, office: K12, manager_name: Гришина Надежда 👩‍💼 K12
[2025-04-30 08:43:06] Операция: Обновление баланса клиента в таблице users
clientId: 68, dolg: -850000
[2025-04-30 09:14:01] Операция: Внесение данных в таблицу kassa
clientId: 46, nal: -1200, kassa: 0, ekv: 0, transfer: 0, payment_account: 0, comment: Кибиткин Денис, office: P7, manager_name: Алпатова Оксана 👩‍💼 P7
[2025-04-30 09:14:01] Операция: Обновление баланса клиента в таблице users
clientId: 46, dolg: -2274050
[2025-04-30 11:47:42] Операция: Внесение данных в таблицу kassa
clientId: 68, nal: -250000, kassa: 0, ekv: 0, transfer: 0, payment_account: 0, comment: Z6-P7, office: Z6, manager_name: Соловков Александр 👨‍💼 Z6
[2025-04-30 11:47:42] Операция: Обновление баланса клиента в таблице users
clientId: 68, dolg: -360000
[2025-04-30 12:04:01] Операция: Внесение данных в таблицу kassa
clientId: 686, nal: -10000, kassa: 0, ekv: 0, transfer: 0, payment_account: 0, comment: Р1, office: P1, manager_name: Максимкина Татьяна 👩‍💼 P1
[2025-04-30 12:04:01] Операция: Обновление баланса клиента в таблице users
clientId: 686, dolg: -114920
[2025-04-30 12:10:27] Операция: Внесение данных в таблицу kassa
clientId: 46, nal: -10000, kassa: 0, ekv: 0, transfer: 0, payment_account: 0, comment: Емелин Антон, office: P7, manager_name: Алпатова Оксана 👩‍💼 P7
[2025-04-30 12:10:27] Операция: Обновление баланса клиента в таблице users
clientId: 46, dolg: -2284050
[2025-04-30 12:27:55] Операция: Внесение данных в таблицу kassa
clientId: 696, nal: -900, kassa: 0, ekv: 0, transfer: 0, payment_account: 0, comment: Возврат, office: P1, manager_name: Максимкина Татьяна 👩‍💼 P1
[2025-04-30 12:27:55] Операция: Обновление баланса клиента в таблице users
clientId: 696, dolg: -900
[2025-04-30 12:29:45] Операция: Внесение данных в таблицу kassa
clientId: 696, nal: -900, kassa: 0, ekv: 0, transfer: 0, payment_account: 0, comment: Комиссия TSP3140, office: P1, manager_name: Максимкина Татьяна 👩‍💼 P1
[2025-04-30 12:29:45] Операция: Обновление баланса клиента в таблице users
clientId: 696, dolg: 0
[2025-04-30 14:23:31] Операция: Внесение данных в таблицу kassa
clientId: 953, nal: -1760000, kassa: 0, ekv: 0, transfer: 0, payment_account: 0, comment: Наш друг (К) 👩, office: P5, manager_name: Фролова Ирина 👩‍💼 P5
[2025-04-30 14:23:31] Операция: Обновление баланса клиента в таблице users
clientId: 953, dolg: -51476150
[2025-04-30 14:34:37] Операция: Внесение данных в таблицу kassa
clientId: 686, nal: -7000, kassa: 0, ekv: 0, transfer: 0, payment_account: 0, comment: Р5 (Валентина Петровна), office: P5, manager_name: Фролова Ирина 👩‍💼 P5
[2025-04-30 14:34:37] Операция: Обновление баланса клиента в таблице users
clientId: 686, dolg: -121920
[2025-04-30 17:00:07] Операция: Внесение данных в таблицу kassa
clientId: 591, nal: -4564, kassa: 0, ekv: 0, transfer: 0, payment_account: 0, comment: Коммуналка силикатная свет+ газ, office: P1, manager_name: Максимкина Татьяна 👩‍💼 P1
[2025-04-30 17:00:07] Операция: Обновление баланса клиента в таблице users
clientId: 591, dolg: -113773
[2025-04-30 17:17:39] Операция: Внесение данных в таблицу kassa
clientId: 1360, nal: -12500, kassa: 0, ekv: 0, transfer: 0, payment_account: 0, comment: 211067844(Возврат), office: P1, manager_name: Максимкина Татьяна 👩‍💼 P1
[2025-04-30 17:17:39] Операция: Обновление баланса клиента в таблице users
clientId: 1360, dolg: -12500
[2025-05-02 09:41:58] Операция: Внесение данных в таблицу kassa
clientId: 590, nal: -25000, kassa: 0, ekv: 0, transfer: 0, payment_account: 0, comment: За май, office: K12, manager_name: Гришина Надежда 👩‍💼 K12
[2025-05-02 09:41:58] Операция: Обновление баланса клиента в таблице users
clientId: 590, dolg: -185000
[2025-05-02 10:26:48] Операция: Внесение данных в таблицу kassa
clientId: 46, nal: -1200, kassa: 0, ekv: 0, transfer: 0, payment_account: 0, comment: Кибиткин Денис, office: P7, manager_name: Алпатова Оксана 👩‍💼 P7
[2025-05-02 10:26:48] Операция: Обновление баланса клиента в таблице users
clientId: 46, dolg: -2285250
[2025-05-02 10:27:10] Операция: Внесение данных в таблицу kassa
clientId: 46, nal: -10000, kassa: 0, ekv: 0, transfer: 0, payment_account: 0, comment: Емелин Антон, office: P7, manager_name: Алпатова Оксана 👩‍💼 P7
[2025-05-02 10:27:10] Операция: Обновление баланса клиента в таблице users
clientId: 46, dolg: -2295250
[2025-05-02 10:47:40] Операция: Внесение данных в таблицу kassa
clientId: 68, nal: -60000, kassa: 0, ekv: 0, transfer: 0, payment_account: 0, comment: Z6-P7, office: Z6, manager_name: Соловков Александр 👨‍💼 Z6
[2025-05-02 10:47:40] Операция: Обновление баланса клиента в таблице users
clientId: 68, dolg: -60000
[2025-05-02 14:50:22] Операция: Внесение данных в таблицу kassa
clientId: 46, nal: -15000, kassa: 0, ekv: 0, transfer: 0, payment_account: 0, comment: Юркалов Дмитрий Р5, office: P5, manager_name: Фролова Ирина 👩‍💼 P5
[2025-05-02 14:50:22] Операция: Обновление баланса клиента в таблице users
clientId: 46, dolg: -2310250
[2025-05-02 14:59:00] Операция: Внесение данных в таблицу kassa
clientId: 48, nal: -950, kassa: 0, ekv: 0, transfer: 0, payment_account: 0, comment: Сетевой фильтр, office: S4, manager_name: Сонина Наталья 👩‍💼 S4
[2025-05-02 14:59:00] Операция: Обновление баланса клиента в таблице users
clientId: 48, dolg: -49260
[2025-05-03 10:05:18] Операция: Внесение данных в таблицу kassa
clientId: 46, nal: -7000, kassa: 0, ekv: 0, transfer: 0, payment_account: 0, comment: Доставка Саранск+Исса, office: P5, manager_name: Фролова Ирина 👩‍💼 P5
[2025-05-03 10:05:18] Операция: Обновление баланса клиента в таблице users
clientId: 46, dolg: -2317250
[2025-05-03 11:56:50] Операция: Внесение данных в таблицу kassa
clientId: 48, nal: -300, kassa: 0, ekv: 0, transfer: 0, payment_account: 0, comment: Стиральный порошок,гель чистящий, office: P11, manager_name: Голубева Мария 👩‍💼 P11
[2025-05-03 11:56:50] Операция: Обновление баланса клиента в таблице users
clientId: 48, dolg: -49560
[2025-05-03 13:37:17] Операция: Внесение данных в таблицу kassa
clientId: 1982, nal: 0, kassa: 0, ekv: -3150, transfer: 0, payment_account: 0, comment: возврат, office: P5, manager_name: Фролова Ирина 👩‍💼 P5
[2025-05-03 13:37:17] Операция: Обновление баланса клиента в таблице users
clientId: 1982, dolg: -3150
[2025-05-03 15:10:31] Операция: Внесение данных в таблицу kassa
clientId: 953, nal: -190000, kassa: 0, ekv: 0, transfer: 0, payment_account: 0, comment: Сотки, office: P5, manager_name: Фролова Ирина 👩‍💼 P5
[2025-05-03 15:10:31] Операция: Обновление баланса клиента в таблице users
clientId: 953, dolg: -51666150
[2025-05-03 15:10:44] Операция: Внесение данных в таблицу kassa
clientId: 46, nal: -10000, kassa: 0, ekv: 0, transfer: 0, payment_account: 0, comment: Соловков Александр, office: Z6, manager_name: Соловков Александр 👨‍💼 Z6
[2025-05-03 15:10:44] Операция: Обновление баланса клиента в таблице users
clientId: 46, dolg: -2337750
[2025-05-05 08:17:00] Операция: Внесение данных в таблицу kassa
clientId: 686, nal: -2500, kassa: 0, ekv: 0, transfer: 0, payment_account: 0, comment: , office: K12, manager_name: Гришина Надежда 👩‍💼 K12
[2025-05-05 08:17:00] Операция: Обновление баланса клиента в таблице users
clientId: 686, dolg: -124420
[2025-05-05 08:55:51] Операция: Внесение данных в таблицу kassa
clientId: 46, nal: -16000, kassa: 0, ekv: 0, transfer: 0, payment_account: 0, comment: Ежов Дмитрий, office: P7, manager_name: Алпатова Оксана 👩‍💼 P7
[2025-05-05 08:55:51] Операция: Обновление баланса клиента в таблице users
clientId: 46, dolg: -2353750
[2025-05-05 09:01:59] Операция: Внесение данных в таблицу kassa
clientId: 46, nal: -1200, kassa: 0, ekv: 0, transfer: 0, payment_account: 0, comment: Кибиткин Денис, office: P7, manager_name: Алпатова Оксана 👩‍💼 P7
[2025-05-05 09:01:59] Операция: Обновление баланса клиента в таблице users
clientId: 46, dolg: -2354950
[2025-05-05 10:25:57] Операция: Внесение данных в таблицу kassa
clientId: 46, nal: -3200, kassa: 0, ekv: 0, transfer: 0, payment_account: 0, comment: Доставка Кузнецк (Ершов за апрель 2024 г.), office: P5, manager_name: Фролова Ирина 👩‍💼 P5
[2025-05-05 10:25:57] Операция: Обновление баланса клиента в таблице users
clientId: 46, dolg: -2358150
[2025-05-05 11:10:03] Операция: Внесение данных в таблицу kassa
clientId: 953, nal: -100000, kassa: 0, ekv: 0, transfer: 0, payment_account: 0, comment: Бахтибекова Елена, office: P5, manager_name: Фролова Ирина 👩‍💼 P5
[2025-05-05 11:10:03] Операция: Обновление баланса клиента в таблице users
clientId: 953, dolg: -51766150
[2025-05-05 11:49:22] Операция: Внесение данных в таблицу kassa
clientId: 68, nal: -150000, kassa: 0, ekv: 0, transfer: 0, payment_account: 0, comment: Z6-P7, office: Z6, manager_name: Соловков Александр 👨‍💼 Z6
[2025-05-05 11:49:22] Операция: Обновление баланса клиента в таблице users
clientId: 68, dolg: -150000
[2025-05-05 12:51:38] Операция: Внесение данных в таблицу kassa
clientId: 380, nal: -500, kassa: 0, ekv: 0, transfer: 0, payment_account: 0, comment: Возврат 212271229, office: P5, manager_name: Фролова Ирина 👩‍💼 P5
[2025-05-05 12:51:38] Операция: Обновление баланса клиента в таблице users
clientId: 380, dolg: -500
[2025-05-05 13:12:54] Операция: Внесение данных в таблицу kassa
clientId: 761, nal: -600, kassa: 0, ekv: 0, transfer: 0, payment_account: 0, comment: Поставщик OS, office: S8, manager_name: Гирчева Ольга 👩‍💼 S8
[2025-05-05 13:12:54] Операция: Обновление баланса клиента в таблице users
clientId: 761, dolg: -71250
[2025-05-05 13:13:03] Операция: Внесение данных в таблицу kassa
clientId: 761, nal: -1900, kassa: 0, ekv: 0, transfer: 0, payment_account: 0, comment: Поставщик OS, office: S8, manager_name: Гирчева Ольга 👩‍💼 S8
[2025-05-05 13:13:03] Операция: Обновление баланса клиента в таблице users
clientId: 761, dolg: -73150
[2025-05-05 13:13:12] Операция: Внесение данных в таблицу kassa
clientId: 761, nal: -1900, kassa: 0, ekv: 0, transfer: 0, payment_account: 0, comment: Поставщик OS, office: S8, manager_name: Гирчева Ольга 👩‍💼 S8
[2025-05-05 13:13:12] Операция: Обновление баланса клиента в таблице users
clientId: 761, dolg: -75050
[2025-05-05 13:37:07] Операция: Внесение данных в таблицу kassa
clientId: 380, nal: -1000, kassa: 0, ekv: 0, transfer: 0, payment_account: 0, comment: Возврат 212271229, office: P5, manager_name: Фролова Ирина 👩‍💼 P5
[2025-05-05 13:37:07] Операция: Обновление баланса клиента в таблице users
clientId: 380, dolg: 0
[2025-05-05 14:53:23] Операция: Внесение данных в таблицу kassa
clientId: 46, nal: -10000, kassa: 0, ekv: 0, transfer: 0, payment_account: 0, comment: Емелин Антон, office: P7, manager_name: Алпатова Оксана 👩‍💼 P7
[2025-05-05 14:53:23] Операция: Обновление баланса клиента в таблице users
clientId: 46, dolg: -2368150
[2025-05-05 14:53:48] Операция: Внесение данных в таблицу kassa
clientId: 46, nal: -14000, kassa: 0, ekv: 0, transfer: 0, payment_account: 0, comment: Дасаев Ринат, office: P7, manager_name: Алпатова Оксана 👩‍💼 P7
[2025-05-05 14:53:48] Операция: Обновление баланса клиента в таблице users
clientId: 46, dolg: -2382150
[2025-05-05 16:06:05] Операция: Внесение данных в таблицу kassa
clientId: 1847, nal: -1100, kassa: 0, ekv: 0, transfer: 0, payment_account: 0, comment: Возврат 212741329, office: P5, manager_name: Фролова Ирина 👩‍💼 P5
[2025-05-05 16:06:05] Операция: Обновление баланса клиента в таблице users
clientId: 1847, dolg: 0
[2025-05-05 17:47:59] Операция: Внесение данных в таблицу kassa
clientId: 46, nal: -1200, kassa: 0, ekv: 0, transfer: 0, payment_account: 0, comment: Кибиткин Денис, office: P7, manager_name: Алпатова Оксана 👩‍💼 P7
[2025-05-05 17:47:59] Операция: Обновление баланса клиента в таблице users
clientId: 46, dolg: -2383350
[2025-05-06 09:20:39] Операция: Внесение данных в таблицу kassa
clientId: 1714, nal: 0, kassa: 0, ekv: -4455, transfer: 0, payment_account: 0, comment: 208433945, Возврат, office: P2, manager_name: Анискина Ольга 👩‍💼 P2
[2025-05-06 09:20:39] Операция: Обновление баланса клиента в таблице users
clientId: 1714, dolg: 0
[2025-05-06 10:43:31] Операция: Внесение данных в таблицу kassa
clientId: 46, nal: -10000, kassa: 0, ekv: 0, transfer: 0, payment_account: 0, comment: Емелин Антон, office: P7, manager_name: Алпатова Оксана 👩‍💼 P7
[2025-05-06 10:43:31] Операция: Обновление баланса клиента в таблице users
clientId: 46, dolg: -2393350
[2025-05-06 12:21:25] Операция: Внесение данных в таблицу kassa
clientId: 48, nal: -1500, kassa: 0, ekv: 0, transfer: 0, payment_account: 0, comment: Савушкин Алексей (Спринтер диагностика), office: P5, manager_name: Фролова Ирина 👩‍💼 P5
[2025-05-06 12:21:25] Операция: Обновление баланса клиента в таблице users
clientId: 48, dolg: -51060
[2025-05-06 15:01:45] Операция: Внесение данных в таблицу kassa
clientId: 761, nal: -1900, kassa: 0, ekv: 0, transfer: 0, payment_account: 0, comment: Поставщик OS, office: S8, manager_name: Гирчева Ольга 👩‍💼 S8
[2025-05-06 15:01:45] Операция: Обновление баланса клиента в таблице users
clientId: 761, dolg: -76950
[2025-05-06 15:01:59] Операция: Внесение данных в таблицу kassa
clientId: 761, nal: -1900, kassa: 0, ekv: 0, transfer: 0, payment_account: 0, comment: Поставщик OS, office: S8, manager_name: Гирчева Ольга 👩‍💼 S8
[2025-05-06 15:01:59] Операция: Обновление баланса клиента в таблице users
clientId: 761, dolg: -78850
[2025-05-06 15:06:52] Операция: Внесение данных в таблицу kassa
clientId: 934, nal: 0, kassa: 0, ekv: -2900, transfer: 0, payment_account: 0, comment: 212336017, office: P5, manager_name: Фролова Ирина 👩‍💼 P5
[2025-05-06 15:06:52] Операция: Обновление баланса клиента в таблице users
clientId: 934, dolg: 0
[2025-05-06 17:13:41] Операция: Внесение данных в таблицу kassa
clientId: 1473, nal: -8190, kassa: 0, ekv: 0, transfer: 0, payment_account: 0, comment: 211337409, office: P1, manager_name: Максимкина Татьяна 👩‍💼 P1
[2025-05-06 17:13:41] Операция: Обновление баланса клиента в таблице users
clientId: 1473, dolg: 0
[2025-05-06 17:29:06] Операция: Внесение данных в таблицу kassa
clientId: 1895, nal: 0, kassa: 0, ekv: -1800, transfer: 0, payment_account: 0, comment: 210908822, office: P5, manager_name: Фролова Ирина 👩‍💼 P5
[2025-05-06 17:29:06] Операция: Обновление баланса клиента в таблице users
clientId: 1895, dolg: -1800
[2025-05-06 18:20:16] Операция: Внесение данных в таблицу kassa
clientId: 601, nal: 0, kassa: 0, ekv: -7871, transfer: 0, payment_account: 0, comment: 212753057, office: P5, manager_name: Фролова Ирина 👩‍💼 P5
[2025-05-06 18:20:16] Операция: Обновление баланса клиента в таблице users
clientId: 601, dolg: -7871
[2025-05-07 08:06:30] Операция: Внесение данных в таблицу kassa
clientId: 68, nal: -100000, kassa: 0, ekv: 0, transfer: 0, payment_account: 0, comment: К12-Р5, office: K12, manager_name: Гришина Надежда 👩‍💼 K12
[2025-05-07 08:06:30] Операция: Обновление баланса клиента в таблице users
clientId: 68, dolg: -100000
[2025-05-07 09:08:01] Операция: Внесение данных в таблицу kassa
clientId: 46, nal: -1200, kassa: 0, ekv: 0, transfer: 0, payment_account: 0, comment: Кибиткин Денис, office: P7, manager_name: Алпатова Оксана 👩‍💼 P7
[2025-05-07 09:08:01] Операция: Обновление баланса клиента в таблице users
clientId: 46, dolg: -2394550
[2025-05-07 09:10:36] Операция: Внесение данных в таблицу kassa
clientId: 46, nal: -6200, kassa: 0, ekv: 0, transfer: 0, payment_account: 0, comment: Доставка Саранск, office: P5, manager_name: Фролова Ирина 👩‍💼 P5
[2025-05-07 09:10:36] Операция: Обновление баланса клиента в таблице users
clientId: 46, dolg: -2400750
[2025-05-07 09:15:13] Операция: Внесение данных в таблицу kassa
clientId: 2053, nal: 0, kassa: 0, ekv: -6600, transfer: 0, payment_account: 0, comment: 212827332, office: P5, manager_name: Фролова Ирина 👩‍💼 P5
[2025-05-07 09:15:13] Операция: Обновление баланса клиента в таблице users
clientId: 2053, dolg: -6600
[2025-05-07 10:11:40] Операция: Внесение данных в таблицу kassa
clientId: 68, nal: -200000, kassa: 0, ekv: 0, transfer: 0, payment_account: 0, comment: Z6-P7, office: Z6, manager_name: Соловков Александр 👨‍💼 Z6
[2025-05-07 10:11:40] Операция: Обновление баланса клиента в таблице users
clientId: 68, dolg: -300000
[2025-05-07 11:18:18] Операция: Внесение данных в таблицу kassa
clientId: 68, nal: -1031000, kassa: 0, ekv: 0, transfer: 0, payment_account: 0, comment: S4-P5, office: S4, manager_name: Сонина Наталья 👩‍💼 S4
[2025-05-07 11:18:18] Операция: Обновление баланса клиента в таблице users
clientId: 68, dolg: -1331000
[2025-05-07 11:18:38] Операция: Внесение данных в таблицу kassa
clientId: 46, nal: -300, kassa: 0, ekv: 0, transfer: 0, payment_account: 0, comment: Инкассация, office: S4, manager_name: Сонина Наталья 👩‍💼 S4
[2025-05-07 11:18:38] Операция: Обновление баланса клиента в таблице users
clientId: 46, dolg: -2401050
[2025-05-07 11:35:33] Операция: Внесение данных в таблицу kassa
clientId: 48, nal: -250, kassa: 0, ekv: 0, transfer: 0, payment_account: 0, comment: Средство для прочистки труб, office: P7, manager_name: Алпатова Оксана 👩‍💼 P7
[2025-05-07 11:35:33] Операция: Обновление баланса клиента в таблице users
clientId: 48, dolg: -51310
[2025-05-07 12:33:41] Операция: Внесение данных в таблицу kassa
clientId: 68, nal: -577000, kassa: 0, ekv: 0, transfer: 0, payment_account: 0, comment: S8->P5, office: S8, manager_name: Гирчева Ольга 👩‍💼 S8
[2025-05-07 12:33:41] Операция: Обновление баланса клиента в таблице users
clientId: 68, dolg: -1908000
[2025-05-07 12:55:51] Операция: Внесение данных в таблицу kassa
clientId: 953, nal: -1760000, kassa: 0, ekv: 0, transfer: 0, payment_account: 0, comment: Наш друг (К) 👩, office: P5, manager_name: Фролова Ирина 👩‍💼 P5
[2025-05-07 12:55:51] Операция: Обновление баланса клиента в таблице users
clientId: 953, dolg: -53526150
[2025-05-07 13:31:00] Операция: Внесение данных в таблицу kassa
clientId: 46, nal: -10000, kassa: 0, ekv: 0, transfer: 0, payment_account: 0, comment: Емелин Антон, office: P7, manager_name: Алпатова Оксана 👩‍💼 P7
[2025-05-07 13:31:00] Операция: Обновление баланса клиента в таблице users
clientId: 46, dolg: -2411050
[2025-05-08 09:16:23] Операция: Внесение данных в таблицу kassa
clientId: 46, nal: -1200, kassa: 0, ekv: 0, transfer: 0, payment_account: 0, comment: Кибиткин Денис, office: P7, manager_name: Алпатова Оксана 👩‍💼 P7
[2025-05-08 09:16:23] Операция: Обновление баланса клиента в таблице users
clientId: 46, dolg: -2412250
[2025-05-08 10:08:16] Операция: Внесение данных в таблицу kassa
clientId: 46, nal: -10000, kassa: 0, ekv: 0, transfer: 0, payment_account: 0, comment: Емелин Антон, office: P7, manager_name: Алпатова Оксана 👩‍💼 P7
[2025-05-08 10:08:16] Операция: Обновление баланса клиента в таблице users
clientId: 46, dolg: -2422250
[2025-05-08 11:28:51] Операция: Внесение данных в таблицу kassa
clientId: 761, nal: -2260, kassa: 0, ekv: 0, transfer: 0, payment_account: 0, comment: Поставщик OS, office: S8, manager_name: Гирчева Ольга 👩‍💼 S8
[2025-05-08 11:28:51] Операция: Обновление баланса клиента в таблице users
clientId: 761, dolg: -81110
[2025-05-08 13:13:50] Операция: Внесение данных в таблицу kassa
clientId: 46, nal: -900, kassa: 0, ekv: 0, transfer: 0, payment_account: 0, comment: Водитель Сергей, office: S8, manager_name: Гирчева Ольга 👩‍💼 S8
[2025-05-08 13:13:50] Операция: Обновление баланса клиента в таблице users
clientId: 46, dolg: -2423150
[2025-05-08 13:28:49] Операция: Внесение данных в таблицу kassa
clientId: 46, nal: -10400, kassa: 0, ekv: 0, transfer: 0, payment_account: 0, comment: Доставка OS, office: S8, manager_name: Гирчева Ольга 👩‍💼 S8
[2025-05-08 13:28:49] Операция: Обновление баланса клиента в таблице users
clientId: 46, dolg: -2433550
[2025-05-08 14:33:14] Операция: Внесение данных в таблицу kassa
clientId: 46, nal: -12000, kassa: 0, ekv: 0, transfer: 0, payment_account: 0, comment: Юркалов Дмитрий Р5, office: P5, manager_name: Фролова Ирина 👩‍💼 P5
[2025-05-08 14:33:14] Операция: Обновление баланса клиента в таблице users
clientId: 46, dolg: -2445550
[2025-05-08 14:34:43] Операция: Внесение данных в таблицу kassa
clientId: 48, nal: -100, kassa: 0, ekv: 0, transfer: 0, payment_account: 0, comment: Мешки для мусора, office: P7, manager_name: Алпатова Оксана 👩‍💼 P7
[2025-05-08 14:34:43] Операция: Обновление баланса клиента в таблице users
clientId: 48, dolg: -51410
[2025-05-10 13:55:16] Операция: Внесение данных в таблицу kassa
clientId: 46, nal: -10000, kassa: 0, ekv: 0, transfer: 0, payment_account: 0, comment: Соловков Александр, office: Z6, manager_name: Соловков Александр 👨‍💼 Z6
[2025-05-10 13:55:16] Операция: Обновление баланса клиента в таблице users
clientId: 46, dolg: -2455550
[2025-05-10 14:59:31] Операция: Внесение данных в таблицу kassa
clientId: 48, nal: -150, kassa: 0, ekv: 0, transfer: 0, payment_account: 0, comment: Салфетки влажные, office: P11, manager_name: Голубева Мария 👩‍💼 P11
[2025-05-10 14:59:31] Операция: Обновление баланса клиента в таблице users
clientId: 48, dolg: -51560
[2025-05-12 08:57:30] Операция: Внесение данных в таблицу kassa
clientId: 46, nal: -16000, kassa: 0, ekv: 0, transfer: 0, payment_account: 0, comment: Ежов Дмитрий, office: P7, manager_name: Алпатова Оксана 👩‍💼 P7
[2025-05-12 08:57:30] Операция: Обновление баланса клиента в таблице users
clientId: 46, dolg: -2471550
[2025-05-12 09:05:58] Операция: Внесение данных в таблицу kassa
clientId: 46, nal: -1200, kassa: 0, ekv: 0, transfer: 0, payment_account: 0, comment: Кибитки Денис, office: P7, manager_name: Алпатова Оксана 👩‍💼 P7
[2025-05-12 09:05:58] Операция: Обновление баланса клиента в таблице users
clientId: 46, dolg: -2472750
[2025-05-12 09:41:50] Операция: Внесение данных в таблицу kassa
clientId: 48, nal: -200, kassa: 0, ekv: 0, transfer: 0, payment_account: 0, comment: Санков Андрей, туалетная бумага, office: P1, manager_name: Бунчина Ирина 👩‍💼 P1
[2025-05-12 09:41:50] Операция: Обновление баланса клиента в таблице users
clientId: 48, dolg: -51760
[2025-05-12 10:04:11] Операция: Внесение данных в таблицу kassa
clientId: 68, nal: -100000, kassa: 0, ekv: 0, transfer: 0, payment_account: 0, comment: Z6-P7, office: Z6, manager_name: Соловков Александр 👨‍💼 Z6
[2025-05-12 10:04:11] Операция: Обновление баланса клиента в таблице users
clientId: 68, dolg: -100000
[2025-05-12 10:47:50] Операция: Внесение данных в таблицу kassa
clientId: 46, nal: -10000, kassa: 0, ekv: 0, transfer: 0, payment_account: 0, comment: Емелин Антон, office: P7, manager_name: Алпатова Оксана 👩‍💼 P7
[2025-05-12 10:47:50] Операция: Обновление баланса клиента в таблице users
clientId: 46, dolg: -2482750
[2025-05-12 10:48:55] Операция: Внесение данных в таблицу kassa
clientId: 48, nal: -1235, kassa: 0, ekv: 0, transfer: 0, payment_account: 0, comment: Бумага для принтера, скотч, office: S8, manager_name: Гирчева Ольга 👩‍💼 S8
[2025-05-12 10:48:55] Операция: Обновление баланса клиента в таблице users
clientId: 48, dolg: -52995
[2025-05-12 12:37:13] Операция: Внесение данных в таблицу kassa
clientId: 953, nal: -1760000, kassa: 0, ekv: 0, transfer: 0, payment_account: 0, comment: Наш друг (К) 👩, office: P5, manager_name: Фролова Ирина 👩‍💼 P5
[2025-05-12 12:37:13] Операция: Обновление баланса клиента в таблице users
clientId: 953, dolg: -55286150
[2025-05-12 13:27:39] Операция: Внесение данных в таблицу kassa
clientId: 46, nal: -14000, kassa: 0, ekv: 0, transfer: 0, payment_account: 0, comment: Дасаев Ринат, office: P7, manager_name: Алпатова Оксана 👩‍💼 P7
[2025-05-12 13:27:39] Операция: Обновление баланса клиента в таблице users
clientId: 46, dolg: -2496750
[2025-05-12 14:28:33] Операция: Внесение данных в таблицу kassa
clientId: 2064, nal: 0, kassa: 0, ekv: -1620, transfer: 0, payment_account: 0, comment: 213400487, возврат, office: P2, manager_name: Анискина Ольга 👩‍💼 P2
[2025-05-12 14:28:33] Операция: Обновление баланса клиента в таблице users
clientId: 2064, dolg: 0
[2025-05-12 14:47:52] Операция: Внесение данных в таблицу kassa
clientId: 761, nal: -1900, kassa: 0, ekv: 0, transfer: 0, payment_account: 0, comment: Поставщик OS, office: S8, manager_name: Гирчева Ольга 👩‍💼 S8
[2025-05-12 14:47:52] Операция: Обновление баланса клиента в таблице users
clientId: 761, dolg: -83010
[2025-05-12 17:50:41] Операция: Внесение данных в таблицу kassa
clientId: 1964, nal: 0, kassa: 0, ekv: -470, transfer: 0, payment_account: 0, comment: 211688151, office: P1, manager_name: Бунчина Ирина 👩‍💼 P1
[2025-05-12 17:50:41] Операция: Обновление баланса клиента в таблице users
clientId: 1964, dolg: 0
[2025-05-13 09:11:26] Операция: Внесение данных в таблицу kassa
clientId: 46, nal: -1200, kassa: 0, ekv: 0, transfer: 0, payment_account: 0, comment: Кибиткин Денис, office: P7, manager_name: Алпатова Оксана 👩‍💼 P7
[2025-05-13 09:11:26] Операция: Обновление баланса клиента в таблице users
clientId: 46, dolg: -2497950
[2025-05-13 12:01:10] Операция: Внесение данных в таблицу kassa
clientId: 48, nal: -230, kassa: 0, ekv: 0, transfer: 0, payment_account: 0, comment: Доставка воды 1шт, office: S4, manager_name: Сонина Наталья 👩‍💼 S4
[2025-05-13 12:01:10] Операция: Обновление баланса клиента в таблице users
clientId: 48, dolg: -53225
[2025-05-13 12:01:37] Операция: Внесение данных в таблицу kassa
clientId: 48, nal: -350, kassa: 0, ekv: 0, transfer: 0, payment_account: 0, comment: Бумага, салфетки, мыло, office: S4, manager_name: Сонина Наталья 👩‍💼 S4
[2025-05-13 12:01:37] Операция: Обновление баланса клиента в таблице users
clientId: 48, dolg: -53575
[2025-05-13 13:19:46] Операция: Внесение данных в таблицу kassa
clientId: 46, nal: -38150, kassa: 0, ekv: 0, transfer: 0, payment_account: 0, comment: Возвраты Емех за апрель, office: P5, manager_name: Фролова Ирина 👩‍💼 P5
[2025-05-13 13:19:46] Операция: Обновление баланса клиента в таблице users
clientId: 46, dolg: -2536100
[2025-05-13 13:25:29] Операция: Внесение данных в таблицу kassa
clientId: 46, nal: -10000, kassa: 0, ekv: 0, transfer: 0, payment_account: 0, comment: Емелин Антон, office: P7, manager_name: Алпатова Оксана 👩‍💼 P7
[2025-05-13 13:25:29] Операция: Обновление баланса клиента в таблице users
clientId: 46, dolg: -2546100
[2025-05-13 15:59:59] Операция: Внесение данных в таблицу kassa
clientId: 732, nal: 0, kassa: 0, ekv: -1150, transfer: 0, payment_account: 0, comment: 213745271, office: P5, manager_name: Фролова Ирина 👩‍💼 P5
[2025-05-13 15:59:59] Операция: Обновление баланса клиента в таблице users
clientId: 732, dolg: 400
[2025-05-13 16:00:48] Операция: Внесение данных в таблицу kassa
clientId: 732, nal: 0, kassa: 0, ekv: -1550, transfer: 0, payment_account: 0, comment: 213745271, office: P5, manager_name: Фролова Ирина 👩‍💼 P5
[2025-05-13 16:00:48] Операция: Обновление баланса клиента в таблице users
clientId: 732, dolg: 0
[2025-05-13 16:41:26] Операция: Внесение данных в таблицу kassa
clientId: 652, nal: 0, kassa: 0, ekv: -7200, transfer: 0, payment_account: 0, comment: 213090787, office: P5, manager_name: Фролова Ирина 👩‍💼 P5
[2025-05-13 16:41:26] Операция: Обновление баланса клиента в таблице users
clientId: 652, dolg: 1700
[2025-05-14 09:24:24] Операция: Внесение данных в таблицу kassa
clientId: 2039, nal: 0, kassa: 0, ekv: -560, transfer: 0, payment_account: 0, comment: 212857422, Возврат, office: P2, manager_name: Анискина Ольга 👩‍💼 P2
[2025-05-14 09:24:24] Операция: Обновление баланса клиента в таблице users
clientId: 2039, dolg: 0
[2025-05-14 09:39:16] Операция: Внесение данных в таблицу kassa
clientId: 46, nal: -1200, kassa: 0, ekv: 0, transfer: 0, payment_account: 0, comment: Кибиткин Денис, office: P7, manager_name: Алпатова Оксана 👩‍💼 P7
[2025-05-14 09:39:16] Операция: Обновление баланса клиента в таблице users
clientId: 46, dolg: -2547300
[2025-05-14 10:02:27] Операция: Внесение данных в таблицу kassa
clientId: 46, nal: -10000, kassa: 0, ekv: 0, transfer: 0, payment_account: 0, comment: Емелин Антон, office: P7, manager_name: Алпатова Оксана 👩‍💼 P7
[2025-05-14 10:02:27] Операция: Обновление баланса клиента в таблице users
clientId: 46, dolg: -2557300
[2025-05-14 10:29:16] Операция: Внесение данных в таблицу kassa
clientId: 68, nal: -350000, kassa: 0, ekv: 0, transfer: 0, payment_account: 0, comment: Z6-P7, office: Z6, manager_name: Соловков Александр 👨‍💼 Z6
[2025-05-14 10:29:16] Операция: Обновление баланса клиента в таблице users
clientId: 68, dolg: -292000
[2025-05-14 12:47:20] Операция: Внесение данных в таблицу kassa
clientId: 708, nal: 0, kassa: 0, ekv: -880, transfer: 0, payment_account: 0, comment: 213859746, office: P11, manager_name: Голубева Мария 👩‍💼 P11
[2025-05-14 12:47:20] Операция: Обновление баланса клиента в таблице users
clientId: 708, dolg: 0
[2025-05-14 14:05:36] Операция: Внесение данных в таблицу kassa
clientId: 761, nal: -1900, kassa: 0, ekv: 0, transfer: 0, payment_account: 0, comment: Поставщик OS, office: S8, manager_name: Гирчева Ольга 👩‍💼 S8
[2025-05-14 14:05:36] Операция: Обновление баланса клиента в таблице users
clientId: 761, dolg: -84910
[2025-05-14 15:37:22] Операция: Внесение данных в таблицу kassa
clientId: 761, nal: -1900, kassa: 0, ekv: 0, transfer: 0, payment_account: 0, comment: Поставщик OS, office: S8, manager_name: Гирчева Ольга 👩‍💼 S8
[2025-05-14 15:37:22] Операция: Обновление баланса клиента в таблице users
clientId: 761, dolg: -86810
[2025-05-14 17:32:25] Операция: Внесение данных в таблицу kassa
clientId: 859, nal: -37800, kassa: 0, ekv: 0, transfer: 0, payment_account: 0, comment: За апрель 2025 г., office: P5, manager_name: Фролова Ирина 👩‍💼 P5
[2025-05-14 17:32:25] Операция: Обновление баланса клиента в таблице users
clientId: 859, dolg: -246550
[2025-05-14 17:35:24] Операция: Внесение данных в таблицу kassa
clientId: 68, nal: -250000, kassa: 0, ekv: 0, transfer: 0, payment_account: 0, comment: P2-P7, office: P2, manager_name: Анискина Ольга 👩‍💼 P2
[2025-05-14 17:35:24] Операция: Обновление баланса клиента в таблице users
clientId: 68, dolg: -192000
[2025-05-15 09:27:40] Операция: Внесение данных в таблицу kassa
clientId: 48, nal: -200, kassa: 0, ekv: 0, transfer: 0, payment_account: 0, comment: Доставка воды, office: S8, manager_name: Гирчева Ольга 👩‍💼 S8
[2025-05-15 09:27:40] Операция: Обновление баланса клиента в таблице users
clientId: 48, dolg: -53775
[2025-05-15 09:27:56] Операция: Внесение данных в таблицу kassa
clientId: 686, nal: -1000, kassa: 0, ekv: 0, transfer: 0, payment_account: 0, comment: Уборка, office: S8, manager_name: Гирчева Ольга 👩‍💼 S8
[2025-05-15 09:27:56] Операция: Обновление баланса клиента в таблице users
clientId: 686, dolg: -125420
[2025-05-15 09:35:36] Операция: Внесение данных в таблицу kassa
clientId: 46, nal: -1200, kassa: 0, ekv: 0, transfer: 0, payment_account: 0, comment: Кибиткин Денис, office: P7, manager_name: Алпатова Оксана 👩‍💼 P7
[2025-05-15 09:35:36] Операция: Обновление баланса клиента в таблице users
clientId: 46, dolg: -2558500
[2025-05-15 11:07:39] Операция: Внесение данных в таблицу kassa
clientId: 46, nal: -10000, kassa: 0, ekv: 0, transfer: 0, payment_account: 0, comment: Емелин Антон, office: P7, manager_name: Алпатова Оксана 👩‍💼 P7
[2025-05-15 11:07:39] Операция: Обновление баланса клиента в таблице users
clientId: 46, dolg: -2568500
[2025-05-15 12:07:01] Операция: Внесение данных в таблицу kassa
clientId: 761, nal: -1900, kassa: 0, ekv: 0, transfer: 0, payment_account: 0, comment: Поставщик OS, office: S8, manager_name: Гирчева Ольга 👩‍💼 S8
[2025-05-15 12:07:01] Операция: Обновление баланса клиента в таблице users
clientId: 761, dolg: -88710
[2025-05-15 12:23:52] Операция: Внесение данных в таблицу kassa
clientId: 953, nal: -1760000, kassa: 0, ekv: 0, transfer: 0, payment_account: 0, comment: Наш друг (К) 👩, office: P5, manager_name: Фролова Ирина 👩‍💼 P5
[2025-05-15 12:23:52] Операция: Обновление баланса клиента в таблице users
clientId: 953, dolg: -57046150
[2025-05-15 13:27:47] Операция: Внесение данных в таблицу kassa
clientId: 591, nal: -10000, kassa: 0, ekv: 0, transfer: 0, payment_account: 0, comment: Коммуналка силикатная газ (предоплата)., office: P1, manager_name: Максимкина Татьяна 👩‍💼 P1
[2025-05-15 13:27:47] Операция: Обновление баланса клиента в таблице users
clientId: 591, dolg: -123773
[2025-05-15 14:04:53] Операция: Внесение данных в таблицу kassa
clientId: 761, nal: -2500, kassa: 0, ekv: 0, transfer: 0, payment_account: 0, comment: Поставщик OS, office: S8, manager_name: Гирчева Ольга 👩‍💼 S8
[2025-05-15 14:04:53] Операция: Обновление баланса клиента в таблице users
clientId: 761, dolg: -91210
[2025-05-15 14:06:16] Операция: Внесение данных в таблицу kassa
clientId: 761, nal: -1900, kassa: 0, ekv: 0, transfer: 0, payment_account: 0, comment: Поставщик OS, office: S8, manager_name: Гирчева Ольга 👩‍💼 S8
[2025-05-15 14:06:16] Операция: Обновление баланса клиента в таблице users
clientId: 761, dolg: -93110
[2025-05-15 14:33:34] Операция: Внесение данных в таблицу kassa
clientId: 955, nal: -100000, kassa: 0, ekv: 0, transfer: 0, payment_account: 0, comment: Цыплихин Виталий Анатольевич, office: P11, manager_name: Голубева Мария 👩‍💼 P11
[2025-05-15 14:33:34] Операция: Обновление баланса клиента в таблице users
clientId: 955, dolg: -110000
[2025-05-16 08:50:31] Операция: Внесение данных в таблицу kassa
clientId: 68, nal: -130000, kassa: 0, ekv: 0, transfer: 0, payment_account: 0, comment: К12-Р5, office: K12, manager_name: Гришина Надежда 👩‍💼 K12
[2025-05-16 08:50:31] Операция: Обновление баланса клиента в таблице users
clientId: 68, dolg: -72000
[2025-05-16 09:12:29] Операция: Внесение данных в таблицу kassa
clientId: 46, nal: -1200, kassa: 0, ekv: 0, transfer: 0, payment_account: 0, comment: Кибиткин Денис, office: P7, manager_name: Алпатова Оксана 👩‍💼 P7
[2025-05-16 09:12:29] Операция: Обновление баланса клиента в таблице users
clientId: 46, dolg: -2569700
[2025-05-16 09:48:20] Операция: Внесение данных в таблицу kassa
clientId: 953, nal: -500400, kassa: 0, ekv: 0, transfer: 0, payment_account: 0, comment: Наш друг (С) 👨, office: P7, manager_name: Алпатова Оксана 👩‍💼 P7
[2025-05-16 09:48:20] Операция: Обновление баланса клиента в таблице users
clientId: 953, dolg: -57546550
[2025-05-16 10:28:47] Операция: Внесение данных в таблицу kassa
clientId: 46, nal: -10000, kassa: 0, ekv: 0, transfer: 0, payment_account: 0, comment: Емелин Антон, office: P7, manager_name: Алпатова Оксана 👩‍💼 P7
[2025-05-16 10:28:47] Операция: Обновление баланса клиента в таблице users
clientId: 46, dolg: -2579700
[2025-05-16 10:30:56] Операция: Внесение данных в таблицу kassa
clientId: 68, nal: -830000, kassa: 0, ekv: 0, transfer: 0, payment_account: 0, comment: S4-P5, office: S4, manager_name: Сонина Наталья 👩‍💼 S4
[2025-05-16 10:30:56] Операция: Обновление баланса клиента в таблице users
clientId: 68, dolg: -902000
[2025-05-16 10:31:37] Операция: Внесение данных в таблицу kassa
clientId: 46, nal: -300, kassa: 0, ekv: 0, transfer: 0, payment_account: 0, comment: Инкассация, office: S4, manager_name: Сонина Наталья 👩‍💼 S4
[2025-05-16 10:31:37] Операция: Обновление баланса клиента в таблице users
clientId: 46, dolg: -2580000
[2025-05-16 10:32:09] Операция: Внесение данных в таблицу kassa
clientId: 48, nal: -550, kassa: 0, ekv: 0, transfer: 0, payment_account: 0, comment: Чековая лента 6шт, office: S4, manager_name: Сонина Наталья 👩‍💼 S4
[2025-05-16 10:32:09] Операция: Обновление баланса клиента в таблице users
clientId: 48, dolg: -54325
[2025-05-16 11:46:59] Операция: Внесение данных в таблицу kassa
clientId: 68, nal: -738000, kassa: 0, ekv: 0, transfer: 0, payment_account: 0, comment: S8->P5, office: S8, manager_name: Гирчева Ольга 👩‍💼 S8
[2025-05-16 11:46:59] Операция: Обновление баланса клиента в таблице users
clientId: 68, dolg: -1640000
[2025-05-16 11:48:13] Операция: Внесение данных в таблицу kassa
clientId: 68, nal: -250000, kassa: 0, ekv: 0, transfer: 0, payment_account: 0, comment: Z6-P7, office: Z6, manager_name: Соловков Александр 👨‍💼 Z6
[2025-05-16 11:48:13] Операция: Обновление баланса клиента в таблице users
clientId: 68, dolg: -1890000
[2025-05-16 14:53:34] Операция: Внесение данных в таблицу kassa
clientId: 46, nal: -18000, kassa: 0, ekv: 0, transfer: 0, payment_account: 0, comment: Юркалов Дмитрий Р5, office: P5, manager_name: Фролова Ирина 👩‍💼 P5
[2025-05-16 14:53:34] Операция: Обновление баланса клиента в таблице users
clientId: 46, dolg: -2598000
[2025-05-16 15:33:22] Операция: Внесение данных в таблицу kassa
clientId: 761, nal: -2260, kassa: 0, ekv: 0, transfer: 0, payment_account: 0, comment: Поставщик OS, office: S8, manager_name: Гирчева Ольга 👩‍💼 S8
[2025-05-16 15:33:22] Операция: Обновление баланса клиента в таблице users
clientId: 761, dolg: -95370
[2025-05-16 17:27:14] Операция: Внесение данных в таблицу kassa
clientId: 2080, nal: 0, kassa: 0, ekv: -5672, transfer: 0, payment_account: 0, comment: Возврат, 213846041, office: P2, manager_name: Анискина Ольга 👩‍💼 P2
[2025-05-16 17:27:14] Операция: Обновление баланса клиента в таблице users
clientId: 2080, dolg: 0
[2025-05-17 10:07:36] Операция: Внесение данных в таблицу kassa
clientId: 46, nal: -11000, kassa: 0, ekv: 0, transfer: 0, payment_account: 0, comment: Доставка Саранск, office: P5, manager_name: Фролова Ирина 👩‍💼 P5
[2025-05-17 10:07:36] Операция: Обновление баланса клиента в таблице users
clientId: 46, dolg: -2609000
[2025-05-17 10:37:31] Операция: Внесение данных в таблицу kassa
clientId: 746, nal: 0, kassa: 0, ekv: -500, transfer: 0, payment_account: 0, comment: Возврат - 213176025, office: P5, manager_name: Фролова Ирина 👩‍💼 P5
[2025-05-17 10:37:31] Операция: Обновление баланса клиента в таблице users
clientId: 746, dolg: 1430
[2025-05-17 11:55:21] Операция: Внесение данных в таблицу kassa
clientId: 46, nal: -2000, kassa: 0, ekv: 0, transfer: 0, payment_account: 0, comment: Разгрузка 4 дня, office: S4, manager_name: Сонина Наталья 👩‍💼 S4
[2025-05-17 11:55:21] Операция: Обновление баланса клиента в таблице users
clientId: 46, dolg: -2626900
[2025-05-17 12:28:03] Операция: Внесение данных в таблицу kassa
clientId: 537, nal: -153, kassa: 0, ekv: 0, transfer: 0, payment_account: 0, comment: 213849092, Возврат VCS1831, office: P2, manager_name: Анискина Ольга 👩‍💼 P2
[2025-05-17 12:28:03] Операция: Обновление баланса клиента в таблице users
clientId: 537, dolg: 0
[2025-05-17 12:32:17] Операция: Внесение данных в таблицу kassa
clientId: 953, nal: -1610850, kassa: 0, ekv: 0, transfer: 0, payment_account: 0, comment: Наш друг (К), office: P5, manager_name: Фролова Ирина 👩‍💼 P5
[2025-05-17 12:32:17] Операция: Обновление баланса клиента в таблице users
clientId: 953, dolg: -59157400
[2025-05-17 12:42:21] Операция: Внесение данных в таблицу kassa
clientId: 46, nal: -20000, kassa: 0, ekv: 0, transfer: 0, payment_account: 0, comment: Ежов Дмитрий, office: P7, manager_name: Алпатова Оксана 👩‍💼 P7
[2025-05-17 12:42:21] Операция: Обновление баланса клиента в таблице users
clientId: 46, dolg: -2646900
[2025-05-17 14:05:04] Операция: Внесение данных в таблицу kassa
clientId: 46, nal: -12000, kassa: 0, ekv: 0, transfer: 0, payment_account: 0, comment: Соловков Александр, office: Z6, manager_name: Соловков Александр 👨‍💼 Z6
[2025-05-17 14:05:04] Операция: Обновление баланса клиента в таблице users
clientId: 46, dolg: -2658900
[2025-05-19 09:07:50] Операция: Внесение данных в таблицу kassa
clientId: 46, nal: -1200, kassa: 0, ekv: 0, transfer: 0, payment_account: 0, comment: Кибиткин, office: P7, manager_name: Алпатова Оксана 👩‍💼 P7
[2025-05-19 09:07:50] Операция: Обновление баланса клиента в таблице users
clientId: 46, dolg: -2660100
[2025-05-19 09:37:13] Операция: Внесение данных в таблицу kassa
clientId: 1476, nal: 0, kassa: -25950, ekv: 0, transfer: 0, payment_account: 0, comment: 213384277, office: P5, manager_name: Фролова Ирина 👩‍💼 P5
[2025-05-19 09:37:13] Операция: Обновление баланса клиента в таблице users
clientId: 1476, dolg: -25950
[2025-05-19 09:40:26] Операция: Внесение данных в таблицу kassa
clientId: 68, nal: -190000, kassa: 0, ekv: 0, transfer: 0, payment_account: 0, comment: Z6-P7, office: Z6, manager_name: Соловков Александр 👨‍💼 Z6
[2025-05-19 09:40:26] Операция: Обновление баланса клиента в таблице users
clientId: 68, dolg: -462000
[2025-05-19 11:36:37] Операция: Внесение данных в таблицу kassa
clientId: 46, nal: -10000, kassa: 0, ekv: 0, transfer: 0, payment_account: 0, comment: Емелин Антон, office: P7, manager_name: Алпатова Оксана 👩‍💼 P7
[2025-05-19 11:36:37] Операция: Обновление баланса клиента в таблице users
clientId: 46, dolg: -2670100
[2025-05-19 11:43:00] Операция: Внесение данных в таблицу kassa
clientId: 1665, nal: -3450, kassa: 0, ekv: 0, transfer: 0, payment_account: 0, comment: 214082423, office: P1, manager_name: Максимкина Татьяна 👩‍💼 P1
[2025-05-19 11:43:00] Операция: Обновление баланса клиента в таблице users
clientId: 1665, dolg: 3450
[2025-05-19 12:59:49] Операция: Внесение данных в таблицу kassa
clientId: 761, nal: -2500, kassa: 0, ekv: 0, transfer: 0, payment_account: 0, comment: Поставщик OS, office: S8, manager_name: Гирчева Ольга 👩‍💼 S8
[2025-05-19 12:59:49] Операция: Обновление баланса клиента в таблице users
clientId: 761, dolg: -99770
[2025-05-19 13:01:11] Операция: Внесение данных в таблицу kassa
clientId: 761, nal: -1900, kassa: 0, ekv: 0, transfer: 0, payment_account: 0, comment: Поставщик OS, office: S8, manager_name: Гирчева Ольга 👩‍💼 S8
[2025-05-19 13:01:11] Операция: Обновление баланса клиента в таблице users
clientId: 761, dolg: -101670
[2025-05-19 13:02:34] Операция: Внесение данных в таблицу kassa
clientId: 46, nal: -3000, kassa: 0, ekv: 0, transfer: 0, payment_account: 0, comment: Ежов Дмитрий, office: P7, manager_name: Алпатова Оксана 👩‍💼 P7
[2025-05-19 13:02:34] Операция: Обновление баланса клиента в таблице users
clientId: 46, dolg: -2673100
[2025-05-19 13:58:27] Операция: Внесение данных в таблицу kassa
clientId: 46, nal: -17500, kassa: 0, ekv: 0, transfer: 0, payment_account: 0, comment: Дасаев Ринат, office: P7, manager_name: Алпатова Оксана 👩‍💼 P7
[2025-05-19 13:58:27] Операция: Обновление баланса клиента в таблице users
clientId: 46, dolg: -2690600
[2025-05-19 15:18:04] Операция: Внесение данных в таблицу kassa
clientId: 761, nal: -1900, kassa: 0, ekv: 0, transfer: 0, payment_account: 0, comment: Поставщик OS, office: S8, manager_name: Гирчева Ольга 👩‍💼 S8
[2025-05-19 15:18:04] Операция: Обновление баланса клиента в таблице users
clientId: 761, dolg: -103570
[2025-05-19 15:34:04] Операция: Внесение данных в таблицу kassa
clientId: 1025, nal: 0, kassa: 0, ekv: -1080, transfer: 0, payment_account: 0, comment: 212744898, office: P1, manager_name: Максимкина Татьяна 👩‍💼 P1
[2025-05-19 15:34:04] Операция: Обновление баланса клиента в таблице users
clientId: 1025, dolg: 0
[2025-05-19 17:16:29] Операция: Внесение данных в таблицу kassa
clientId: 48, nal: -400, kassa: 0, ekv: 0, transfer: 0, payment_account: 0, comment: Скотч двусторонний,полотенца бумажные, office: P11, manager_name: Голубева Мария 👩‍💼 P11
[2025-05-19 17:16:29] Операция: Обновление баланса клиента в таблице users
clientId: 48, dolg: -54725
[2025-05-20 08:59:20] Операция: Внесение данных в таблицу kassa
clientId: 48, nal: -165, kassa: 0, ekv: 0, transfer: 0, payment_account: 0, comment: Ср-во для мытья посуды, салфетки, office: P2, manager_name: Анискина Ольга 👩‍💼 P2
[2025-05-20 08:59:20] Операция: Обновление баланса клиента в таблице users
clientId: 48, dolg: -54890
[2025-05-20 09:30:43] Операция: Внесение данных в таблицу kassa
clientId: 46, nal: -1200, kassa: 0, ekv: 0, transfer: 0, payment_account: 0, comment: Кибиткин Денис, office: P7, manager_name: Алпатова Оксана 👩‍💼 P7
[2025-05-20 09:30:43] Операция: Обновление баланса клиента в таблице users
clientId: 46, dolg: -2691800
[2025-05-20 11:50:27] Операция: Внесение данных в таблицу kassa
clientId: 1351, nal: 0, kassa: 0, ekv: -37, transfer: 0, payment_account: 0, comment: Возврат, 213785106, office: P2, manager_name: Анискина Ольга 👩‍💼 P2
[2025-05-20 11:50:27] Операция: Обновление баланса клиента в таблице users
clientId: 1351, dolg: 0
[2025-05-20 12:02:17] Операция: Внесение данных в таблицу kassa
clientId: 48, nal: -7200, kassa: 0, ekv: 0, transfer: 0, payment_account: 0, comment: Бумага А4 (6 коробок)
, office: P5, manager_name: Фролова Ирина 👩‍💼 P5
[2025-05-20 12:02:17] Операция: Обновление баланса клиента в таблице users
clientId: 48, dolg: -62090
[2025-05-20 13:31:08] Операция: Внесение данных в таблицу kassa
clientId: 445, nal: -3150, kassa: 0, ekv: 0, transfer: 0, payment_account: 0, comment: Возврат 213847845, office: P5, manager_name: Фролова Ирина 👩‍💼 P5
[2025-05-20 13:31:08] Операция: Обновление баланса клиента в таблице users
clientId: 445, dolg: -3150
[2025-05-20 14:06:54] Операция: Внесение данных в таблицу kassa
clientId: 590, nal: -12000, kassa: 0, ekv: 0, transfer: 0, payment_account: 0, comment: Бессоновка(май), office: P11, manager_name: Голубева Мария 👩‍💼 P11
[2025-05-20 14:06:54] Операция: Обновление баланса клиента в таблице users
clientId: 590, dolg: -197000
[2025-05-20 14:13:08] Операция: Внесение данных в таблицу kassa
clientId: 46, nal: -10000, kassa: 0, ekv: 0, transfer: 0, payment_account: 0, comment: Емелин Антон, office: P7, manager_name: Алпатова Оксана 👩‍💼 P7
[2025-05-20 14:13:08] Операция: Обновление баланса клиента в таблице users
clientId: 46, dolg: -2701800
[2025-05-20 14:13:30] Операция: Внесение данных в таблицу kassa
clientId: 46, nal: -3000, kassa: 0, ekv: 0, transfer: 0, payment_account: 0, comment: Ежов Дмитрий, office: P7, manager_name: Алпатова Оксана 👩‍💼 P7
[2025-05-20 14:13:30] Операция: Обновление баланса клиента в таблице users
clientId: 46, dolg: -2704800
[2025-05-20 17:05:19] Операция: Внесение данных в таблицу kassa
clientId: 591, nal: -6400, kassa: 0, ekv: 0, transfer: 0, payment_account: 0, comment: Резепов Рамиль 04/2025, office: P1, manager_name: Максимкина Татьяна 👩‍💼 P1
[2025-05-20 17:05:19] Операция: Обновление баланса клиента в таблице users
clientId: 591, dolg: -130173
[2025-05-20 17:50:29] Операция: Внесение данных в таблицу kassa
clientId: 792, nal: 0, kassa: 0, ekv: -670, transfer: 0, payment_account: 0, comment: 214148888, office: P1, manager_name: Максимкина Татьяна 👩‍💼 P1
[2025-05-20 17:50:29] Операция: Обновление баланса клиента в таблице users
clientId: 792, dolg: 0
[2025-05-21 09:05:57] Операция: Внесение данных в таблицу kassa
clientId: 68, nal: -150000, kassa: 0, ekv: 0, transfer: 0, payment_account: 0, comment: К12-Р5, office: K12, manager_name: Гришина Надежда 👩‍💼 K12
[2025-05-21 09:05:57] Операция: Обновление баланса клиента в таблице users
clientId: 68, dolg: -480000
[2025-05-21 09:58:22] Операция: Внесение данных в таблицу kassa
clientId: 46, nal: -1200, kassa: 0, ekv: 0, transfer: 0, payment_account: 0, comment: Кибиткин Денис, office: P7, manager_name: Алпатова Оксана 👩‍💼 P7
[2025-05-21 09:58:22] Операция: Обновление баланса клиента в таблице users
clientId: 46, dolg: -2706000
[2025-05-21 12:59:37] Операция: Внесение данных в таблицу kassa
clientId: 46, nal: -10000, kassa: 0, ekv: 0, transfer: 0, payment_account: 0, comment: Емелин Антон, office: P7, manager_name: Алпатова Оксана 👩‍💼 P7
[2025-05-21 12:59:37] Операция: Обновление баланса клиента в таблице users
clientId: 46, dolg: -2716000
[2025-05-21 12:59:58] Операция: Внесение данных в таблицу kassa
clientId: 46, nal: -3000, kassa: 0, ekv: 0, transfer: 0, payment_account: 0, comment: Ежов Дмитрий, office: P7, manager_name: Алпатова Оксана 👩‍💼 P7
[2025-05-21 12:59:58] Операция: Обновление баланса клиента в таблице users
clientId: 46, dolg: -2719000
[2025-05-21 13:24:23] Операция: Внесение данных в таблицу kassa
clientId: 761, nal: -1900, kassa: 0, ekv: 0, transfer: 0, payment_account: 0, comment: Поставщик OS, office: S8, manager_name: Гирчева Ольга 👩‍💼 S8
[2025-05-21 13:24:23] Операция: Обновление баланса клиента в таблице users
clientId: 761, dolg: -105470
[2025-05-21 13:25:04] Операция: Внесение данных в таблицу kassa
clientId: 761, nal: -1900, kassa: 0, ekv: 0, transfer: 0, payment_account: 0, comment: Поставщик OS, office: S8, manager_name: Гирчева Ольга 👩‍💼 S8
[2025-05-21 13:25:04] Операция: Обновление баланса клиента в таблице users
clientId: 761, dolg: -107370
[2025-05-21 13:25:48] Операция: Внесение данных в таблицу kassa
clientId: 761, nal: -1900, kassa: 0, ekv: 0, transfer: 0, payment_account: 0, comment: Поставщик OS, office: S8, manager_name: Гирчева Ольга 👩‍💼 S8
[2025-05-21 13:25:48] Операция: Обновление баланса клиента в таблице users
clientId: 761, dolg: -109270
[2025-05-21 16:46:52] Операция: Внесение данных в таблицу kassa
clientId: 1979, nal: -1150, kassa: 0, ekv: 0, transfer: 0, payment_account: 0, comment: Возврат 211004984
213359927, office: P5, manager_name: Фролова Ирина 👩‍💼 P5
[2025-05-21 16:46:52] Операция: Обновление баланса клиента в таблице users
clientId: 1979, dolg: -1150
[2025-05-21 18:13:06] Операция: Внесение данных в таблицу kassa
clientId: 2143, nal: 0, kassa: 0, ekv: -1760, transfer: 0, payment_account: 0, comment: 214360124, office: P11, manager_name: Голубева Мария 👩‍💼 P11
[2025-05-21 18:13:06] Операция: Обновление баланса клиента в таблице users
clientId: 2143, dolg: -1760
[2025-05-21 18:14:22] Операция: Внесение данных в таблицу kassa
clientId: 2143, nal: 0, kassa: 0, ekv: -1760, transfer: 0, payment_account: 0, comment: 214360124, office: P11, manager_name: Голубева Мария 👩‍💼 P11
[2025-05-21 18:14:22] Операция: Обновление баланса клиента в таблице users
clientId: 2143, dolg: 0
[2025-05-22 09:10:18] Операция: Внесение данных в таблицу kassa
clientId: 46, nal: -1200, kassa: 0, ekv: 0, transfer: 0, payment_account: 0, comment: Кибиткин Денис, office: P7, manager_name: Алпатова Оксана 👩‍💼 P7
[2025-05-22 09:10:18] Операция: Обновление баланса клиента в таблице users
clientId: 46, dolg: -2720200
[2025-05-22 10:46:44] Операция: Внесение данных в таблицу kassa
clientId: 46, nal: -10000, kassa: 0, ekv: 0, transfer: 0, payment_account: 0, comment: Емелин Антон, office: P7, manager_name: Алпатова Оксана 👩‍💼 P7
[2025-05-22 10:46:44] Операция: Обновление баланса клиента в таблице users
clientId: 46, dolg: -2730200
[2025-05-22 11:09:59] Операция: Внесение данных в таблицу kassa
clientId: 953, nal: -1760000, kassa: 0, ekv: 0, transfer: 0, payment_account: 0, comment: Наш друг (К) 👩, office: P5, manager_name: Фролова Ирина 👩‍💼 P5
[2025-05-22 11:09:59] Операция: Обновление баланса клиента в таблице users
clientId: 953, dolg: -60917400
[2025-05-22 12:51:20] Операция: Внесение данных в таблицу kassa
clientId: 46, nal: -3000, kassa: 0, ekv: 0, transfer: 0, payment_account: 0, comment: Ежов Дмитрий, office: P7, manager_name: Алпатова Оксана 👩‍💼 P7
[2025-05-22 12:51:20] Операция: Обновление баланса клиента в таблице users
clientId: 46, dolg: -2733200
[2025-05-22 12:59:15] Операция: Внесение данных в таблицу kassa
clientId: 761, nal: -1900, kassa: 0, ekv: 0, transfer: 0, payment_account: 0, comment: , office: S8, manager_name: Гирчева Ольга 👩‍💼 S8
[2025-05-22 12:59:15] Операция: Обновление баланса клиента в таблице users
clientId: 761, dolg: -111170
[2025-05-22 13:00:17] Операция: Внесение данных в таблицу kassa
clientId: 761, nal: -1900, kassa: 0, ekv: 0, transfer: 0, payment_account: 0, comment: Поставщик OS, office: S8, manager_name: Гирчева Ольга 👩‍💼 S8
[2025-05-22 13:00:17] Операция: Обновление баланса клиента в таблице users
clientId: 761, dolg: -113070
[2025-05-22 13:02:27] Операция: Внесение данных в таблицу kassa
clientId: 761, nal: -1900, kassa: 0, ekv: 0, transfer: 0, payment_account: 0, comment: Поставщик OS, office: S8, manager_name: Гирчева Ольга 👩‍💼 S8
[2025-05-22 13:02:27] Операция: Обновление баланса клиента в таблице users
clientId: 761, dolg: -114970
[2025-05-22 17:16:40] Операция: Внесение данных в таблицу kassa
clientId: 1445, nal: 0, kassa: 0, ekv: -8100, transfer: 0, payment_account: 0, comment: 213297520, office: P1, manager_name: Бунчина Ирина 👩‍💼 P1
[2025-05-22 17:16:40] Операция: Обновление баланса клиента в таблице users
clientId: 1445, dolg: 0
[2025-05-22 17:18:36] Операция: Внесение данных в таблицу kassa
clientId: 652, nal: 0, kassa: 0, ekv: -3500, transfer: 0, payment_account: 0, comment: 213392049, office: P5, manager_name: Фролова Ирина 👩‍💼 P5
[2025-05-22 17:18:36] Операция: Обновление баланса клиента в таблице users
clientId: 652, dolg: -1800
[2025-05-22 17:37:44] Операция: Внесение данных в таблицу kassa
clientId: 591, nal: -2647, kassa: 0, ekv: 0, transfer: 0, payment_account: 0, comment: Оплата коммунальных услуг за апрель 2025г., office: P5, manager_name: Фролова Ирина 👩‍💼 P5
[2025-05-22 17:37:44] Операция: Обновление баланса клиента в таблице users
clientId: 591, dolg: -132820
[2025-05-22 17:54:59] Операция: Внесение данных в таблицу kassa
clientId: 68, nal: -240000, kassa: 0, ekv: 0, transfer: 0, payment_account: 0, comment: P2-P7, office: P2, manager_name: Анискина Ольга 👩‍💼 P2
[2025-05-22 17:54:59] Операция: Обновление баланса клиента в таблице users
clientId: 68, dolg: -570000
[2025-05-23 09:27:31] Операция: Внесение данных в таблицу kassa
clientId: 46, nal: -11200, kassa: 0, ekv: 0, transfer: 0, payment_account: 0, comment: Доставка Саранск+Исса, office: P5, manager_name: Фролова Ирина 👩‍💼 P5
[2025-05-23 09:27:31] Операция: Обновление баланса клиента в таблице users
clientId: 46, dolg: -2744400
[2025-05-23 09:47:05] Операция: Внесение данных в таблицу kassa
clientId: 68, nal: -400000, kassa: 0, ekv: 0, transfer: 0, payment_account: 0, comment: Z6-P7, office: Z6, manager_name: Соловков Александр 👨‍💼 Z6
[2025-05-23 09:47:05] Операция: Обновление баланса клиента в таблице users
clientId: 68, dolg: -970000
[2025-05-23 10:27:39] Операция: Внесение данных в таблицу kassa
clientId: 46, nal: -1200, kassa: 0, ekv: 0, transfer: 0, payment_account: 0, comment: Кибиткин Денис, office: P7, manager_name: Алпатова Оксана 👩‍💼 P7
[2025-05-23 10:27:39] Операция: Обновление баланса клиента в таблице users
clientId: 46, dolg: -2745600
[2025-05-23 11:04:49] Операция: Внесение данных в таблицу kassa
clientId: 68, nal: -706000, kassa: 0, ekv: 0, transfer: 0, payment_account: 0, comment: S4-P5, office: S4, manager_name: Сонина Наталья 👩‍💼 S4
[2025-05-23 11:04:49] Операция: Обновление баланса клиента в таблице users
clientId: 68, dolg: -1436000
[2025-05-23 11:05:27] Операция: Внесение данных в таблицу kassa
clientId: 46, nal: -300, kassa: 0, ekv: 0, transfer: 0, payment_account: 0, comment: Инкассация, office: S4, manager_name: Сонина Наталья 👩‍💼 S4
[2025-05-23 11:05:27] Операция: Обновление баланса клиента в таблице users
clientId: 46, dolg: -2745900
[2025-05-23 11:25:17] Операция: Внесение данных в таблицу kassa
clientId: 46, nal: -10000, kassa: 0, ekv: 0, transfer: 0, payment_account: 0, comment: Емелин Антон, office: P7, manager_name: Алпатова Оксана 👩‍💼 P7
[2025-05-23 11:25:17] Операция: Обновление баланса клиента в таблице users
clientId: 46, dolg: -2755900
[2025-05-23 12:44:16] Операция: Внесение данных в таблицу kassa
clientId: 761, nal: -1900, kassa: 0, ekv: 0, transfer: 0, payment_account: 0, comment: Поставщик OS, office: S8, manager_name: Гирчева Ольга 👩‍💼 S8
[2025-05-23 12:44:16] Операция: Обновление баланса клиента в таблице users
clientId: 761, dolg: -116870
[2025-05-23 13:17:51] Операция: Внесение данных в таблицу kassa
clientId: 68, nal: -675000, kassa: 0, ekv: 0, transfer: 0, payment_account: 0, comment: S8->P5, office: S8, manager_name: Гирчева Ольга 👩‍💼 S8
[2025-05-23 13:17:51] Операция: Обновление баланса клиента в таблице users
clientId: 68, dolg: -2111000
[2025-05-23 13:18:10] Операция: Внесение данных в таблицу kassa
clientId: 68, nal: 0, kassa: -9000, ekv: 0, transfer: 0, payment_account: 0, comment: S8->P5, office: S8, manager_name: Гирчева Ольга 👩‍💼 S8
[2025-05-23 13:18:10] Операция: Обновление баланса клиента в таблице users
clientId: 68, dolg: -2120000
[2025-05-23 14:37:54] Операция: Внесение данных в таблицу kassa
clientId: 46, nal: -3000, kassa: 0, ekv: 0, transfer: 0, payment_account: 0, comment: Ежов Дмитрий, office: P7, manager_name: Алпатова Оксана 👩‍💼 P7
[2025-05-23 14:37:54] Операция: Обновление баланса клиента в таблице users
clientId: 46, dolg: -2758900
[2025-05-23 15:04:52] Операция: Внесение данных в таблицу kassa
clientId: 46, nal: -18000, kassa: 0, ekv: 0, transfer: 0, payment_account: 0, comment: Юркалов Дмитрий Р5, office: P5, manager_name: Фролова Ирина 👩‍💼 P5
[2025-05-23 15:04:52] Операция: Обновление баланса клиента в таблице users
clientId: 46, dolg: -2776900
[2025-05-23 16:33:31] Операция: Внесение данных в таблицу kassa
clientId: 1773, nal: 0, kassa: 0, ekv: -490, transfer: 0, payment_account: 0, comment: 215002461, office: P5, manager_name: Фролова Ирина 👩‍💼 P5
[2025-05-23 16:33:31] Операция: Обновление баланса клиента в таблице users
clientId: 1773, dolg: -490
[2025-05-24 11:53:03] Операция: Внесение данных в таблицу kassa
clientId: 953, nal: -170000, kassa: 0, ekv: 0, transfer: 0, payment_account: 0, comment: Мирен (сотки), office: P5, manager_name: Фролова Ирина 👩‍💼 P5
[2025-05-24 11:53:03] Операция: Обновление баланса клиента в таблице users
clientId: 953, dolg: -61087400
[2025-05-24 12:17:08] Операция: Внесение данных в таблицу kassa
clientId: 686, nal: -14000, kassa: 0, ekv: 0, transfer: 0, payment_account: 0, comment: Алпатова Оксана, office: P7, manager_name: Алпатова Оксана 👩‍💼 P7
[2025-05-24 12:17:08] Операция: Обновление баланса клиента в таблице users
clientId: 686, dolg: -139420
[2025-05-24 12:38:12] Операция: Внесение данных в таблицу kassa
clientId: 953, nal: -1760000, kassa: 0, ekv: 0, transfer: 0, payment_account: 0, comment: Наш друг (К) 👩, office: P5, manager_name: Фролова Ирина 👩‍💼 P5
[2025-05-24 12:38:12] Операция: Обновление баланса клиента в таблице users
clientId: 953, dolg: -62847400
[2025-05-24 13:02:11] Операция: Внесение данных в таблицу kassa
clientId: 1038, nal: -200, kassa: 0, ekv: 0, transfer: 0, payment_account: 0, comment: Т/бумага, office: P1, manager_name: Максимкина Татьяна 👩‍💼 P1
[2025-05-24 13:02:11] Операция: Обновление баланса клиента в таблице users
clientId: 1038, dolg: 4800
[2025-05-24 16:07:27] Операция: Внесение данных в таблицу kassa
clientId: 46, nal: -12000, kassa: 0, ekv: 0, transfer: 0, payment_account: 0, comment: Соловков Александр, office: Z6, manager_name: Соловков Александр 👨‍💼 Z6
[2025-05-24 16:07:27] Операция: Обновление баланса клиента в таблице users
clientId: 46, dolg: -2804800
[2025-05-26 09:03:58] Операция: Внесение данных в таблицу kassa
clientId: 46, nal: -1200, kassa: 0, ekv: 0, transfer: 0, payment_account: 0, comment: Кибиткин Денис, office: P7, manager_name: Алпатова Оксана 👩‍💼 P7
[2025-05-26 09:03:58] Операция: Обновление баланса клиента в таблице users
clientId: 46, dolg: -2806000
[2025-05-26 09:49:34] Операция: Внесение данных в таблицу kassa
clientId: 1204, nal: -550, kassa: 0, ekv: 0, transfer: 0, payment_account: 0, comment: Возврат - 213211184, office: P5, manager_name: Малков Кирилл 👨‍💼 P5
[2025-05-26 09:49:34] Операция: Обновление баланса клиента в таблице users
clientId: 1204, dolg: -200
[2025-05-26 10:43:31] Операция: Внесение данных в таблицу kassa
clientId: 46, nal: -10000, kassa: 0, ekv: 0, transfer: 0, payment_account: 0, comment: Емелин Антон, office: P7, manager_name: Алпатова Оксана 👩‍💼 P7
[2025-05-26 10:43:31] Операция: Обновление баланса клиента в таблице users
clientId: 46, dolg: -2816000
[2025-05-26 12:03:46] Операция: Внесение данных в таблицу kassa
clientId: 68, nal: -150000, kassa: 0, ekv: 0, transfer: 0, payment_account: 0, comment: Z6-P7, office: Z6, manager_name: Соловков Александр 👨‍💼 Z6
[2025-05-26 12:03:46] Операция: Обновление баланса клиента в таблице users
clientId: 68, dolg: -150000
[2025-05-26 12:51:00] Операция: Внесение данных в таблицу kassa
clientId: 46, nal: -5000, kassa: 0, ekv: 0, transfer: 0, payment_account: 0, comment: Ежов Дмитрий, office: P7, manager_name: Алпатова Оксана 👩‍💼 P7
[2025-05-26 12:51:00] Операция: Обновление баланса клиента в таблице users
clientId: 46, dolg: -2821000
[2025-05-26 13:26:19] Операция: Внесение данных в таблицу kassa
clientId: 48, nal: -2768, kassa: 0, ekv: 0, transfer: 0, payment_account: 0, comment: Сантехника, office: P7, manager_name: Алпатова Оксана 👩‍💼 P7
[2025-05-26 13:26:19] Операция: Обновление баланса клиента в таблице users
clientId: 48, dolg: -64858
[2025-05-26 14:06:56] Операция: Внесение данных в таблицу kassa
clientId: 46, nal: -17500, kassa: 0, ekv: 0, transfer: 0, payment_account: 0, comment: Дасаев Ринат, office: P7, manager_name: Алпатова Оксана 👩‍💼 P7
[2025-05-26 14:06:56] Операция: Обновление баланса клиента в таблице users
clientId: 46, dolg: -2838500
[2025-05-26 17:07:02] Операция: Внесение данных в таблицу kassa
clientId: 48, nal: -436, kassa: 0, ekv: 0, transfer: 0, payment_account: 0, comment: Сантехника, office: P7, manager_name: Алпатова Оксана 👩‍💼 P7
[2025-05-26 17:07:02] Операция: Обновление баланса клиента в таблице users
clientId: 48, dolg: -65294
[2025-05-26 17:37:58] Операция: Внесение данных в таблицу kassa
clientId: 2194, nal: -2500, kassa: 0, ekv: 0, transfer: 0, payment_account: 0, comment: Комиссия от 20.02.2023, office: P1, manager_name: Бунчина Ирина 👩‍💼 P1
[2025-05-26 17:37:58] Операция: Обновление баланса клиента в таблице users
clientId: 2194, dolg: -2500
[2025-05-26 17:39:00] Операция: Внесение данных в таблицу kassa
clientId: 48, nal: -16000, kassa: 0, ekv: 0, transfer: 0, payment_account: 0, comment: Резван, office: P7, manager_name: Алпатова Оксана 👩‍💼 P7
[2025-05-26 17:39:00] Операция: Обновление баланса клиента в таблице users
clientId: 48, dolg: -81294
[2025-05-26 17:39:53] Операция: Внесение данных в таблицу kassa
clientId: 2165, nal: 0, kassa: 0, ekv: -800, transfer: 0, payment_account: 0, comment: Возврат - 214494286, office: P5, manager_name: Фролова Ирина 👩‍💼 P5
[2025-05-26 17:39:53] Операция: Обновление баланса клиента в таблице users
clientId: 2165, dolg: -800
[2025-05-27 09:29:35] Операция: Внесение данных в таблицу kassa
clientId: 48, nal: -1300, kassa: 0, ekv: 0, transfer: 0, payment_account: 0, comment: Насадка для швабры,туалетная бумага,губки для посуды,освежитель воздуха,чистящее средство для унитаза,жидкость для мытья полов., office: P7, manager_name: Алпатова Оксана 👩‍💼 P7
[2025-05-27 09:29:35] Операция: Обновление баланса клиента в таблице users
clientId: 48, dolg: -82594
[2025-05-27 09:30:12] Операция: Внесение данных в таблицу kassa
clientId: 48, nal: -80, kassa: 0, ekv: 0, transfer: 0, payment_account: 0, comment: Зарядник для телефона., office: P7, manager_name: Алпатова Оксана 👩‍💼 P7
[2025-05-27 09:30:12] Операция: Обновление баланса клиента в таблице users
clientId: 48, dolg: -82674
[2025-05-27 09:33:21] Операция: Внесение данных в таблицу kassa
clientId: 46, nal: -1200, kassa: 0, ekv: 0, transfer: 0, payment_account: 0, comment: Кибиткин Денис, office: P7, manager_name: Алпатова Оксана 👩‍💼 P7
[2025-05-27 09:33:21] Операция: Обновление баланса клиента в таблице users
clientId: 46, dolg: -2839700
[2025-05-27 11:57:19] Операция: Внесение данных в таблицу kassa
clientId: 1781, nal: -9300, kassa: 0, ekv: 0, transfer: 0, payment_account: 0, comment: Возврат - 207663037, office: P5, manager_name: Фролова Ирина 👩‍💼 P5
[2025-05-27 11:57:19] Операция: Обновление баланса клиента в таблице users
clientId: 1781, dolg: -9300
[2025-05-27 15:58:24] Операция: Внесение данных в таблицу kassa
clientId: 46, nal: -10000, kassa: 0, ekv: 0, transfer: 0, payment_account: 0, comment: Емелин Антон, office: P7, manager_name: Алпатова Оксана 👩‍💼 P7
[2025-05-27 15:58:24] Операция: Обновление баланса клиента в таблице users
clientId: 46, dolg: -2849700
[2025-05-28 09:03:06] Операция: Внесение данных в таблицу kassa
clientId: 68, nal: -110000, kassa: 0, ekv: 0, transfer: 0, payment_account: 0, comment: К12-Р5, office: K12, manager_name: Гришина Надежда 👩‍💼 K12
[2025-05-28 09:03:06] Операция: Обновление баланса клиента в таблице users
clientId: 68, dolg: -110000
[2025-05-28 10:04:34] Операция: Внесение данных в таблицу kassa
clientId: 68, nal: -300000, kassa: 0, ekv: 0, transfer: 0, payment_account: 0, comment: Z6-P7, office: Z6, manager_name: Соловков Александр 👨‍💼 Z6
[2025-05-28 10:04:34] Операция: Обновление баланса клиента в таблице users
clientId: 68, dolg: -410000
[2025-05-28 10:11:47] Операция: Внесение данных в таблицу kassa
clientId: 46, nal: -1200, kassa: 0, ekv: 0, transfer: 0, payment_account: 0, comment: Кибиткин Денис, office: P7, manager_name: Алпатова Оксана 👩‍💼 P7
[2025-05-28 10:11:47] Операция: Обновление баланса клиента в таблице users
clientId: 46, dolg: -2850900
[2025-05-28 10:12:12] Операция: Внесение данных в таблицу kassa
clientId: 46, nal: -10000, kassa: 0, ekv: 0, transfer: 0, payment_account: 0, comment: Емелин Антон, office: P7, manager_name: Алпатова Оксана 👩‍💼 P7
[2025-05-28 10:12:12] Операция: Обновление баланса клиента в таблице users
clientId: 46, dolg: -2860900
[2025-05-28 14:12:22] Операция: Внесение данных в таблицу kassa
clientId: 48, nal: -280, kassa: 0, ekv: 0, transfer: 0, payment_account: 0, comment: салфетки,полотенца, office: P11, manager_name: Голубева Мария 👩‍💼 P11
[2025-05-28 14:12:22] Операция: Обновление баланса клиента в таблице users
clientId: 48, dolg: -82954
[2025-05-28 14:21:01] Операция: Внесение данных в таблицу kassa
clientId: 48, nal: -200, kassa: 0, ekv: 0, transfer: 0, payment_account: 0, comment: Доставка воды, office: S8, manager_name: Гирчева Ольга 👩‍💼 S8
[2025-05-28 14:21:01] Операция: Обновление баланса клиента в таблице users
clientId: 48, dolg: -83154
[2025-05-28 15:08:12] Операция: Внесение данных в таблицу kassa
clientId: 2070, nal: -600, kassa: 0, ekv: 0, transfer: 0, payment_account: 0, comment: 213495181, office: P1, manager_name: Максимкина Татьяна 👩‍💼 P1
[2025-05-28 15:08:12] Операция: Обновление баланса клиента в таблице users
clientId: 2070, dolg: -600
[2025-05-28 16:29:03] Операция: Внесение данных в таблицу kassa
clientId: 1337, nal: 0, kassa: 0, ekv: -400, transfer: 0, payment_account: 0, comment: 215045288, office: P1, manager_name: Максимкина Татьяна 👩‍💼 P1
[2025-05-28 16:29:03] Операция: Обновление баланса клиента в таблице users
clientId: 1337, dolg: 49830
[2025-05-28 16:56:05] Операция: Внесение данных в таблицу kassa
clientId: 741, nal: 0, kassa: -1880, ekv: 0, transfer: 0, payment_account: 0, comment: Возврат 213778757, office: S8, manager_name: Гирчева Ольга 👩‍💼 S8
[2025-05-28 16:56:05] Операция: Обновление баланса клиента в таблице users
clientId: 741, dolg: -1880
[2025-05-28 18:16:09] Операция: Внесение данных в таблицу kassa
clientId: 2144, nal: 0, kassa: 0, ekv: -1684, transfer: 0, payment_account: 0, comment: 214882585, Возврат 1 и 3 позиции, office: P2, manager_name: Анискина Ольга 👩‍💼 P2
[2025-05-28 18:16:09] Операция: Обновление баланса клиента в таблице users
clientId: 2144, dolg: 0
[2025-05-29 09:13:55] Операция: Внесение данных в таблицу kassa
clientId: 686, nal: -1000, kassa: 0, ekv: 0, transfer: 0, payment_account: 0, comment: Уборка, office: S8, manager_name: Гирчева Ольга 👩‍💼 S8
[2025-05-29 09:13:55] Операция: Обновление баланса клиента в таблице users
clientId: 686, dolg: -140420
[2025-05-29 09:22:01] Операция: Внесение данных в таблицу kassa
clientId: 46, nal: -1200, kassa: 0, ekv: 0, transfer: 0, payment_account: 0, comment: Кибиткин Денис, office: P7, manager_name: Алпатова Оксана 👩‍💼 P7
[2025-05-29 09:22:01] Операция: Обновление баланса клиента в таблице users
clientId: 46, dolg: -2862100
[2025-05-29 10:33:20] Операция: Внесение данных в таблицу kassa
clientId: 46, nal: -10000, kassa: 0, ekv: 0, transfer: 0, payment_account: 0, comment: Емелин Антон, office: P7, manager_name: Алпатова Оксана 👩‍💼 P7
[2025-05-29 10:33:20] Операция: Обновление баланса клиента в таблице users
clientId: 46, dolg: -2872100
[2025-05-29 11:22:20] Операция: Внесение данных в таблицу kassa
clientId: 686, nal: -2000, kassa: 0, ekv: 0, transfer: 0, payment_account: 0, comment: , office: S4, manager_name: Сонина Наталья 👩‍💼 S4
[2025-05-29 11:22:20] Операция: Обновление баланса клиента в таблице users
clientId: 686, dolg: -142420
[2025-05-29 11:58:37] Операция: Внесение данных в таблицу kassa
clientId: 46, nal: -29950, kassa: 0, ekv: 0, transfer: 0, payment_account: 0, comment: Возвраты ЕМЕХ за май 2025 г., office: P5, manager_name: Фролова Ирина 👩‍💼 P5
[2025-05-29 11:58:37] Операция: Обновление баланса клиента в таблице users
clientId: 46, dolg: -2902050
[2025-05-29 13:08:06] Операция: Внесение данных в таблицу kassa
clientId: 953, nal: -1760000, kassa: 0, ekv: 0, transfer: 0, payment_account: 0, comment: Наш друг (К) 👩, office: P5, manager_name: Фролова Ирина 👩‍💼 P5
[2025-05-29 13:08:06] Операция: Обновление баланса клиента в таблице users
clientId: 953, dolg: -64607400
[2025-05-29 13:21:57] Операция: Внесение данных в таблицу kassa
clientId: 635, nal: 0, kassa: -373, ekv: 0, transfer: 0, payment_account: 0, comment: 3877128 , office: P1, manager_name: Максимкина Татьяна 👩‍💼 P1
[2025-05-29 13:21:57] Операция: Обновление баланса клиента в таблице users
clientId: 635, dolg: 940901
[2025-05-29 15:28:26] Операция: Внесение данных в таблицу kassa
clientId: 2140, nal: -1980, kassa: 0, ekv: 0, transfer: 0, payment_account: 0, comment: Возврат, office: P1, manager_name: Максимкина Татьяна 👩‍💼 P1
[2025-05-29 15:28:26] Операция: Обновление баланса клиента в таблице users
clientId: 2140, dolg: -1980
[2025-05-29 17:07:02] Операция: Внесение данных в таблицу kassa
clientId: 1408, nal: 0, kassa: 0, ekv: -610, transfer: 0, payment_account: 0, comment: 156750474, Возврат, office: P2, manager_name: Анискина Ольга 👩‍💼 P2
[2025-05-29 17:07:02] Операция: Обновление баланса клиента в таблице users
clientId: 1408, dolg: 0
[2025-05-29 17:23:42] Операция: Внесение данных в таблицу kassa
clientId: 2156, nal: -1900, kassa: 0, ekv: 0, transfer: 0, payment_account: 0, comment: 215134884, Возврат, office: P2, manager_name: Анискина Ольга 👩‍💼 P2
[2025-05-29 17:23:42] Операция: Обновление баланса клиента в таблице users
clientId: 2156, dolg: 0
[2025-05-29 18:04:11] Операция: Внесение данных в таблицу kassa
clientId: 591, nal: -1100, kassa: 0, ekv: 0, transfer: 0, payment_account: 0, comment: Коммуналка силикатная за свет, office: P1, manager_name: Максимкина Татьяна 👩‍💼 P1
[2025-05-29 18:04:11] Операция: Обновление баланса клиента в таблице users
clientId: 591, dolg: -133923
[2025-05-30 09:24:34] Операция: Внесение данных в таблицу kassa
clientId: 46, nal: -1200, kassa: 0, ekv: 0, transfer: 0, payment_account: 0, comment: Кибиткин Денис, office: P7, manager_name: Алпатова Оксана 👩‍💼 P7
[2025-05-30 09:24:34] Операция: Обновление баланса клиента в таблице users
clientId: 46, dolg: -2903250
[2025-05-30 09:30:16] Операция: Внесение данных в таблицу kassa
clientId: 468, nal: 0, kassa: 0, ekv: -1200, transfer: 0, payment_account: 0, comment: 214707245, Возврат, office: P2, manager_name: Анискина Ольга 👩‍💼 P2
[2025-05-30 09:30:16] Операция: Обновление баланса клиента в таблице users
clientId: 468, dolg: 0
[2025-05-30 09:55:50] Операция: Внесение данных в таблицу kassa
clientId: 83, nal: -108, kassa: 0, ekv: 0, transfer: 0, payment_account: 0, comment: Чек №1043 от 29.05.25, office: P5, manager_name: Фролова Ирина 👩‍💼 P5
[2025-05-30 09:55:50] Операция: Обновление баланса клиента в таблице users
clientId: 83, dolg: -10818
[2025-05-30 10:23:15] Операция: Внесение данных в таблицу kassa
clientId: 46, nal: -10000, kassa: 0, ekv: 0, transfer: 0, payment_account: 0, comment: Емелин Антон, office: P7, manager_name: Алпатова Оксана 👩‍💼 P7
[2025-05-30 10:23:15] Операция: Обновление баланса клиента в таблице users
clientId: 46, dolg: -2913250
[2025-05-30 11:08:23] Операция: Внесение данных в таблицу kassa
clientId: 68, nal: -565000, kassa: 0, ekv: 0, transfer: 0, payment_account: 0, comment: S4-P5, office: S4, manager_name: Сонина Наталья 👩‍💼 S4
[2025-05-30 11:08:23] Операция: Обновление баланса клиента в таблице users
clientId: 68, dolg: -565000
[2025-05-30 11:08:42] Операция: Внесение данных в таблицу kassa
clientId: 68, nal: 0, kassa: -20000, ekv: 0, transfer: 0, payment_account: 0, comment: S4-P5, office: S4, manager_name: Сонина Наталья 👩‍💼 S4
[2025-05-30 11:08:42] Операция: Обновление баланса клиента в таблице users
clientId: 68, dolg: -585000
[2025-05-30 11:09:04] Операция: Внесение данных в таблицу kassa
clientId: 46, nal: -300, kassa: 0, ekv: 0, transfer: 0, payment_account: 0, comment: Инкассация, office: S4, manager_name: Сонина Наталья 👩‍💼 S4
[2025-05-30 11:09:04] Операция: Обновление баланса клиента в таблице users
clientId: 46, dolg: -2913550
[2025-05-30 11:34:55] Операция: Внесение данных в таблицу kassa
clientId: 68, nal: -100000, kassa: 0, ekv: 0, transfer: 0, payment_account: 0, comment: Z6-P7, office: Z6, manager_name: Соловков Александр 👨‍💼 Z6
[2025-05-30 11:34:55] Операция: Обновление баланса клиента в таблице users
clientId: 68, dolg: -685000
[2025-05-30 11:49:57] Операция: Внесение данных в таблицу kassa
clientId: 68, nal: -490000, kassa: 0, ekv: 0, transfer: 0, payment_account: 0, comment: S8->P5, office: S8, manager_name: Гирчева Ольга 👩‍💼 S8
[2025-05-30 11:49:57] Операция: Обновление баланса клиента в таблице users
clientId: 68, dolg: -1175000
[2025-05-30 12:30:53] Операция: Внесение данных в таблицу kassa
clientId: 953, nal: -962100, kassa: 0, ekv: 0, transfer: 0, payment_account: 0, comment: Наш друг (С) 👨, office: P7, manager_name: Алпатова Оксана 👩‍💼 P7
[2025-05-30 12:30:53] Операция: Обновление баланса клиента в таблице users
clientId: 953, dolg: -65569500
[2025-05-30 14:15:20] Операция: Внесение данных в таблицу kassa
clientId: 48, nal: -4800, kassa: 0, ekv: 0, transfer: 0, payment_account: 0, comment: Бумага А4 - 4 коробки, office: P5, manager_name: Фролова Ирина 👩‍💼 P5
[2025-05-30 14:15:20] Операция: Обновление баланса клиента в таблице users
clientId: 48, dolg: -87954
[2025-05-30 15:55:17] Операция: Внесение данных в таблицу kassa
clientId: 46, nal: -18000, kassa: 0, ekv: 0, transfer: 0, payment_account: 0, comment: Юркалов Дмитрий Р5, office: P5, manager_name: Фролова Ирина 👩‍💼 P5
[2025-05-30 15:55:17] Операция: Обновление баланса клиента в таблице users
clientId: 46, dolg: -2931550
[2025-05-31 08:56:07] Операция: Внесение данных в таблицу kassa
clientId: 68, nal: -160000, kassa: 0, ekv: 0, transfer: 0, payment_account: 0, comment: К12-Р5, office: K12, manager_name: Гришина Надежда 👩‍💼 K12
[2025-05-31 08:56:07] Операция: Обновление баланса клиента в таблице users
clientId: 68, dolg: -1235000
[2025-05-31 09:48:01] Операция: Внесение данных в таблицу kassa
clientId: 686, nal: -2500, kassa: 0, ekv: 0, transfer: 0, payment_account: 0, comment: , office: K12, manager_name: Гришина Надежда 👩‍💼 K12
[2025-05-31 09:48:01] Операция: Обновление баланса клиента в таблице users
clientId: 686, dolg: -144920
[2025-05-31 09:54:14] Операция: Внесение данных в таблицу kassa
clientId: 46, nal: -9000, kassa: 0, ekv: 0, transfer: 0, payment_account: 0, comment: Доставка Саранск+Исса, office: P5, manager_name: Фролова Ирина 👩‍💼 P5
[2025-05-31 09:54:14] Операция: Обновление баланса клиента в таблице users
clientId: 46, dolg: -2940550
[2025-05-31 11:20:15] Операция: Внесение данных в таблицу kassa
clientId: 953, nal: -1760000, kassa: 0, ekv: 0, transfer: 0, payment_account: 0, comment: Наш друг (К), office: P5, manager_name: Фролова Ирина 👩‍💼 P5
[2025-05-31 11:20:15] Операция: Обновление баланса клиента в таблице users
clientId: 953, dolg: -67329500
[2025-05-31 14:49:38] Операция: Внесение данных в таблицу kassa
clientId: 46, nal: -12000, kassa: 0, ekv: 0, transfer: 0, payment_account: 0, comment: Соловков Александр, office: Z6, manager_name: Соловков Александр 👨‍💼 Z6
[2025-05-31 14:49:38] Операция: Обновление баланса клиента в таблице users
clientId: 46, dolg: -2968450
[2025-06-02 09:06:08] Операция: Внесение данных в таблицу kassa
clientId: 46, nal: -1200, kassa: 0, ekv: 0, transfer: 0, payment_account: 0, comment: Кибиткин Денис, office: P7, manager_name: Алпатова Оксана 👩‍💼 P7
[2025-06-02 09:06:08] Операция: Обновление баланса клиента в таблице users
clientId: 46, dolg: -2969650
[2025-06-02 09:11:49] Операция: Внесение данных в таблицу kassa
clientId: 686, nal: -10000, kassa: 0, ekv: 0, transfer: 0, payment_account: 0, comment: P1, office: P1, manager_name: Бунчина Ирина 👩‍💼 P1
[2025-06-02 09:11:49] Операция: Обновление баланса клиента в таблице users
clientId: 686, dolg: -154920
[2025-06-02 09:21:26] Операция: Внесение данных в таблицу kassa
clientId: 48, nal: -300, kassa: 0, ekv: 0, transfer: 0, payment_account: 0, comment: Хозяйственные принадлежности, office: S8, manager_name: Гирчева Ольга 👩‍💼 S8
[2025-06-02 09:21:26] Операция: Обновление баланса клиента в таблице users
clientId: 48, dolg: -88254
[2025-06-02 09:27:13] Операция: Внесение данных в таблицу kassa
clientId: 46, nal: -20000, kassa: 0, ekv: 0, transfer: 0, payment_account: 0, comment: Ежов Дмитрий, office: P7, manager_name: Алпатова Оксана 👩‍💼 P7
[2025-06-02 09:27:13] Операция: Обновление баланса клиента в таблице users
clientId: 46, dolg: -2989650
[2025-06-02 10:21:28] Операция: Внесение данных в таблицу kassa
clientId: 46, nal: -10000, kassa: 0, ekv: 0, transfer: 0, payment_account: 0, comment: Емелин Антон, office: P7, manager_name: Алпатова Оксана 👩‍💼 P7
[2025-06-02 10:21:28] Операция: Обновление баланса клиента в таблице users
clientId: 46, dolg: -2999650
[2025-06-02 11:30:46] Операция: Внесение данных в таблицу kassa
clientId: 68, nal: -300000, kassa: 0, ekv: 0, transfer: 0, payment_account: 0, comment: Z6-P7, office: Z6, manager_name: Соловков Александр 👨‍💼 Z6
[2025-06-02 11:30:46] Операция: Обновление баланса клиента в таблице users
clientId: 68, dolg: -300000
[2025-06-02 12:14:34] Операция: Внесение данных в таблицу kassa
clientId: 955, nal: -50000, kassa: 0, ekv: 0, transfer: 0, payment_account: 0, comment: Шестаков Дмитрий, office: P7, manager_name: Алпатова Оксана 👩‍💼 P7
[2025-06-02 12:14:34] Операция: Обновление баланса клиента в таблице users
clientId: 955, dolg: -50000
[2025-06-02 13:17:26] Операция: Внесение данных в таблицу kassa
clientId: 46, nal: -17500, kassa: 0, ekv: 0, transfer: 0, payment_account: 0, comment: Дасаев Ринат, office: P7, manager_name: Алпатова Оксана 👩‍💼 P7
[2025-06-02 13:17:26] Операция: Обновление баланса клиента в таблице users
clientId: 46, dolg: -3017150
[2025-06-02 13:42:33] Операция: Внесение данных в таблицу kassa
clientId: 2238, nal: -5800, kassa: 0, ekv: 0, transfer: 0, payment_account: 0, comment: Возврат 215767913 215765516, office: P5, manager_name: Фролова Ирина 👩‍💼 P5
[2025-06-02 13:42:33] Операция: Обновление баланса клиента в таблице users
clientId: 2238, dolg: -5800
[2025-06-02 15:05:06] Операция: Внесение данных в таблицу kassa
clientId: 431, nal: -850, kassa: 0, ekv: 0, transfer: 0, payment_account: 0, comment: Возврат 215816394, office: P5, manager_name: Фролова Ирина 👩‍💼 P5
[2025-06-02 15:05:06] Операция: Обновление баланса клиента в таблице users
clientId: 431, dolg: -850
[2025-06-02 16:04:18] Операция: Внесение данных в таблицу kassa
clientId: 686, nal: -7000, kassa: 0, ekv: 0, transfer: 0, payment_account: 0, comment: Р5 , office: P5, manager_name: Фролова Ирина 👩‍💼 P5
[2025-06-02 16:04:18] Операция: Обновление баланса клиента в таблице users
clientId: 686, dolg: -161920
[2025-06-03 09:32:20] Операция: Внесение данных в таблицу kassa
clientId: 46, nal: -1200, kassa: 0, ekv: 0, transfer: 0, payment_account: 0, comment: Кибиткин Денис, office: P7, manager_name: Алпатова Оксана 👩‍💼 P7
[2025-06-03 09:32:20] Операция: Обновление баланса клиента в таблице users
clientId: 46, dolg: -3018350
[2025-06-03 10:35:22] Операция: Внесение данных в таблицу kassa
clientId: 46, nal: -10000, kassa: 0, ekv: 0, transfer: 0, payment_account: 0, comment: Емелин Антон, office: P7, manager_name: Алпатова Оксана 👩‍💼 P7
[2025-06-03 10:35:22] Операция: Обновление баланса клиента в таблице users
clientId: 46, dolg: -3028350
[2025-06-03 11:13:50] Операция: Внесение данных в таблицу kassa
clientId: 590, nal: -25000, kassa: 0, ekv: 0, transfer: 0, payment_account: 0, comment: июнь, office: K12, manager_name: Гришина Надежда 👩‍💼 K12
[2025-06-03 11:13:50] Операция: Обновление баланса клиента в таблице users
clientId: 590, dolg: -222000
[2025-06-03 13:24:42] Операция: Внесение данных в таблицу kassa
clientId: 48, nal: -10000, kassa: 0, ekv: 0, transfer: 0, payment_account: 0, comment:  Верещагин Андрей "Системник на S8", office: P1, manager_name: Бунчина Ирина 👩‍💼 P1
[2025-06-03 13:24:42] Операция: Обновление баланса клиента в таблице users
clientId: 48, dolg: -98254
[2025-06-03 14:11:13] Операция: Внесение данных в таблицу kassa
clientId: 625, nal: 0, kassa: 0, ekv: -5582, transfer: 0, payment_account: 0, comment: 216053186, office: P2, manager_name: Анискина Ольга 👩‍💼 P2
[2025-06-03 14:11:13] Операция: Обновление баланса клиента в таблице users
clientId: 625, dolg: 0
[2025-06-04 09:11:57] Операция: Внесение данных в таблицу kassa
clientId: 46, nal: -1200, kassa: 0, ekv: 0, transfer: 0, payment_account: 0, comment: Кибиткин Денис, office: P7, manager_name: Алпатова Оксана 👩‍💼 P7
[2025-06-04 09:11:57] Операция: Обновление баланса клиента в таблице users
clientId: 46, dolg: -3029550
[2025-06-04 09:56:06] Операция: Внесение данных в таблицу kassa
clientId: 68, nal: -450000, kassa: 0, ekv: 0, transfer: 0, payment_account: 0, comment: Z6-P7, office: Z6, manager_name: Соловков Александр 👨‍💼 Z6
[2025-06-04 09:56:06] Операция: Обновление баланса клиента в таблице users
clientId: 68, dolg: -450000
[2025-06-04 10:38:49] Операция: Внесение данных в таблицу kassa
clientId: 46, nal: -10000, kassa: 0, ekv: 0, transfer: 0, payment_account: 0, comment: Емелин Антон, office: P7, manager_name: Алпатова Оксана 👩‍💼 P7
[2025-06-04 10:38:49] Операция: Обновление баланса клиента в таблице users
clientId: 46, dolg: -3039550
[2025-06-04 13:05:55] Операция: Внесение данных в таблицу kassa
clientId: 761, nal: -1900, kassa: 0, ekv: 0, transfer: 0, payment_account: 0, comment: Поставщик OS, office: S8, manager_name: Гирчева Ольга 👩‍💼 S8
[2025-06-04 13:05:55] Операция: Обновление баланса клиента в таблице users
clientId: 761, dolg: -124470
[2025-06-04 14:02:37] Операция: Внесение данных в таблицу kassa
clientId: 953, nal: -250000, kassa: 0, ekv: 0, transfer: 0, payment_account: 0, comment: Инкассация, office: P2, manager_name: Анискина Ольга 👩‍💼 P2
[2025-06-04 14:02:37] Операция: Обновление баланса клиента в таблице users
clientId: 953, dolg: -67579500
[2025-06-04 17:25:45] Операция: Внесение данных в таблицу kassa
clientId: 2190, nal: -1685, kassa: 0, ekv: 0, transfer: 0, payment_account: 0, comment: Возврат SE6108, office: Z6, manager_name: Соловков Александр 👨‍💼 Z6
[2025-06-04 17:25:45] Операция: Обновление баланса клиента в таблице users
clientId: 2190, dolg: 0
[2025-06-04 17:27:15] Операция: Внесение данных в таблицу kassa
clientId: 2190, nal: -1685, kassa: 0, ekv: 0, transfer: 0, payment_account: 0, comment: Возврат SE6108, office: Z6, manager_name: Соловков Александр 👨‍💼 Z6
[2025-06-04 17:27:15] Операция: Обновление баланса клиента в таблице users
clientId: 2190, dolg: -1685
[2025-06-05 09:06:00] Операция: Внесение данных в таблицу kassa
clientId: 68, nal: -150000, kassa: 0, ekv: 0, transfer: 0, payment_account: 0, comment: К12-Р5, office: K12, manager_name: Гришина Надежда 👩‍💼 K12
[2025-06-05 09:06:00] Операция: Обновление баланса клиента в таблице users
clientId: 68, dolg: -150000
[2025-06-05 10:53:04] Операция: Внесение данных в таблицу kassa
clientId: 1566, nal: 0, kassa: 0, ekv: -1600, transfer: 0, payment_account: 0, comment: 206478801, Возврат, office: P2, manager_name: Анискина Ольга 👩‍💼 P2
[2025-06-05 10:53:04] Операция: Обновление баланса клиента в таблице users
clientId: 1566, dolg: 0
[2025-06-05 11:10:09] Операция: Внесение данных в таблицу kassa
clientId: 1007, nal: -26000, kassa: 0, ekv: 0, transfer: 0, payment_account: 0, comment: Возврат - 214508091, office: P5, manager_name: Малков Кирилл 👨‍💼 P5
[2025-06-05 11:10:09] Операция: Обновление баланса клиента в таблице users
clientId: 1007, dolg: 0
[2025-06-05 12:19:35] Операция: Внесение данных в таблицу kassa
clientId: 68, nal: -269000, kassa: 0, ekv: 0, transfer: 0, payment_account: 0, comment: P1-P5, office: P1, manager_name: Бунчина Ирина 👩‍💼 P1
[2025-06-05 12:19:35] Операция: Обновление баланса клиента в таблице users
clientId: 68, dolg: -419000
[2025-06-05 12:57:45] Операция: Внесение данных в таблицу kassa
clientId: 953, nal: -1760000, kassa: 0, ekv: 0, transfer: 0, payment_account: 0, comment: Наш друг (К) , office: P5, manager_name: Фролова Ирина 👩‍💼 P5
[2025-06-05 12:57:45] Операция: Обновление баланса клиента в таблице users
clientId: 953, dolg: -69339500
[2025-06-05 17:50:29] Операция: Внесение данных в таблицу kassa
clientId: 46, nal: -10000, kassa: 0, ekv: 0, transfer: 0, payment_account: 0, comment: Емелин Антон, office: P7, manager_name: Алпатова Оксана 👩‍💼 P7
[2025-06-05 17:50:29] Операция: Обновление баланса клиента в таблице users
clientId: 46, dolg: -3049550
[2025-06-06 09:30:03] Операция: Внесение данных в таблицу kassa
clientId: 46, nal: -1200, kassa: 0, ekv: 0, transfer: 0, payment_account: 0, comment: Кибиткин Денис, office: P7, manager_name: Алпатова Оксана 👩‍💼 P7
[2025-06-06 09:30:03] Операция: Обновление баланса клиента в таблице users
clientId: 46, dolg: -3050750
[2025-06-06 10:38:04] Операция: Внесение данных в таблицу kassa
clientId: 46, nal: -10000, kassa: 0, ekv: 0, transfer: 0, payment_account: 0, comment: Емелин Антон, office: P7, manager_name: Алпатова Оксана 👩‍💼 P7
[2025-06-06 10:38:04] Операция: Обновление баланса клиента в таблице users
clientId: 46, dolg: -3060750
[2025-06-06 11:11:31] Операция: Внесение данных в таблицу kassa
clientId: 68, nal: -830000, kassa: 0, ekv: 0, transfer: 0, payment_account: 0, comment: S4-P5, office: S4, manager_name: Сонина Наталья 👩‍💼 S4
[2025-06-06 11:11:31] Операция: Обновление баланса клиента в таблице users
clientId: 68, dolg: -830000
[2025-06-06 11:12:01] Операция: Внесение данных в таблицу kassa
clientId: 46, nal: -300, kassa: 0, ekv: 0, transfer: 0, payment_account: 0, comment: Инкассация, office: S4, manager_name: Сонина Наталья 👩‍💼 S4
[2025-06-06 11:12:01] Операция: Обновление баланса клиента в таблице users
clientId: 46, dolg: -3061050
[2025-06-06 11:12:23] Операция: Внесение данных в таблицу kassa
clientId: 68, nal: -350000, kassa: 0, ekv: 0, transfer: 0, payment_account: 0, comment: Z6-P7, office: Z6, manager_name: Соловков Александр 👨‍💼 Z6
[2025-06-06 11:12:23] Операция: Обновление баланса клиента в таблице users
clientId: 68, dolg: -1180000
[2025-06-06 12:19:35] Операция: Внесение данных в таблицу kassa
clientId: 68, nal: -904000, kassa: 0, ekv: 0, transfer: 0, payment_account: 0, comment: S8->P5, office: S8, manager_name: Гирчева Ольга 👩‍💼 S8
[2025-06-06 12:19:35] Операция: Обновление баланса клиента в таблице users
clientId: 68, dolg: -2084000
[2025-06-06 12:19:57] Операция: Внесение данных в таблицу kassa
clientId: 68, nal: 0, kassa: -20000, ekv: 0, transfer: 0, payment_account: 0, comment: S8->P5, office: S8, manager_name: Гирчева Ольга 👩‍💼 S8
[2025-06-06 12:19:57] Операция: Обновление баланса клиента в таблице users
clientId: 68, dolg: -2104000
[2025-06-06 14:52:52] Операция: Внесение данных в таблицу kassa
clientId: 46, nal: -18000, kassa: 0, ekv: 0, transfer: 0, payment_account: 0, comment: Юркалов Дмитрий Р5, office: P5, manager_name: Фролова Ирина 👩‍💼 P5
[2025-06-06 14:52:52] Операция: Обновление баланса клиента в таблице users
clientId: 46, dolg: -3079050
[2025-06-06 16:09:52] Операция: Внесение данных в таблицу kassa
clientId: 1445, nal: -1500, kassa: 0, ekv: 0, transfer: 0, payment_account: 0, comment: 215449169, office: P1, manager_name: Максимкина Татьяна 👩‍💼 P1
[2025-06-06 16:09:52] Операция: Обновление баланса клиента в таблице users
clientId: 1445, dolg: -1500
[2025-06-06 17:48:05] Операция: Внесение данных в таблицу kassa
clientId: 1200, nal: 0, kassa: 0, ekv: -230, transfer: 0, payment_account: 0, comment: 213755862, Возврат, office: P2, manager_name: Анискина Ольга 👩‍💼 P2
[2025-06-06 17:48:05] Операция: Обновление баланса клиента в таблице users
clientId: 1200, dolg: 0
[2025-06-07 10:08:49] Операция: Внесение данных в таблицу kassa
clientId: 46, nal: -9400, kassa: 0, ekv: 0, transfer: 0, payment_account: 0, comment: Доставка Саранск, office: P5, manager_name: Фролова Ирина 👩‍💼 P5
[2025-06-07 10:08:49] Операция: Обновление баланса клиента в таблице users
clientId: 46, dolg: -3088450
[2025-06-07 12:01:53] Операция: Внесение данных в таблицу kassa
clientId: 953, nal: -1760000, kassa: 0, ekv: 0, transfer: 0, payment_account: 0, comment: Наш друг (К), office: P5, manager_name: Фролова Ирина 👩‍💼 P5
[2025-06-07 12:01:53] Операция: Обновление баланса клиента в таблице users
clientId: 953, dolg: -71099500
[2025-06-07 12:04:08] Операция: Внесение данных в таблицу kassa
clientId: 2274, nal: -3900, kassa: 0, ekv: 0, transfer: 0, payment_account: 0, comment: 217025859, office: P1, manager_name: Максимкина Татьяна 👩‍💼 P1
[2025-06-07 12:04:08] Операция: Обновление баланса клиента в таблице users
clientId: 2274, dolg: 0
[2025-06-07 12:14:00] Операция: Внесение данных в таблицу kassa
clientId: 48, nal: -200, kassa: 0, ekv: 0, transfer: 0, payment_account: 0, comment: Т/бумага, office: P1, manager_name: Максимкина Татьяна 👩‍💼 P1
[2025-06-07 12:14:00] Операция: Обновление баланса клиента в таблице users
clientId: 48, dolg: -98514
[2025-06-07 14:42:45] Операция: Внесение данных в таблицу kassa
clientId: 46, nal: -12000, kassa: 0, ekv: 0, transfer: 0, payment_account: 0, comment: Соловков Александр, office: Z6, manager_name: Соловков Александр 👨‍💼 Z6
[2025-06-07 14:42:45] Операция: Обновление баланса клиента в таблице users
clientId: 46, dolg: -3116350
[2025-06-09 09:15:55] Операция: Внесение данных в таблицу kassa
clientId: 46, nal: -1200, kassa: 0, ekv: 0, transfer: 0, payment_account: 0, comment: Кибиткин Денис, office: P7, manager_name: Алпатова Оксана 👩‍💼 P7
[2025-06-09 09:15:55] Операция: Обновление баланса клиента в таблице users
clientId: 46, dolg: -3117550
[2025-06-09 09:16:09] Операция: Внесение данных в таблицу kassa
clientId: 46, nal: -20000, kassa: 0, ekv: 0, transfer: 0, payment_account: 0, comment: Ежов Дмитрий, office: P7, manager_name: Алпатова Оксана 👩‍💼 P7
[2025-06-09 09:16:09] Операция: Обновление баланса клиента в таблице users
clientId: 46, dolg: -3137550
[2025-06-09 09:26:20] Операция: Внесение данных в таблицу kassa
clientId: 46, nal: -10000, kassa: 0, ekv: 0, transfer: 0, payment_account: 0, comment: Емелин Антон, office: P7, manager_name: Алпатова Оксана 👩‍💼 P7
[2025-06-09 09:26:20] Операция: Обновление баланса клиента в таблице users
clientId: 46, dolg: -3147550
[2025-06-09 11:15:21] Операция: Внесение данных в таблицу kassa
clientId: 48, nal: -200, kassa: 0, ekv: 0, transfer: 0, payment_account: 0, comment: Доставка воды, office: S8, manager_name: Гирчева Ольга 👩‍💼 S8
[2025-06-09 11:15:21] Операция: Обновление баланса клиента в таблице users
clientId: 48, dolg: -98714
[2025-06-09 13:06:24] Операция: Внесение данных в таблицу kassa
clientId: 46, nal: -17500, kassa: 0, ekv: 0, transfer: 0, payment_account: 0, comment: Дасаев Ринат, office: P7, manager_name: Алпатова Оксана 👩‍💼 P7
[2025-06-09 13:06:24] Операция: Обновление баланса клиента в таблице users
clientId: 46, dolg: -3165050
[2025-06-09 14:15:59] Операция: Внесение данных в таблицу kassa
clientId: 953, nal: -280500, kassa: 0, ekv: 0, transfer: 0, payment_account: 0, comment: Мирен, office: P5, manager_name: Фролова Ирина 👩‍💼 P5
[2025-06-09 14:15:59] Операция: Обновление баланса клиента в таблице users
clientId: 953, dolg: -71380000
[2025-06-09 15:11:23] Операция: Внесение данных в таблицу kassa
clientId: 953, nal: -100000, kassa: 0, ekv: 0, transfer: 0, payment_account: 0, comment: Мирен (сотки), office: P5, manager_name: Фролова Ирина 👩‍💼 P5
[2025-06-09 15:11:23] Операция: Обновление баланса клиента в таблице users
clientId: 953, dolg: -71480000
[2025-06-09 18:14:00] Операция: Внесение данных в таблицу kassa
clientId: 2267, nal: -1000, kassa: 0, ekv: 0, transfer: 0, payment_account: 0, comment: 217017225, office: P5, manager_name: Фролова Ирина 👩‍💼 P5
[2025-06-09 18:14:00] Операция: Обновление баланса клиента в таблице users
clientId: 2267, dolg: -1000
[2025-06-09 18:28:49] Операция: Внесение данных в таблицу kassa
clientId: 873, nal: -3500, kassa: 0, ekv: 0, transfer: 0, payment_account: 0, comment: 216450263, office: P11, manager_name: Голубева Мария 👩‍💼 P11
[2025-06-09 18:28:49] Операция: Обновление баланса клиента в таблице users
clientId: 873, dolg: -3500
[2025-06-10 09:19:26] Операция: Внесение данных в таблицу kassa
clientId: 46, nal: -1200, kassa: 0, ekv: 0, transfer: 0, payment_account: 0, comment: Кибиткин Денис, office: P7, manager_name: Алпатова Оксана 👩‍💼 P7
[2025-06-10 09:19:26] Операция: Обновление баланса клиента в таблице users
clientId: 46, dolg: -3166250
[2025-06-10 10:40:57] Операция: Внесение данных в таблицу kassa
clientId: 46, nal: -10000, kassa: 0, ekv: 0, transfer: 0, payment_account: 0, comment: Емелин Антон, office: P7, manager_name: Алпатова Оксана 👩‍💼 P7
[2025-06-10 10:40:57] Операция: Обновление баланса клиента в таблице users
clientId: 46, dolg: -3176250
[2025-06-10 12:36:50] Операция: Внесение данных в таблицу kassa
clientId: 48, nal: -800, kassa: 0, ekv: 0, transfer: 0, payment_account: 0, comment: Переноска, office: S4, manager_name: Сонина Наталья 👩‍💼 S4
[2025-06-10 12:36:50] Операция: Обновление баланса клиента в таблице users
clientId: 48, dolg: -99514
[2025-06-10 12:37:16] Операция: Внесение данных в таблицу kassa
clientId: 48, nal: -300, kassa: 0, ekv: 0, transfer: 0, payment_account: 0, comment: т.бумага+вл.салфетки, office: S4, manager_name: Сонина Наталья 👩‍💼 S4
[2025-06-10 12:37:16] Операция: Обновление баланса клиента в таблице users
clientId: 48, dolg: -99814
[2025-06-10 14:06:45] Операция: Внесение данных в таблицу kassa
clientId: 2174, nal: -5650, kassa: 0, ekv: 0, transfer: 0, payment_account: 0, comment: 215910775, office: P1, manager_name: Бунчина Ирина 👩‍💼 P1
[2025-06-10 14:06:45] Операция: Обновление баланса клиента в таблице users
clientId: 2174, dolg: 17500
[2025-06-11 09:06:33] Операция: Внесение данных в таблицу kassa
clientId: 68, nal: -90000, kassa: 0, ekv: 0, transfer: 0, payment_account: 0, comment: К12-Р5, office: K12, manager_name: Гришина Надежда 👩‍💼 K12
[2025-06-11 09:06:33] Операция: Обновление баланса клиента в таблице users
clientId: 68, dolg: -90000
[2025-06-11 09:57:06] Операция: Внесение данных в таблицу kassa
clientId: 48, nal: -300, kassa: 0, ekv: 0, transfer: 0, payment_account: 0, comment: Бумага,полотенца, office: P11, manager_name: Голубева Мария 👩‍💼 P11
[2025-06-11 09:57:06] Операция: Обновление баланса клиента в таблице users
clientId: 48, dolg: -100114
[2025-06-11 10:13:53] Операция: Внесение данных в таблицу kassa
clientId: 83, nal: -398, kassa: 0, ekv: 0, transfer: 0, payment_account: 0, comment: Чек № 994 от 16.05.25, office: P5, manager_name: Фролова Ирина 👩‍💼 P5
[2025-06-11 10:13:53] Операция: Обновление баланса клиента в таблице users
clientId: 83, dolg: -11216
[2025-06-11 10:14:20] Операция: Внесение данных в таблицу kassa
clientId: 83, nal: -449, kassa: 0, ekv: 0, transfer: 0, payment_account: 0, comment: Чек №1134 от 10.06.25, office: P5, manager_name: Фролова Ирина 👩‍💼 P5
[2025-06-11 10:14:20] Операция: Обновление баланса клиента в таблице users
clientId: 83, dolg: -11665
[2025-06-11 10:41:26] Операция: Внесение данных в таблицу kassa
clientId: 68, nal: -250000, kassa: 0, ekv: 0, transfer: 0, payment_account: 0, comment: Z6-P7, office: Z6, manager_name: Соловков Александр 👨‍💼 Z6
[2025-06-11 10:41:26] Операция: Обновление баланса клиента в таблице users
clientId: 68, dolg: -340000
[2025-06-11 12:43:56] Операция: Внесение данных в таблицу kassa
clientId: 46, nal: -1200, kassa: 0, ekv: 0, transfer: 0, payment_account: 0, comment: Кибиткин Денис, office: P7, manager_name: Алпатова Оксана 👩‍💼 P7
[2025-06-11 12:43:56] Операция: Обновление баланса клиента в таблице users
clientId: 46, dolg: -3177450
[2025-06-11 12:44:13] Операция: Внесение данных в таблицу kassa
clientId: 46, nal: -10000, kassa: 0, ekv: 0, transfer: 0, payment_account: 0, comment: Емелин Антон, office: P7, manager_name: Алпатова Оксана 👩‍💼 P7
[2025-06-11 12:44:13] Операция: Обновление баланса клиента в таблице users
clientId: 46, dolg: -3187450
[2025-06-11 12:53:58] Операция: Внесение данных в таблицу kassa
clientId: 2235, nal: 0, kassa: 0, ekv: -2279, transfer: 0, payment_account: 0, comment: Возврат 216094764, office: P5, manager_name: Фролова Ирина 👩‍💼 P5
[2025-06-11 12:53:58] Операция: Обновление баланса клиента в таблице users
clientId: 2235, dolg: -2279
[2025-06-11 13:22:49] Операция: Внесение данных в таблицу kassa
clientId: 68, nal: -100000, kassa: 0, ekv: 0, transfer: 0, payment_account: 0, comment: P2-P7, office: P2, manager_name: Анискина Ольга 👩‍💼 P2
[2025-06-11 13:22:49] Операция: Обновление баланса клиента в таблице users
clientId: 68, dolg: -350000
[2025-06-11 13:37:35] Операция: Внесение данных в таблицу kassa
clientId: 68, nal: -358000, kassa: 0, ekv: 0, transfer: 0, payment_account: 0, comment: Р7-Р1, office: P1, manager_name: Максимкина Татьяна 👩‍💼 P1
[2025-06-11 13:37:35] Операция: Обновление баланса клиента в таблице users
clientId: 68, dolg: -708000
[2025-06-11 14:15:30] Операция: Внесение данных в таблицу kassa
clientId: 686, nal: -14000, kassa: 0, ekv: 0, transfer: 0, payment_account: 0, comment: , office: P7, manager_name: Алпатова Оксана 👩‍💼 P7
[2025-06-11 14:15:30] Операция: Обновление баланса клиента в таблице users
clientId: 686, dolg: -175920
[2025-06-11 15:02:24] Операция: Внесение данных в таблицу kassa
clientId: 953, nal: -365050, kassa: 0, ekv: 0, transfer: 0, payment_account: 0, comment: Кому выдано, office: P7, manager_name: Алпатова Оксана 👩‍💼 P7
[2025-06-11 15:02:24] Операция: Обновление баланса клиента в таблице users
clientId: 953, dolg: -71845050
[2025-06-11 15:27:45] Операция: Внесение данных в таблицу kassa
clientId: 953, nal: -310000, kassa: 0, ekv: 0, transfer: 0, payment_account: 0, comment: Мирен, office: P11, manager_name: Голубева Мария 👩‍💼 P11
[2025-06-11 15:27:45] Операция: Обновление баланса клиента в таблице users
clientId: 953, dolg: -72155050
[2025-06-11 15:48:26] Операция: Внесение данных в таблицу kassa
clientId: 45, nal: -2050, kassa: 0, ekv: 0, transfer: 0, payment_account: 0, comment: Возврат - 216693624, office: P5, manager_name: Малков Кирилл 👨‍💼 P5
[2025-06-11 15:48:26] Операция: Обновление баланса клиента в таблице users
clientId: 45, dolg: 71260
[2025-06-12 09:11:39] Операция: Внесение данных в таблицу kassa
clientId: 46, nal: -1200, kassa: 0, ekv: 0, transfer: 0, payment_account: 0, comment: Кибиткин Денис, office: P7, manager_name: Алпатова Оксана 👩‍💼 P7
[2025-06-12 09:11:39] Операция: Обновление баланса клиента в таблице users
clientId: 46, dolg: -3188650
[2025-06-12 10:11:33] Операция: Внесение данных в таблицу kassa
clientId: 46, nal: -10000, kassa: 0, ekv: 0, transfer: 0, payment_account: 0, comment: Емелин Антон, office: P7, manager_name: Алпатова Оксана 👩‍💼 P7
[2025-06-12 10:11:33] Операция: Обновление баланса клиента в таблице users
clientId: 46, dolg: -3198650
[2025-06-13 09:28:20] Операция: Внесение данных в таблицу kassa
clientId: 46, nal: -1200, kassa: 0, ekv: 0, transfer: 0, payment_account: 0, comment: Кибиткин Денис, office: P7, manager_name: Алпатова Оксана 👩‍💼 P7
[2025-06-13 09:28:20] Операция: Обновление баланса клиента в таблице users
clientId: 46, dolg: -3199850
[2025-06-13 09:29:13] Операция: Внесение данных в таблицу kassa
clientId: 46, nal: -3900, kassa: 0, ekv: 0, transfer: 0, payment_account: 0, comment: Никольск, office: P7, manager_name: Алпатова Оксана 👩‍💼 P7
[2025-06-13 09:29:13] Операция: Обновление баланса клиента в таблице users
clientId: 46, dolg: -3203750
[2025-06-13 10:14:04] Операция: Внесение данных в таблицу kassa
clientId: 48, nal: -500, kassa: 0, ekv: 0, transfer: 0, payment_account: 0, comment: Переноска(сетевой фильтр) , office: S4, manager_name: Сонина Наталья 👩‍💼 S4
[2025-06-13 10:14:04] Операция: Обновление баланса клиента в таблице users
clientId: 48, dolg: -100614
[2025-06-13 10:15:23] Операция: Внесение данных в таблицу kassa
clientId: 68, nal: -150000, kassa: 0, ekv: 0, transfer: 0, payment_account: 0, comment: Z6-P7, office: Z6, manager_name: Соловков Александр 👨‍💼 Z6
[2025-06-13 10:15:23] Операция: Обновление баланса клиента в таблице users
clientId: 68, dolg: -150000
[2025-06-13 10:41:37] Операция: Внесение данных в таблицу kassa
clientId: 68, nal: -720000, kassa: 0, ekv: 0, transfer: 0, payment_account: 0, comment: S4-P5, office: S4, manager_name: Сонина Наталья 👩‍💼 S4
[2025-06-13 10:41:37] Операция: Обновление баланса клиента в таблице users
clientId: 68, dolg: -870000
[2025-06-13 10:42:01] Операция: Внесение данных в таблицу kassa
clientId: 46, nal: -300, kassa: 0, ekv: 0, transfer: 0, payment_account: 0, comment: Инкассация, office: S4, manager_name: Сонина Наталья 👩‍💼 S4
[2025-06-13 10:42:01] Операция: Обновление баланса клиента в таблице users
clientId: 46, dolg: -3204050
[2025-06-13 10:48:59] Операция: Внесение данных в таблицу kassa
clientId: 46, nal: -10000, kassa: 0, ekv: 0, transfer: 0, payment_account: 0, comment: Емелин Антон, office: P7, manager_name: Алпатова Оксана 👩‍💼 P7
[2025-06-13 10:48:59] Операция: Обновление баланса клиента в таблице users
clientId: 46, dolg: -3214050
[2025-06-13 11:01:02] Операция: Внесение данных в таблицу kassa
clientId: 953, nal: -1760000, kassa: 0, ekv: 0, transfer: 0, payment_account: 0, comment: Наш друг (К) 👩, office: P5, manager_name: Фролова Ирина 👩‍💼 P5
[2025-06-13 11:01:02] Операция: Обновление баланса клиента в таблице users
clientId: 953, dolg: -73915050
[2025-06-13 11:10:51] Операция: Внесение данных в таблицу kassa
clientId: 859, nal: -96900, kassa: 0, ekv: 0, transfer: 0, payment_account: 0, comment: За май 2025г., office: P5, manager_name: Фролова Ирина 👩‍💼 P5
[2025-06-13 11:10:51] Операция: Обновление баланса клиента в таблице users
clientId: 859, dolg: -343450
[2025-06-13 12:38:10] Операция: Внесение данных в таблицу kassa
clientId: 46, nal: -9600, kassa: 0, ekv: 0, transfer: 0, payment_account: 0, comment: Доставка OS, office: S8, manager_name: Гирчева Ольга 👩‍💼 S8
[2025-06-13 12:38:10] Операция: Обновление баланса клиента в таблице users
clientId: 46, dolg: -3223650
[2025-06-13 12:51:33] Операция: Внесение данных в таблицу kassa
clientId: 68, nal: -532000, kassa: 0, ekv: 0, transfer: 0, payment_account: 0, comment: S8->P5, office: S8, manager_name: Гирчева Ольга 👩‍💼 S8
[2025-06-13 12:51:33] Операция: Обновление баланса клиента в таблице users
clientId: 68, dolg: -1252000
[2025-06-13 14:27:48] Операция: Внесение данных в таблицу kassa
clientId: 48, nal: -100, kassa: 0, ekv: 0, transfer: 0, payment_account: 0, comment: Пемолюкс, office: P11, manager_name: Голубева Мария 👩‍💼 P11
[2025-06-13 14:27:48] Операция: Обновление баланса клиента в таблице users
clientId: 48, dolg: -100714
[2025-06-13 15:57:56] Операция: Внесение данных в таблицу kassa
clientId: 46, nal: -18000, kassa: 0, ekv: 0, transfer: 0, payment_account: 0, comment: Юркалов Дмитрий Р5, office: P5, manager_name: Фролова Ирина 👩‍💼 P5
[2025-06-13 15:57:56] Операция: Обновление баланса клиента в таблице users
clientId: 46, dolg: -3241650
[2025-06-14 10:07:12] Операция: Внесение данных в таблицу kassa
clientId: 46, nal: -8200, kassa: 0, ekv: 0, transfer: 0, payment_account: 0, comment: Доставка Саранск, office: P5, manager_name: Фролова Ирина 👩‍💼 P5
[2025-06-14 10:07:12] Операция: Обновление баланса клиента в таблице users
clientId: 46, dolg: -3249850
[2025-06-14 13:36:05] Операция: Внесение данных в таблицу kassa
clientId: 46, nal: -12000, kassa: 0, ekv: 0, transfer: 0, payment_account: 0, comment: Соловков Александр, office: Z6, manager_name: Соловков Александр 👨‍💼 Z6
[2025-06-14 13:36:05] Операция: Обновление баланса клиента в таблице users
clientId: 46, dolg: -3263050
[2025-06-14 15:28:21] Операция: Внесение данных в таблицу kassa
clientId: 953, nal: -1760000, kassa: 0, ekv: 0, transfer: 0, payment_account: 0, comment: Наш друг (К), office: P5, manager_name: Фролова Ирина 👩‍💼 P5
[2025-06-14 15:28:21] Операция: Обновление баланса клиента в таблице users
clientId: 953, dolg: -75675050
[2025-06-16 09:50:33] Операция: Внесение данных в таблицу kassa
clientId: 46, nal: -20000, kassa: 0, ekv: 0, transfer: 0, payment_account: 0, comment: Ежов Дмитрий, office: P7, manager_name: Алпатова Оксана 👩‍💼 P7
[2025-06-16 09:50:33] Операция: Обновление баланса клиента в таблице users
clientId: 46, dolg: -3283050
[2025-06-16 09:50:50] Операция: Внесение данных в таблицу kassa
clientId: 46, nal: -1200, kassa: 0, ekv: 0, transfer: 0, payment_account: 0, comment: Кибиткин Денис, office: P7, manager_name: Алпатова Оксана 👩‍💼 P7
[2025-06-16 09:50:50] Операция: Обновление баланса клиента в таблице users
clientId: 46, dolg: -3284250
[2025-06-16 10:36:01] Операция: Внесение данных в таблицу kassa
clientId: 46, nal: -10000, kassa: 0, ekv: 0, transfer: 0, payment_account: 0, comment: Емелин Антон, office: P7, manager_name: Алпатова Оксана 👩‍💼 P7
[2025-06-16 10:36:01] Операция: Обновление баланса клиента в таблице users
clientId: 46, dolg: -3294250
[2025-06-16 10:36:55] Операция: Внесение данных в таблицу kassa
clientId: 686, nal: -1000, kassa: 0, ekv: 0, transfer: 0, payment_account: 0, comment: Уборка, office: S8, manager_name: Гирчева Ольга 👩‍💼 S8
[2025-06-16 10:36:55] Операция: Обновление баланса клиента в таблице users
clientId: 686, dolg: -176920
[2025-06-16 10:57:29] Операция: Внесение данных в таблицу kassa
clientId: 68, nal: -29258, kassa: -29258, ekv: 0, transfer: 0, payment_account: 0, comment: , office: P5, manager_name: Фролова Ирина 👩‍💼 P5
[2025-06-16 10:57:29] Операция: Обновление баланса клиента в таблице users
clientId: 68, dolg: -58516
[2025-06-16 13:38:55] Операция: Внесение данных в таблицу kassa
clientId: 46, nal: -17500, kassa: 0, ekv: 0, transfer: 0, payment_account: 0, comment: Дасаев Ринат, office: P7, manager_name: Алпатова Оксана 👩‍💼 P7
[2025-06-16 13:38:55] Операция: Обновление баланса клиента в таблице users
clientId: 46, dolg: -3311750
[2025-06-16 13:42:06] Операция: Внесение данных в таблицу kassa
clientId: 922, nal: -2400, kassa: 0, ekv: 0, transfer: 0, payment_account: 0, comment: 217912654, office: P11, manager_name: Голубева Мария 👩‍💼 P11
[2025-06-16 13:42:06] Операция: Обновление баланса клиента в таблице users
clientId: 922, dolg: 0
[2025-06-16 14:12:00] Операция: Внесение данных в таблицу kassa
clientId: 1297, nal: 0, kassa: 0, ekv: -6100, transfer: 0, payment_account: 0, comment: 217504241, office: P1, manager_name: Максимкина Татьяна 👩‍💼 P1
[2025-06-16 14:12:00] Операция: Обновление баланса клиента в таблице users
clientId: 1297, dolg: 1040
[2025-06-16 14:12:52] Операция: Внесение данных в таблицу kassa
clientId: 1297, nal: -6100, kassa: 0, ekv: 0, transfer: 0, payment_account: 0, comment: 217504241, office: P1, manager_name: Максимкина Татьяна 👩‍💼 P1
[2025-06-16 14:12:52] Операция: Обновление баланса клиента в таблице users
clientId: 1297, dolg: 1040
[2025-06-16 16:38:11] Операция: Внесение данных в таблицу kassa
clientId: 1057, nal: -400, kassa: 0, ekv: 0, transfer: 0, payment_account: 0, comment: Выдача дс., office: S8, manager_name: Гирчева Ольга 👩‍💼 S8
[2025-06-16 16:38:11] Операция: Обновление баланса клиента в таблице users
clientId: 1057, dolg: 47
[2025-06-17 09:16:25] Операция: Внесение данных в таблицу kassa
clientId: 48, nal: -200, kassa: 0, ekv: 0, transfer: 0, payment_account: 0, comment: Стаканчики, office: S8, manager_name: Гирчева Ольга 👩‍💼 S8
[2025-06-17 09:16:25] Операция: Обновление баланса клиента в таблице users
clientId: 48, dolg: -100914
[2025-06-17 09:17:15] Операция: Внесение данных в таблицу kassa
clientId: 68, nal: -140000, kassa: 0, ekv: 0, transfer: 0, payment_account: 0, comment: К12-Р5, office: K12, manager_name: Гришина Надежда 👩‍💼 K12
[2025-06-17 09:17:15] Операция: Обновление баланса клиента в таблице users
clientId: 68, dolg: -140000
[2025-06-17 09:32:57] Операция: Внесение данных в таблицу kassa
clientId: 46, nal: -1200, kassa: 0, ekv: 0, transfer: 0, payment_account: 0, comment: Кибиткин Денис, office: P7, manager_name: Алпатова Оксана 👩‍💼 P7
[2025-06-17 09:32:57] Операция: Обновление баланса клиента в таблице users
clientId: 46, dolg: -3312950
[2025-06-17 11:37:52] Операция: Внесение данных в таблицу kassa
clientId: 355, nal: 0, kassa: 0, ekv: -12100, transfer: 0, payment_account: 0, comment: Возврат 218333940, office: P5, manager_name: Фролова Ирина 👩‍💼 P5
[2025-06-17 11:37:52] Операция: Обновление баланса клиента в таблице users
clientId: 355, dolg: -12100
[2025-06-17 12:06:32] Операция: Внесение данных в таблицу kassa
clientId: 46, nal: -10000, kassa: 0, ekv: 0, transfer: 0, payment_account: 0, comment: Емелин Антон, office: P7, manager_name: Алпатова Оксана 👩‍💼 P7
[2025-06-17 12:06:32] Операция: Обновление баланса клиента в таблице users
clientId: 46, dolg: -3322950
[2025-06-17 16:03:36] Операция: Внесение данных в таблицу kassa
clientId: 1707, nal: -2400, kassa: 0, ekv: 0, transfer: 0, payment_account: 0, comment: Возврат 213056477, office: P5, manager_name: Фролова Ирина 👩‍💼 P5
[2025-06-17 16:03:36] Операция: Обновление баланса клиента в таблице users
clientId: 1707, dolg: 1680
[2025-06-17 17:54:40] Операция: Внесение данных в таблицу kassa
clientId: 1372, nal: 0, kassa: 0, ekv: -1020, transfer: 0, payment_account: 0, comment: 217218935, Возврат 1 позиции, office: P2, manager_name: Анискина Ольга 👩‍💼 P2
[2025-06-17 17:54:40] Операция: Обновление баланса клиента в таблице users
clientId: 1372, dolg: 0
[2025-06-17 18:01:03] Операция: Внесение данных в таблицу kassa
clientId: 48, nal: -1500, kassa: 0, ekv: 0, transfer: 0, payment_account: 0, comment: Силикатная хоз нужды ( уборка дворником территории), office: P1, manager_name: Максимкина Татьяна 👩‍💼 P1
[2025-06-17 18:01:03] Операция: Обновление баланса клиента в таблице users
clientId: 48, dolg: -102414
[2025-06-18 10:44:26] Операция: Внесение данных в таблицу kassa
clientId: 46, nal: -1200, kassa: 0, ekv: 0, transfer: 0, payment_account: 0, comment: Кибиткин Денис, office: P7, manager_name: Алпатова Оксана 👩‍💼 P7
[2025-06-18 10:44:26] Операция: Обновление баланса клиента в таблице users
clientId: 46, dolg: -3324150
[2025-06-18 10:44:46] Операция: Внесение данных в таблицу kassa
clientId: 46, nal: -10000, kassa: 0, ekv: 0, transfer: 0, payment_account: 0, comment: Емелин Антон, office: P7, manager_name: Алпатова Оксана 👩‍💼 P7
[2025-06-18 10:44:46] Операция: Обновление баланса клиента в таблице users
clientId: 46, dolg: -3334150
[2025-06-18 10:53:30] Операция: Внесение данных в таблицу kassa
clientId: 83, nal: -218, kassa: 0, ekv: 0, transfer: 0, payment_account: 0, comment: Чек №1144 от 11.06.2025, office: P5, manager_name: Фролова Ирина 👩‍💼 P5
[2025-06-18 10:53:30] Операция: Обновление баланса клиента в таблице users
clientId: 83, dolg: -11883
[2025-06-18 11:41:30] Операция: Внесение данных в таблицу kassa
clientId: 68, nal: -350000, kassa: 0, ekv: 0, transfer: 0, payment_account: 0, comment: Z6-P7, office: Z6, manager_name: Соловков Александр 👨‍💼 Z6
[2025-06-18 11:41:30] Операция: Обновление баланса клиента в таблице users
clientId: 68, dolg: -350000
[2025-06-18 12:38:27] Операция: Внесение данных в таблицу kassa
clientId: 48, nal: -5000, kassa: 0, ekv: 0, transfer: 0, payment_account: 0, comment: Замена комплектующих : материнская плата, процессор, блок питания, видеокарта, office: S4, manager_name: Занчев Олег 👨‍💼 S4
[2025-06-18 12:38:27] Операция: Обновление баланса клиента в таблице users
clientId: 48, dolg: -107414
[2025-06-18 14:21:24] Операция: Внесение данных в таблицу kassa
clientId: 83, nal: -1082, kassa: 0, ekv: 0, transfer: 0, payment_account: 0, comment: Чек №1176 от 17.06.25, office: P5, manager_name: Фролова Ирина 👩‍💼 P5
[2025-06-18 14:21:24] Операция: Обновление баланса клиента в таблице users
clientId: 83, dolg: -12965
[2025-06-18 15:43:11] Операция: Внесение данных в таблицу kassa
clientId: 601, nal: 0, kassa: 0, ekv: -1635, transfer: 0, payment_account: 0, comment: 217014813, office: P5, manager_name: Фролова Ирина 👩‍💼 P5
[2025-06-18 15:43:11] Операция: Обновление баланса клиента в таблице users
clientId: 601, dolg: -1635
[2025-06-19 10:04:46] Операция: Внесение данных в таблицу kassa
clientId: 46, nal: -1200, kassa: 0, ekv: 0, transfer: 0, payment_account: 0, comment: Кибиткин Денис, office: P7, manager_name: Алпатова Оксана 👩‍💼 P7
[2025-06-19 10:04:46] Операция: Обновление баланса клиента в таблице users
clientId: 46, dolg: -3335350
[2025-06-19 10:05:14] Операция: Внесение данных в таблицу kassa
clientId: 46, nal: -10000, kassa: 0, ekv: 0, transfer: 0, payment_account: 0, comment: Емелин Антон, office: P7, manager_name: Алпатова Оксана 👩‍💼 P7
[2025-06-19 10:05:14] Операция: Обновление баланса клиента в таблице users
clientId: 46, dolg: -3345350
[2025-06-19 12:11:42] Операция: Внесение данных в таблицу kassa
clientId: 953, nal: -503100, kassa: 0, ekv: 0, transfer: 0, payment_account: 0, comment: Наш друг (С) 👨, office: P7, manager_name: Алпатова Оксана 👩‍💼 P7
[2025-06-19 12:11:42] Операция: Обновление баланса клиента в таблице users
clientId: 953, dolg: -76178150
[2025-06-19 12:51:32] Операция: Внесение данных в таблицу kassa
clientId: 68, nal: -115000, kassa: 0, ekv: 0, transfer: 0, payment_account: 0, comment: P2-P7, office: P2, manager_name: Анискина Ольга 👩‍💼 P2
[2025-06-19 12:51:32] Операция: Обновление баланса клиента в таблице users
clientId: 68, dolg: -115000
[2025-06-19 14:46:09] Операция: Внесение данных в таблицу kassa
clientId: 68, nal: -850000, kassa: 0, ekv: 0, transfer: 0, payment_account: 0, comment: P7-P5, office: P7, manager_name: Алпатова Оксана 👩‍💼 P7
[2025-06-19 14:46:09] Операция: Обновление баланса клиента в таблице users
clientId: 68, dolg: -850000
[2025-06-19 15:03:20] Операция: Внесение данных в таблицу kassa
clientId: 48, nal: -650, kassa: 0, ekv: 0, transfer: 0, payment_account: 0, comment: бан.резинка,туал.бумага,чист.ср-ва, office: K12, manager_name: Гришина Надежда 👩‍💼 K12
[2025-06-19 15:03:20] Операция: Обновление баланса клиента в таблице users
clientId: 48, dolg: -108064
[2025-06-19 15:05:04] Операция: Внесение данных в таблицу kassa
clientId: 1683, nal: -4190, kassa: 0, ekv: 0, transfer: 0, payment_account: 0, comment: 214458246, детали 640RS101040N0 и 815328400, office: P1, manager_name: Бунчина Ирина 👩‍💼 P1
[2025-06-19 15:05:04] Операция: Обновление баланса клиента в таблице users
clientId: 1683, dolg: 38100
[2025-06-19 15:52:44] Операция: Внесение данных в таблицу kassa
clientId: 953, nal: -1760000, kassa: 0, ekv: 0, transfer: 0, payment_account: 0, comment: Наш друг (К), office: P5, manager_name: Фролова Ирина 👩‍💼 P5
[2025-06-19 15:52:44] Операция: Обновление баланса клиента в таблице users
clientId: 953, dolg: -77938150
[2025-06-20 09:18:14] Операция: Внесение данных в таблицу kassa
clientId: 46, nal: -12600, kassa: 0, ekv: 0, transfer: 0, payment_account: 0, comment: Доставка Саранск, office: P5, manager_name: Фролова Ирина 👩‍💼 P5
[2025-06-20 09:18:14] Операция: Обновление баланса клиента в таблице users
clientId: 46, dolg: -3357950
[2025-06-20 10:06:06] Операция: Внесение данных в таблицу kassa
clientId: 68, nal: -250000, kassa: 0, ekv: 0, transfer: 0, payment_account: 0, comment: Z6-P7, office: Z6, manager_name: Соловков Александр 👨‍💼 Z6
[2025-06-20 10:06:06] Операция: Обновление баланса клиента в таблице users
clientId: 68, dolg: -250000
[2025-06-20 10:18:47] Операция: Внесение данных в таблицу kassa
clientId: 761, nal: -940, kassa: 0, ekv: 0, transfer: 0, payment_account: 0, comment: Поставщик OS, office: S8, manager_name: Гирчева Ольга 👩‍💼 S8
[2025-06-20 10:18:47] Операция: Обновление баланса клиента в таблице users
clientId: 761, dolg: -127310
[2025-06-20 10:19:02] Операция: Внесение данных в таблицу kassa
clientId: 761, nal: -940, kassa: 0, ekv: 0, transfer: 0, payment_account: 0, comment: Поставщик OS, office: S8, manager_name: Гирчева Ольга 👩‍💼 S8
[2025-06-20 10:19:02] Операция: Обновление баланса клиента в таблице users
clientId: 761, dolg: -128250
[2025-06-20 11:40:59] Операция: Внесение данных в таблицу kassa
clientId: 590, nal: -12000, kassa: 0, ekv: 0, transfer: 0, payment_account: 0, comment: Бессоновка, office: P11, manager_name: Голубева Мария 👩‍💼 P11
[2025-06-20 11:40:59] Операция: Обновление баланса клиента в таблице users
clientId: 590, dolg: -234000
[2025-06-20 13:25:34] Операция: Внесение данных в таблицу kassa
clientId: 68, nal: -609000, kassa: 0, ekv: 0, transfer: 0, payment_account: 0, comment: S8->P5, office: S8, manager_name: Гирчева Ольга 👩‍💼 S8
[2025-06-20 13:25:34] Операция: Обновление баланса клиента в таблице users
clientId: 68, dolg: -859000
[2025-06-20 13:25:55] Операция: Внесение данных в таблицу kassa
clientId: 68, nal: 0, kassa: -7000, ekv: 0, transfer: 0, payment_account: 0, comment: S8->P5, office: S8, manager_name: Гирчева Ольга 👩‍💼 S8
[2025-06-20 13:25:55] Операция: Обновление баланса клиента в таблице users
clientId: 68, dolg: -866000
[2025-06-20 13:38:34] Операция: Внесение данных в таблицу kassa
clientId: 46, nal: -1200, kassa: 0, ekv: 0, transfer: 0, payment_account: 0, comment: Кибиткин Денис, office: P7, manager_name: Алпатова Оксана 👩‍💼 P7
[2025-06-20 13:38:34] Операция: Обновление баланса клиента в таблице users
clientId: 46, dolg: -3359150
[2025-06-20 13:38:57] Операция: Внесение данных в таблицу kassa
clientId: 46, nal: -10000, kassa: 0, ekv: 0, transfer: 0, payment_account: 0, comment: Емелин Антон, office: P7, manager_name: Алпатова Оксана 👩‍💼 P7
[2025-06-20 13:38:57] Операция: Обновление баланса клиента в таблице users
clientId: 46, dolg: -3369150
[2025-06-20 13:57:59] Операция: Внесение данных в таблицу kassa
clientId: 2320, nal: -4000, kassa: 0, ekv: 0, transfer: 0, payment_account: 0, comment: 218092199, office: P1, manager_name: Максимкина Татьяна 👩‍💼 P1
[2025-06-20 13:57:59] Операция: Обновление баланса клиента в таблице users
clientId: 2320, dolg: 22260
[2025-06-20 14:00:19] Операция: Внесение данных в таблицу kassa
clientId: 68, nal: -480000, kassa: 0, ekv: 0, transfer: 0, payment_account: 0, comment: S4-P5, office: S4, manager_name: Занчев Олег 👨‍💼 S4
[2025-06-20 14:00:19] Операция: Обновление баланса клиента в таблице users
clientId: 68, dolg: -1346000
[2025-06-20 14:31:48] Операция: Внесение данных в таблицу kassa
clientId: 1276, nal: -1800, kassa: 0, ekv: 0, transfer: 0, payment_account: 0, comment: Возврат 217147053, office: S8, manager_name: Гирчева Ольга 👩‍💼 S8
[2025-06-20 14:31:48] Операция: Обновление баланса клиента в таблице users
clientId: 1276, dolg: -1800
[2025-06-20 14:32:50] Операция: Внесение данных в таблицу kassa
clientId: 635, nal: 0, kassa: 0, ekv: -5364, transfer: 0, payment_account: 0, comment: Возврат 3156654 , office: P5, manager_name: Фролова Ирина 👩‍💼 P5
[2025-06-20 14:32:50] Операция: Обновление баланса клиента в таблице users
clientId: 635, dolg: 1027234
[2025-06-20 14:48:24] Операция: Внесение данных в таблицу kassa
clientId: 591, nal: -165, kassa: 0, ekv: 0, transfer: 0, payment_account: 0, comment: за май 2025 г., office: P5, manager_name: Фролова Ирина 👩‍💼 P5
[2025-06-20 14:48:24] Операция: Обновление баланса клиента в таблице users
clientId: 591, dolg: -134088
[2025-06-20 15:00:37] Операция: Внесение данных в таблицу kassa
clientId: 46, nal: -18000, kassa: 0, ekv: 0, transfer: 0, payment_account: 0, comment: Юркалов Дмитрий Р5, office: P5, manager_name: Фролова Ирина 👩‍💼 P5
[2025-06-20 15:00:37] Операция: Обновление баланса клиента в таблице users
clientId: 46, dolg: -3387150
[2025-06-20 16:56:48] Операция: Внесение данных в таблицу kassa
clientId: 635, nal: 0, kassa: 0, ekv: -5364, transfer: 0, payment_account: 0, comment: Возврат 3156654, office: P5, manager_name: Фролова Ирина 👩‍💼 P5
[2025-06-20 16:56:48] Операция: Обновление баланса клиента в таблице users
clientId: 635, dolg: 1027234
[2025-06-21 09:12:54] Операция: Внесение данных в таблицу kassa
clientId: 68, nal: -150000, kassa: 0, ekv: 0, transfer: 0, payment_account: 0, comment: К12-Р5, office: K12, manager_name: Гришина Надежда 👩‍💼 K12
[2025-06-21 09:12:54] Операция: Обновление баланса клиента в таблице users
clientId: 68, dolg: -1246000
[2025-06-21 11:54:53] Операция: Внесение данных в таблицу kassa
clientId: 68, nal: -100000, kassa: 0, ekv: 0, transfer: 0, payment_account: 0, comment: P1-P5, office: P1, manager_name: Максимкина Татьяна 👩‍💼 P1
[2025-06-21 11:54:53] Операция: Обновление баланса клиента в таблице users
clientId: 68, dolg: -92000
[2025-06-21 12:12:06] Операция: Внесение данных в таблицу kassa
clientId: 48, nal: -200, kassa: 0, ekv: 0, transfer: 0, payment_account: 0, comment: Т/бумага, office: P1, manager_name: Максимкина Татьяна 👩‍💼 P1
[2025-06-21 12:12:06] Операция: Обновление баланса клиента в таблице users
clientId: 48, dolg: -108264
[2025-06-21 12:14:42] Операция: Внесение данных в таблицу kassa
clientId: 68, nal: -138000, kassa: 0, ekv: 0, transfer: 0, payment_account: 0, comment: P11->P5, office: P11, manager_name: Голубева Мария 👩‍💼 P11
[2025-06-21 12:14:42] Операция: Обновление баланса клиента в таблице users
clientId: 68, dolg: -388000
[2025-06-21 12:52:46] Операция: Внесение данных в таблицу kassa
clientId: 953, nal: -190000, kassa: 0, ekv: 0, transfer: 0, payment_account: 0, comment: Сотки, office: P5, manager_name: Фролова Ирина 👩‍💼 P5
[2025-06-21 12:52:46] Операция: Обновление баланса клиента в таблице users
clientId: 953, dolg: -78128150
[2025-06-21 13:17:05] Операция: Внесение данных в таблицу kassa
clientId: 953, nal: -176000, kassa: 0, ekv: 0, transfer: 0, payment_account: 0, comment: Наш друг (К) 👩, office: P5, manager_name: Фролова Ирина 👩‍💼 P5
[2025-06-21 13:17:05] Операция: Обновление баланса клиента в таблице users
clientId: 953, dolg: -78304150
[2025-06-21 15:07:00] Операция: Внесение данных в таблицу kassa
clientId: 46, nal: -12000, kassa: 0, ekv: 0, transfer: 0, payment_account: 0, comment: Соловков Александр, office: Z6, manager_name: Соловков Александр 👨‍💼 Z6
[2025-06-21 15:07:00] Операция: Обновление баланса клиента в таблице users
clientId: 46, dolg: -3415050
[2025-06-23 09:10:45] Операция: Внесение данных в таблицу kassa
clientId: 46, nal: -1200, kassa: 0, ekv: 0, transfer: 0, payment_account: 0, comment: Кибиткин Денис, office: P7, manager_name: Алпатова Оксана 👩‍💼 P7
[2025-06-23 09:10:45] Операция: Обновление баланса клиента в таблице users
clientId: 46, dolg: -3416250
[2025-06-23 09:26:44] Операция: Внесение данных в таблицу kassa
clientId: 1458, nal: 0, kassa: 0, ekv: -500, transfer: 0, payment_account: 0, comment: Возврат 216594489, office: S8, manager_name: Гирчева Ольга 👩‍💼 S8
[2025-06-23 09:26:44] Операция: Обновление баланса клиента в таблице users
clientId: 1458, dolg: -500
[2025-06-23 10:09:41] Операция: Внесение данных в таблицу kassa
clientId: 46, nal: -10000, kassa: 0, ekv: 0, transfer: 0, payment_account: 0, comment: Емелин Антон, office: P7, manager_name: Алпатова Оксана 👩‍💼 P7
[2025-06-23 10:09:41] Операция: Обновление баланса клиента в таблице users
clientId: 46, dolg: -3426250
[2025-06-23 10:19:45] Операция: Внесение данных в таблицу kassa
clientId: 68, nal: -100000, kassa: 0, ekv: 0, transfer: 0, payment_account: 0, comment: Z6-P7, office: Z6, manager_name: Соловков Александр 👨‍💼 Z6
[2025-06-23 10:19:45] Операция: Обновление баланса клиента в таблице users
clientId: 68, dolg: -100000
[2025-06-23 11:22:53] Операция: Внесение данных в таблицу kassa
clientId: 1488, nal: -3500, kassa: 0, ekv: 0, transfer: 0, payment_account: 0, comment: 218593419, office: P1, manager_name: Бунчина Ирина 👩‍💼 P1
[2025-06-23 11:22:53] Операция: Обновление баланса клиента в таблице users
clientId: 1488, dolg: 0
[2025-06-23 11:50:44] Операция: Внесение данных в таблицу kassa
clientId: 46, nal: -150, kassa: 0, ekv: 0, transfer: 0, payment_account: 0, comment: Абушахманов, office: K12, manager_name: Гришина Надежда 👩‍💼 K12
[2025-06-23 11:50:44] Операция: Обновление баланса клиента в таблице users
clientId: 46, dolg: -3426400
[2025-06-23 12:43:37] Операция: Внесение данных в таблицу kassa
clientId: 761, nal: -1880, kassa: 0, ekv: 0, transfer: 0, payment_account: 0, comment: Поставщик OS, office: S8, manager_name: Гирчева Ольга 👩‍💼 S8
[2025-06-23 12:43:37] Операция: Обновление баланса клиента в таблице users
clientId: 761, dolg: -132010
[2025-06-23 12:43:58] Операция: Внесение данных в таблицу kassa
clientId: 761, nal: -1880, kassa: 0, ekv: 0, transfer: 0, payment_account: 0, comment: Поставщик OS, office: S8, manager_name: Гирчева Ольга 👩‍💼 S8
[2025-06-23 12:43:58] Операция: Обновление баланса клиента в таблице users
clientId: 761, dolg: -133890
[2025-06-23 13:12:01] Операция: Внесение данных в таблицу kassa
clientId: 46, nal: -20000, kassa: 0, ekv: 0, transfer: 0, payment_account: 0, comment: Ежов Дмитрий, office: P7, manager_name: Алпатова Оксана 👩‍💼 P7
[2025-06-23 13:12:01] Операция: Обновление баланса клиента в таблице users
clientId: 46, dolg: -3446400
[2025-06-23 13:22:37] Операция: Внесение данных в таблицу kassa
clientId: 48, nal: -80, kassa: 0, ekv: 0, transfer: 0, payment_account: 0, comment: Кабель для устройств, office: P7, manager_name: Алпатова Оксана 👩‍💼 P7
[2025-06-23 13:22:37] Операция: Обновление баланса клиента в таблице users
clientId: 48, dolg: -108344
[2025-06-23 13:49:07] Операция: Внесение данных в таблицу kassa
clientId: 46, nal: -300, kassa: 0, ekv: 0, transfer: 0, payment_account: 0, comment: Инкассация, office: S4, manager_name: Сонина Наталья 👩‍💼 S4
[2025-06-23 13:49:07] Операция: Обновление баланса клиента в таблице users
clientId: 46, dolg: -3446700
[2025-06-23 13:58:33] Операция: Внесение данных в таблицу kassa
clientId: 46, nal: -17500, kassa: 0, ekv: 0, transfer: 0, payment_account: 0, comment: Дасаев Ринат, office: P7, manager_name: Алпатова Оксана 👩‍💼 P7
[2025-06-23 13:58:33] Операция: Обновление баланса клиента в таблице users
clientId: 46, dolg: -3464200
[2025-06-23 15:37:11] Операция: Внесение данных в таблицу kassa
clientId: 761, nal: -1880, kassa: 0, ekv: 0, transfer: 0, payment_account: 0, comment: Поставщик OS, office: S8, manager_name: Гирчева Ольга 👩‍💼 S8
[2025-06-23 15:37:11] Операция: Обновление баланса клиента в таблице users
clientId: 761, dolg: -135770
[2025-06-23 18:08:57] Операция: Внесение данных в таблицу kassa
clientId: 1059, nal: 0, kassa: 0, ekv: -1100, transfer: 0, payment_account: 0, comment: Возврат 218936871, office: P5, manager_name: Фролова Ирина 👩‍💼 P5
[2025-06-23 18:08:57] Операция: Обновление баланса клиента в таблице users
clientId: 1059, dolg: 6100
[2025-06-24 09:46:36] Операция: Внесение данных в таблицу kassa
clientId: 46, nal: -1200, kassa: 0, ekv: 0, transfer: 0, payment_account: 0, comment: Кибиткин Денис, office: P7, manager_name: Алпатова Оксана 👩‍💼 P7
[2025-06-24 09:46:36] Операция: Обновление баланса клиента в таблице users
clientId: 46, dolg: -3465400
[2025-06-24 11:07:06] Операция: Внесение данных в таблицу kassa
clientId: 942, nal: -2560, kassa: 0, ekv: 0, transfer: 0, payment_account: 0, comment: 217166363, office: P1, manager_name: Максимкина Татьяна 👩‍💼 P1
[2025-06-24 11:07:06] Операция: Обновление баланса клиента в таблице users
clientId: 942, dolg: 640
[2025-06-24 11:13:39] Операция: Внесение данных в таблицу kassa
clientId: 46, nal: -10000, kassa: 0, ekv: 0, transfer: 0, payment_account: 0, comment: Емелин Антон, office: P7, manager_name: Алпатова Оксана 👩‍💼 P7
[2025-06-24 11:13:39] Операция: Обновление баланса клиента в таблице users
clientId: 46, dolg: -3475400
[2025-06-24 11:14:06] Операция: Внесение данных в таблицу kassa
clientId: 48, nal: -220, kassa: 0, ekv: 0, transfer: 0, payment_account: 0, comment: Средство для мытья полов, office: P7, manager_name: Алпатова Оксана 👩‍💼 P7
[2025-06-24 11:14:06] Операция: Обновление баланса клиента в таблице users
clientId: 48, dolg: -108564
[2025-06-24 11:29:27] Операция: Внесение данных в таблицу kassa
clientId: 48, nal: -250, kassa: 0, ekv: 0, transfer: 0, payment_account: 0, comment: Доставка воды, office: S8, manager_name: Гирчева Ольга 👩‍💼 S8
[2025-06-24 11:29:27] Операция: Обновление баланса клиента в таблице users
clientId: 48, dolg: -108814
[2025-06-24 11:43:04] Операция: Внесение данных в таблицу kassa
clientId: 728, nal: -8350, kassa: 0, ekv: 0, transfer: 0, payment_account: 0, comment: 217565548, office: P5, manager_name: Фролова Ирина 👩‍💼 P5
[2025-06-24 11:43:04] Операция: Обновление баланса клиента в таблице users
clientId: 728, dolg: -1400
[2025-06-24 13:46:33] Операция: Внесение данных в таблицу kassa
clientId: 337, nal: 0, kassa: 0, ekv: -1800, transfer: 0, payment_account: 0, comment: Возврат 218579196, office: P5, manager_name: Фролова Ирина 👩‍💼 P5
[2025-06-24 13:46:33] Операция: Обновление баланса клиента в таблице users
clientId: 337, dolg: -1800
[2025-06-24 14:14:14] Операция: Внесение данных в таблицу kassa
clientId: 591, nal: -5950, kassa: 0, ekv: 0, transfer: 0, payment_account: 0, comment: Резепов Рамиль 05/2025, office: P1, manager_name: Максимкина Татьяна 👩‍💼 P1
[2025-06-24 14:14:14] Операция: Обновление баланса клиента в таблице users
clientId: 591, dolg: -140038
[2025-06-24 15:18:05] Операция: Внесение данных в таблицу kassa
clientId: 23, nal: -8000, kassa: 0, ekv: 0, transfer: 0, payment_account: 0, comment: , office: P7, manager_name: Алпатова Оксана 👩‍💼 P7
[2025-06-24 15:18:05] Операция: Обновление баланса клиента в таблице users
clientId: 23, dolg: 26
[2025-06-25 09:54:25] Операция: Внесение данных в таблицу kassa
clientId: 46, nal: -1200, kassa: 0, ekv: 0, transfer: 0, payment_account: 0, comment: Кибиткин Денис, office: P7, manager_name: Алпатова Оксана 👩‍💼 P7
[2025-06-25 09:54:25] Операция: Обновление баланса клиента в таблице users
clientId: 46, dolg: -3476600
[2025-06-25 10:00:45] Операция: Внесение данных в таблицу kassa
clientId: 2311, nal: -1619, kassa: 0, ekv: 0, transfer: 0, payment_account: 0, comment: 217940096, возврат одной позиции, office: P2, manager_name: Анискина Ольга 👩‍💼 P2
[2025-06-25 10:00:45] Операция: Обновление баланса клиента в таблице users
clientId: 2311, dolg: 0
[2025-06-25 10:13:39] Операция: Внесение данных в таблицу kassa
clientId: 68, nal: -300000, kassa: 0, ekv: 0, transfer: 0, payment_account: 0, comment: Z6-P7, office: Z6, manager_name: Соловков Александр 👨‍💼 Z6
[2025-06-25 10:13:39] Операция: Обновление баланса клиента в таблице users
clientId: 68, dolg: -300000
[2025-06-25 10:47:30] Операция: Внесение данных в таблицу kassa
clientId: 46, nal: -10000, kassa: 0, ekv: 0, transfer: 0, payment_account: 0, comment: Емелин Антон, office: P7, manager_name: Алпатова Оксана 👩‍💼 P7
[2025-06-25 10:47:30] Операция: Обновление баланса клиента в таблице users
clientId: 46, dolg: -3486600
[2025-06-25 16:14:49] Операция: Внесение данных в таблицу kassa
clientId: 387, nal: -6000, kassa: 0, ekv: 0, transfer: 0, payment_account: 0, comment: , office: Z6, manager_name: Соловков Александр 👨‍💼 Z6
[2025-06-25 16:14:49] Операция: Обновление баланса клиента в таблице users
clientId: 387, dolg: -12405
[2025-06-26 13:16:42] Операция: Внесение данных в таблицу kassa
clientId: 48, nal: -230, kassa: 0, ekv: 0, transfer: 0, payment_account: 0, comment: Доставка воды, office: S4, manager_name: Сонина Наталья 👩‍💼 S4
[2025-06-26 13:16:42] Операция: Обновление баланса клиента в таблице users
clientId: 48, dolg: -109044
[2025-06-26 14:37:10] Операция: Внесение данных в таблицу kassa
clientId: 48, nal: -120, kassa: 0, ekv: 0, transfer: 0, payment_account: 0, comment: Влаж салфетки в офис, office: P2, manager_name: Анискина Ольга 👩‍💼 P2
[2025-06-26 14:37:10] Операция: Обновление баланса клиента в таблице users
clientId: 48, dolg: -109164
[2025-06-26 14:56:40] Операция: Внесение данных в таблицу kassa
clientId: 46, nal: -31600, kassa: 0, ekv: 0, transfer: 0, payment_account: 0, comment: Возвраты за июнь 2025, office: P5, manager_name: Фролова Ирина 👩‍💼 P5
[2025-06-26 14:56:40] Операция: Обновление баланса клиента в таблице users
clientId: 46, dolg: -3518200
[2025-06-26 16:32:50] Операция: Внесение данных в таблицу kassa
clientId: 953, nal: -1760000, kassa: 0, ekv: 0, transfer: 0, payment_account: 0, comment: Наш друг (К) 👩, office: P5, manager_name: Фролова Ирина 👩‍💼 P5
[2025-06-26 16:32:50] Операция: Обновление баланса клиента в таблице users
clientId: 953, dolg: -81648250
[2025-06-26 16:52:09] Операция: Внесение данных в таблицу kassa
clientId: 46, nal: -1200, kassa: 0, ekv: 0, transfer: 0, payment_account: 0, comment: Кибиткин Денис, office: P7, manager_name: Алпатова Оксана 👩‍💼 P7
[2025-06-26 16:52:09] Операция: Обновление баланса клиента в таблице users
clientId: 46, dolg: -3519400
[2025-06-26 16:52:32] Операция: Внесение данных в таблицу kassa
clientId: 46, nal: -10000, kassa: 0, ekv: 0, transfer: 0, payment_account: 0, comment: Емелин Антон, office: P7, manager_name: Алпатова Оксана 👩‍💼 P7
[2025-06-26 16:52:32] Операция: Обновление баланса клиента в таблице users
clientId: 46, dolg: -3529400
[2025-06-27 10:05:21] Операция: Внесение данных в таблицу kassa
clientId: 68, nal: -500000, kassa: 0, ekv: 0, transfer: 0, payment_account: 0, comment: Z6-P7, office: Z6, manager_name: Соловков Александр 👨‍💼 Z6
[2025-06-27 10:05:21] Операция: Обновление баланса клиента в таблице users
clientId: 68, dolg: -500000
[2025-06-27 10:09:26] Операция: Внесение данных в таблицу kassa
clientId: 46, nal: -1200, kassa: 0, ekv: 0, transfer: 0, payment_account: 0, comment: Кибиткин Денис, office: P7, manager_name: Алпатова Оксана 👩‍💼 P7
[2025-06-27 10:09:26] Операция: Обновление баланса клиента в таблице users
clientId: 46, dolg: -3530600
[2025-06-27 10:55:37] Операция: Внесение данных в таблицу kassa
clientId: 68, nal: -889000, kassa: 0, ekv: 0, transfer: 0, payment_account: 0, comment: S4-P5, office: S4, manager_name: Сонина Наталья 👩‍💼 S4
[2025-06-27 10:55:37] Операция: Обновление баланса клиента в таблице users
clientId: 68, dolg: -1389000
[2025-06-27 10:56:11] Операция: Внесение данных в таблицу kassa
clientId: 46, nal: -300, kassa: 0, ekv: 0, transfer: 0, payment_account: 0, comment: Инкассация, office: S4, manager_name: Сонина Наталья 👩‍💼 S4
[2025-06-27 10:56:11] Операция: Обновление баланса клиента в таблице users
clientId: 46, dolg: -3530900
[2025-06-27 12:35:07] Операция: Внесение данных в таблицу kassa
clientId: 68, nal: -545000, kassa: 0, ekv: 0, transfer: 0, payment_account: 0, comment: S8->P5, office: S8, manager_name: Гирчева Ольга 👩‍💼 S8
[2025-06-27 12:35:07] Операция: Обновление баланса клиента в таблице users
clientId: 68, dolg: -1934000
[2025-06-27 13:29:29] Операция: Внесение данных в таблицу kassa
clientId: 46, nal: -10000, kassa: 0, ekv: 0, transfer: 0, payment_account: 0, comment: Емелин Антон, office: P7, manager_name: Алпатова Оксана 👩‍💼 P7
[2025-06-27 13:29:29] Операция: Обновление баланса клиента в таблице users
clientId: 46, dolg: -3540900
[2025-06-27 15:33:45] Операция: Внесение данных в таблицу kassa
clientId: 46, nal: -18000, kassa: 0, ekv: 0, transfer: 0, payment_account: 0, comment: , office: P5, manager_name: Фролова Ирина 👩‍💼 P5
[2025-06-27 15:33:45] Операция: Обновление баланса клиента в таблице users
clientId: 46, dolg: -3558900
[2025-06-28 09:28:53] Операция: Внесение данных в таблицу kassa
clientId: 48, nal: -220, kassa: 0, ekv: 0, transfer: 0, payment_account: 0, comment: Туалетная бумага, office: P7, manager_name: Алпатова Оксана 👩‍💼 P7
[2025-06-28 09:28:53] Операция: Обновление баланса клиента в таблице users
clientId: 48, dolg: -109384
[2025-06-28 10:00:08] Операция: Внесение данных в таблицу kassa
clientId: 46, nal: -10000, kassa: 0, ekv: 0, transfer: 0, payment_account: 0, comment: Доставка Саранск+Исса , office: P5, manager_name: Фролова Ирина 👩‍💼 P5
[2025-06-28 10:00:08] Операция: Обновление баланса клиента в таблице users
clientId: 46, dolg: -3568900
[2025-06-28 12:22:34] Операция: Внесение данных в таблицу kassa
clientId: 953, nal: -1760000, kassa: 0, ekv: 0, transfer: 0, payment_account: 0, comment: Наш друг (К), office: P5, manager_name: Фролова Ирина 👩‍💼 P5
[2025-06-28 12:22:34] Операция: Обновление баланса клиента в таблице users
clientId: 953, dolg: -83408250
[2025-06-28 12:32:06] Операция: Внесение данных в таблицу kassa
clientId: 953, nal: -100000, kassa: 0, ekv: 0, transfer: 0, payment_account: 0, comment: Мирен (сотки), office: P5, manager_name: Фролова Ирина 👩‍💼 P5
[2025-06-28 12:32:06] Операция: Обновление баланса клиента в таблице users
clientId: 953, dolg: -83508250
[2025-06-28 14:08:09] Операция: Внесение данных в таблицу kassa
clientId: 46, nal: -12000, kassa: 0, ekv: 0, transfer: 0, payment_account: 0, comment: Соловков Александр, office: Z6, manager_name: Соловков Александр 👨‍💼 Z6
[2025-06-28 14:08:09] Операция: Обновление баланса клиента в таблице users
clientId: 46, dolg: -3596800
[2025-06-29 16:57:38] Операция: Внесение данных в таблицу kassa
id клиента: 122, Нал: -1000, Касса: 0, Эквайринг: 0, Перевод: 0, Расчетный_счет: 0, comment: , office: P1, Менеджер: Нейфельд Евгений (Админ)
[2025-06-29 16:57:38] Операция: Обновление баланса клиента в таблице users
id Клиента: 122, Баланс_новый: 0, Баланс_старый: 1000
[2025-06-29 17:09:51] Операция: Внесение данных в таблицу Касса
id клиента: 2147483647, Нал: -400, Касса: 0, Эквайринг: 0, Перевод: 0, Расчетный_счет: 0, comment: , office: P1, Менеджер: Нейфельд Евгений P1
[2025-06-29 17:09:51] Операция: Обновление баланса клиента в таблице Клиенты
id Клиента: 2147483647, Баланс_новый: 600
[2025-06-30 09:19:14] Операция: Внесение данных в таблицу Касса
id клиента: 1, Нал: -1200, Касса: 0, Эквайринг: 0, Перевод: 0, Расчетный_счет: 0, comment: Кибиткин Денис, office: P7, Менеджер: Алпатова Оксана 👩‍💼 P7
[2025-06-30 09:19:14] Операция: Обновление баланса клиента в таблице Клиенты
id Клиента: 1, Баланс_новый: -3598000
[2025-06-30 09:19:39] Операция: Внесение данных в таблицу Касса
id клиента: 1, Нал: -20000, Касса: 0, Эквайринг: 0, Перевод: 0, Расчетный_счет: 0, comment: Ежов Дмитрий, office: P7, Менеджер: Алпатова Оксана 👩‍💼 P7
[2025-06-30 09:19:39] Операция: Обновление баланса клиента в таблице Клиенты
id Клиента: 1, Баланс_новый: -3618000
[2025-06-30 09:28:53] Операция: Внесение данных в таблицу Касса
id клиента: 9, Нал: -1000, Касса: 0, Эквайринг: 0, Перевод: 0, Расчетный_счет: 0, comment: Уборка, office: S8, Менеджер: Гирчева Ольга 👩‍💼 S8
[2025-06-30 09:28:53] Операция: Обновление баланса клиента в таблице Клиенты
id Клиента: 9, Баланс_новый: -177920
[2025-06-30 09:56:34] Операция: Внесение данных в таблицу Касса
id клиента: 4, Нал: -450000, Касса: 0, Эквайринг: 0, Перевод: 0, Расчетный_счет: 0, comment: Z6-P7, office: Z6, Менеджер: Соловков Александр 👨‍💼 Z6
[2025-06-30 09:56:34] Операция: Обновление баланса клиента в таблице Клиенты
id Клиента: 4, Баланс_новый: -450000
[2025-06-30 10:39:16] Операция: Внесение данных в таблицу Касса
id клиента: 156604438, Нал: -300, Касса: 0, Эквайринг: 0, Перевод: 0, Расчетный_счет: 0, comment: 218188822, office: P1, Менеджер: Максимкина Татьяна 👩‍💼 P1
[2025-06-30 10:39:16] Операция: Обновление баланса клиента в таблице Клиенты
id Клиента: 156604438, Баланс_новый: 750
[2025-06-30 10:44:12] Операция: Внесение данных в таблицу Касса
id клиента: 1, Нал: -10000, Касса: 0, Эквайринг: 0, Перевод: 0, Расчетный_счет: 0, comment: Емелин Антон, office: P7, Менеджер: Алпатова Оксана 👩‍💼 P7
[2025-06-30 10:44:12] Операция: Обновление баланса клиента в таблице Клиенты
id Клиента: 1, Баланс_новый: -3628000
[2025-06-30 11:50:57] Операция: Внесение данных в таблицу Касса
id клиента: 156062062, Нал: 0, Касса: -2400, Эквайринг: 0, Перевод: 0, Расчетный_счет: 0, comment: Возврат 216974683, office: S8, Менеджер: Гирчева Ольга 👩‍💼 S8
[2025-06-30 11:50:57] Операция: Обновление баланса клиента в таблице Клиенты
id Клиента: 156062062, Баланс_новый: 0
[2025-06-30 12:43:54] Операция: Внесение данных в таблицу Касса
id клиента: 1683676, Нал: -1880, Касса: 0, Эквайринг: 0, Перевод: 0, Расчетный_счет: 0, comment: Поставщик OS, office: S8, Менеджер: Гирчева Ольга 👩‍💼 S8
[2025-06-30 12:43:54] Операция: Обновление баланса клиента в таблице Клиенты
id Клиента: 1683676, Баланс_новый: -137650
[2025-06-30 12:44:02] Операция: Внесение данных в таблицу Касса
id клиента: 1683676, Нал: -1880, Касса: 0, Эквайринг: 0, Перевод: 0, Расчетный_счет: 0, comment: Поставщик OS, office: S8, Менеджер: Гирчева Ольга 👩‍💼 S8
[2025-06-30 12:44:02] Операция: Обновление баланса клиента в таблице Клиенты
id Клиента: 1683676, Баланс_новый: -139530
[2025-06-30 12:44:10] Операция: Внесение данных в таблицу Касса
id клиента: 1683676, Нал: -1880, Касса: 0, Эквайринг: 0, Перевод: 0, Расчетный_счет: 0, comment: Поставщик OS, office: S8, Менеджер: Гирчева Ольга 👩‍💼 S8
[2025-06-30 12:44:10] Операция: Обновление баланса клиента в таблице Клиенты
id Клиента: 1683676, Баланс_новый: -141410
[2025-06-30 12:50:04] Операция: Внесение данных в таблицу Касса
id клиента: 1, Нал: -17500, Касса: 0, Эквайринг: 0, Перевод: 0, Расчетный_счет: 0, comment: Дасаев Ринат, office: P7, Менеджер: Алпатова Оксана 👩‍💼 P7
[2025-06-30 12:50:04] Операция: Обновление баланса клиента в таблице Клиенты
id Клиента: 1, Баланс_новый: -3645500
[2025-06-30 14:53:37] Операция: Внесение данных в таблицу Касса
id клиента: 7, Нал: -900, Касса: 0, Эквайринг: 0, Перевод: 0, Расчетный_счет: 0, comment: Свет. Силикатная., office: P7, Менеджер: Алпатова Оксана 👩‍💼 P7
[2025-06-30 14:53:37] Операция: Обновление баланса клиента в таблице Клиенты
id Клиента: 7, Баланс_новый: -140938
[2025-06-30 16:25:26] Операция: Внесение данных в таблицу Касса
id клиента: 1683676, Нал: -650, Касса: 0, Эквайринг: 0, Перевод: 0, Расчетный_счет: 0, comment: Поставщик OS, office: S8, Менеджер: Гирчева Ольга 👩‍💼 S8
[2025-06-30 16:25:26] Операция: Обновление баланса клиента в таблице Клиенты
id Клиента: 1683676, Баланс_новый: -142060
[2025-07-01 09:53:01] Операция: Внесение данных в таблицу Касса
id клиента: 1, Нал: -3700, Касса: 0, Эквайринг: 0, Перевод: 0, Расчетный_счет: 0, comment: Никольск, office: P7, Менеджер: Алпатова Оксана 👩‍💼 P7
[2025-07-01 09:53:01] Операция: Обновление баланса клиента в таблице Клиенты
id Клиента: 1, Баланс_новый: -3649200
[2025-07-01 09:53:23] Операция: Внесение данных в таблицу Касса
id клиента: 1, Нал: -1200, Касса: 0, Эквайринг: 0, Перевод: 0, Расчетный_счет: 0, comment: Кибиткин Денис, office: P7, Менеджер: Алпатова Оксана 👩‍💼 P7
[2025-07-01 09:53:23] Операция: Обновление баланса клиента в таблице Клиенты
id Клиента: 1, Баланс_новый: -3650400
[2025-07-01 10:04:45] Операция: Внесение данных в таблицу Касса
id клиента: 1, Нал: -10000, Касса: 0, Эквайринг: 0, Перевод: 0, Расчетный_счет: 0, comment: Емелин Антон, office: P7, Менеджер: Алпатова Оксана 👩‍💼 P7
[2025-07-01 10:04:45] Операция: Обновление баланса клиента в таблице Клиенты
id Клиента: 1, Баланс_новый: -3660400
[2025-07-01 11:18:49] Операция: Внесение данных в таблицу Касса
id клиента: 1683676, Нал: -1880, Касса: 0, Эквайринг: 0, Перевод: 0, Расчетный_счет: 0, comment: Поставщик OS, office: S8, Менеджер: Гирчева Ольга 👩‍💼 S8
[2025-07-01 11:18:49] Операция: Обновление баланса клиента в таблице Клиенты
id Клиента: 1683676, Баланс_новый: -143940
[2025-07-01 12:22:49] Операция: Внесение данных в таблицу Касса
id клиента: 156849660, Нал: -1740, Касса: 0, Эквайринг: 0, Перевод: 0, Расчетный_счет: 0, comment: Возврат XUH20TTI, office: Z6, Менеджер: Соловков Александр 👨‍💼 Z6
[2025-07-01 12:22:49] Операция: Обновление баланса клиента в таблице Клиенты
id Клиента: 156849660, Баланс_новый: 0
[2025-07-01 14:12:48] Операция: Внесение данных в таблицу Касса
id клиента: 9, Нал: -10000, Касса: 0, Эквайринг: 0, Перевод: 0, Расчетный_счет: 0, comment: , office: P1, Менеджер: Максимкина Татьяна 👩‍💼 P1
[2025-07-01 14:12:48] Операция: Обновление баланса клиента в таблице Клиенты
id Клиента: 9, Баланс_новый: -187920
[2025-07-01 14:46:17] Операция: Внесение данных в таблицу Касса
id клиента: 156537852, Нал: -50, Касса: 0, Эквайринг: 0, Перевод: 0, Расчетный_счет: 0, comment: Савушкин Алексей (шиномонтаж), office: P5, Менеджер: Фролова Ирина 👩‍💼 P5
[2025-07-01 14:46:17] Операция: Обновление баланса клиента в таблице Клиенты
id Клиента: 156537852, Баланс_новый: -109434
[2025-07-01 16:40:50] Операция: Внесение данных в таблицу Касса
id клиента: 9, Нал: -2500, Касса: 0, Эквайринг: 0, Перевод: 0, Расчетный_счет: 0, comment: , office: K12, Менеджер: Гришина Надежда 👩‍💼 K12
[2025-07-01 16:40:50] Операция: Обновление баланса клиента в таблице Клиенты
id Клиента: 9, Баланс_новый: -190420
[2025-07-01 18:06:31] Операция: Внесение данных в таблицу Касса
id клиента: 156805412, Нал: 0, Касса: 0, Эквайринг: -1400, Перевод: 0, Расчетный_счет: 0, comment: Возврат 218618287, office: P5, Менеджер: Фролова Ирина 👩‍💼 P5
[2025-07-01 18:06:31] Операция: Обновление баланса клиента в таблице Клиенты
id Клиента: 156805412, Баланс_новый: -1400
[2025-07-01 18:11:13] Операция: Внесение данных в таблицу Касса
id клиента: 157345033, Нал: 0, Касса: 0, Эквайринг: -970, Перевод: 0, Расчетный_счет: 0, comment: 219492671, office: P1, Менеджер: Максимкина Татьяна 👩‍💼 P1
[2025-07-01 18:11:13] Операция: Обновление баланса клиента в таблице Клиенты
id Клиента: 157345033, Баланс_новый: 0
[2025-07-02 10:14:20] Операция: Внесение данных в таблицу Касса
id клиента: 156555972, Нал: -734, Касса: 0, Эквайринг: 0, Перевод: 0, Расчетный_счет: 0, comment: Возврат, 220195430, office: P2, Менеджер: Анискина Ольга 👩‍💼 P2
[2025-07-02 10:14:20] Операция: Обновление баланса клиента в таблице Клиенты
id Клиента: 156555972, Баланс_новый: 0
[2025-07-02 10:17:29] Операция: Внесение данных в таблицу Касса
id клиента: 1, Нал: -1200, Касса: 0, Эквайринг: 0, Перевод: 0, Расчетный_счет: 0, comment: Кибиткин Денис, office: P7, Менеджер: Алпатова Оксана 👩‍💼 P7
[2025-07-02 10:17:29] Операция: Обновление баланса клиента в таблице Клиенты
id Клиента: 1, Баланс_новый: -3661600
[2025-07-02 10:17:52] Операция: Внесение данных в таблицу Касса
id клиента: 1, Нал: -10000, Касса: 0, Эквайринг: 0, Перевод: 0, Расчетный_счет: 0, comment: Емелин Антон, office: P7, Менеджер: Алпатова Оксана 👩‍💼 P7
[2025-07-02 10:17:52] Операция: Обновление баланса клиента в таблице Клиенты
id Клиента: 1, Баланс_новый: -3671600
[2025-07-02 15:14:45] Операция: Внесение данных в таблицу Касса
id клиента: 1683676, Нал: -1880, Касса: 0, Эквайринг: 0, Перевод: 0, Расчетный_счет: 0, comment: Поставщик OS, office: S8, Менеджер: Гирчева Ольга 👩‍💼 S8
[2025-07-02 15:14:45] Операция: Обновление баланса клиента в таблице Клиенты
id Клиента: 1683676, Баланс_новый: -145820
[2025-07-02 16:01:19] Операция: Внесение данных в таблицу Касса
id клиента: 10, Нал: -55000, Касса: 0, Эквайринг: 0, Перевод: 0, Расчетный_счет: 0, comment: О.Н., office: P2, Менеджер: Анискина Ольга 👩‍💼 P2
[2025-07-02 16:01:19] Операция: Обновление баланса клиента в таблице Клиенты
id Клиента: 10, Баланс_новый: -83563250
[2025-07-03 10:16:22] Операция: Внесение данных в таблицу Касса
id клиента: 9, Нал: -14000, Касса: 0, Эквайринг: 0, Перевод: 0, Расчетный_счет: 0, comment: , office: P7, Менеджер: Алпатова Оксана 👩‍💼 P7
[2025-07-03 10:16:22] Операция: Обновление баланса клиента в таблице Клиенты
id Клиента: 9, Баланс_новый: -204420
[2025-07-03 12:16:39] Операция: Внесение данных в таблицу Касса
id клиента: 10, Нал: -1760000, Касса: 0, Эквайринг: 0, Перевод: 0, Расчетный_счет: 0, comment: Наш друг (К) 👩, office: P5, Менеджер: Фролова Ирина 👩‍💼 P5
[2025-07-03 12:16:39] Операция: Обновление баланса клиента в таблице Клиенты
id Клиента: 10, Баланс_новый: -85323250
[2025-07-03 13:45:20] Операция: Внесение данных в таблицу Касса
id клиента: 156537852, Нал: -100, Касса: 0, Эквайринг: 0, Перевод: 0, Расчетный_счет: 0, comment: , office: P5, Менеджер: Фролова Ирина 👩‍💼 P5
[2025-07-03 13:45:20] Операция: Обновление баланса клиента в таблице Клиенты
id Клиента: 156537852, Баланс_новый: -109534
[2025-07-03 14:01:22] Операция: Внесение данных в таблицу Касса
id клиента: 1683676, Нал: -1880, Касса: 0, Эквайринг: 0, Перевод: 0, Расчетный_счет: 0, comment: Поставщик OS, office: S8, Менеджер: Гирчева Ольга 👩‍💼 S8
[2025-07-03 14:01:22] Операция: Обновление баланса клиента в таблице Клиенты
id Клиента: 1683676, Баланс_новый: -147700
[2025-07-03 14:05:00] Операция: Внесение данных в таблицу Касса
id клиента: 10, Нал: -534600, Касса: 0, Эквайринг: 0, Перевод: 0, Расчетный_счет: 0, comment: Наш друг (С) 👨, office: P7, Менеджер: Алпатова Оксана 👩‍💼 P7
[2025-07-03 14:05:00] Операция: Обновление баланса клиента в таблице Клиенты
id Клиента: 10, Баланс_новый: -85857850
[2025-07-03 14:08:37] Операция: Внесение данных в таблицу Касса
id клиента: 1, Нал: -10000, Касса: 0, Эквайринг: 0, Перевод: 0, Расчетный_счет: 0, comment: Емелин, office: P7, Менеджер: Алпатова Оксана 👩‍💼 P7
[2025-07-03 14:08:37] Операция: Обновление баланса клиента в таблице Клиенты
id Клиента: 1, Баланс_новый: -3681600
[2025-07-03 14:09:22] Операция: Внесение данных в таблицу Касса
id клиента: 1, Нал: -1200, Касса: 0, Эквайринг: 0, Перевод: 0, Расчетный_счет: 0, comment: Кибиткин Денис, office: P7, Менеджер: Алпатова Оксана 👩‍💼 P7
[2025-07-03 14:09:22] Операция: Обновление баланса клиента в таблице Клиенты
id Клиента: 1, Баланс_новый: -3682800
[2025-07-03 14:57:04] Операция: Внесение данных в таблицу Касса
id клиента: 157341118, Нал: 0, Касса: 0, Эквайринг: -2672, Перевод: 0, Расчетный_счет: 0, comment: Возврат - 219341375, office: P5, Менеджер: Фролова Ирина 👩‍💼 P5
[2025-07-03 14:57:04] Операция: Обновление баланса клиента в таблице Клиенты
id Клиента: 157341118, Баланс_новый: -2672
[2025-07-03 18:32:47] Операция: Внесение данных в таблицу Касса
id клиента: 3480633, Нал: -148655, Касса: 0, Эквайринг: 0, Перевод: 0, Расчетный_счет: 0, comment: , office: P1, Менеджер: Бунчина Ирина 👩‍💼 P1
[2025-07-03 18:32:47] Операция: Обновление баланса клиента в таблице Клиенты
id Клиента: 3480633, Баланс_новый: -38312
[2025-07-04 09:01:03] Операция: Внесение данных в таблицу Касса
id клиента: 1, Нал: -9300, Касса: 0, Эквайринг: 0, Перевод: 0, Расчетный_счет: 0, comment: Доставка Саранск, office: P5, Менеджер: Фролова Ирина 👩‍💼 P5
[2025-07-04 09:01:03] Операция: Обновление баланса клиента в таблице Клиенты
id Клиента: 1, Баланс_новый: -3692100
[2025-07-04 09:10:51] Операция: Внесение данных в таблицу Касса
id клиента: 1, Нал: -1200, Касса: 0, Эквайринг: 0, Перевод: 0, Расчетный_счет: 0, comment: Кибиткин Денис, office: P7, Менеджер: Алпатова Оксана 👩‍💼 P7
[2025-07-04 09:10:51] Операция: Обновление баланса клиента в таблице Клиенты
id Клиента: 1, Баланс_новый: -3693300
[2025-07-04 09:12:13] Операция: Внесение данных в таблицу Касса
id клиента: 4, Нал: -280000, Касса: 0, Эквайринг: 0, Перевод: 0, Расчетный_счет: 0, comment: P2-P7, office: P2, Менеджер: Анискина Ольга 👩‍💼 P2
[2025-07-04 09:12:13] Операция: Обновление баланса клиента в таблице Клиенты
id Клиента: 4, Баланс_новый: -280000
[2025-07-04 10:23:23] Операция: Внесение данных в таблицу Касса
id клиента: 9, Нал: -2000, Касса: 0, Эквайринг: 0, Перевод: 0, Расчетный_счет: 0, comment: , office: S4, Менеджер: Сонина Наталья 👩‍💼 S4
[2025-07-04 10:23:23] Операция: Обновление баланса клиента в таблице Клиенты
id Клиента: 9, Баланс_новый: -206420
[2025-07-04 10:28:11] Операция: Внесение данных в таблицу Касса
id клиента: 1111112, Нал: -220, Касса: 0, Эквайринг: 0, Перевод: 0, Расчетный_счет: 0, comment: Чек №1274 от 03.06.25, office: P5, Менеджер: Фролова Ирина 👩‍💼 P5
[2025-07-04 10:28:11] Операция: Обновление баланса клиента в таблице Клиенты
id Клиента: 1111112, Баланс_новый: -13185
[2025-07-04 10:33:34] Операция: Внесение данных в таблицу Касса
id клиента: 156537852, Нал: -320, Касса: 0, Эквайринг: 0, Перевод: 0, Расчетный_счет: 0, comment: Файлики, office: S8, Менеджер: Гирчева Ольга 👩‍💼 S8
[2025-07-04 10:33:34] Операция: Обновление баланса клиента в таблице Клиенты
id Клиента: 156537852, Баланс_новый: -109854
[2025-07-04 10:36:59] Операция: Внесение данных в таблицу Касса
id клиента: 4, Нал: -840000, Касса: 0, Эквайринг: 0, Перевод: 0, Расчетный_счет: 0, comment: S4-P5, office: S4, Менеджер: Сонина Наталья 👩‍💼 S4
[2025-07-04 10:36:59] Операция: Обновление баланса клиента в таблице Клиенты
id Клиента: 4, Баланс_новый: -840000
[2025-07-04 10:37:24] Операция: Внесение данных в таблицу Касса
id клиента: 4, Нал: 0, Касса: -27000, Эквайринг: 0, Перевод: 0, Расчетный_счет: 0, comment: S4-P5, office: S4, Менеджер: Сонина Наталья 👩‍💼 S4
[2025-07-04 10:37:24] Операция: Обновление баланса клиента в таблице Клиенты
id Клиента: 4, Баланс_новый: -867000
[2025-07-04 10:37:54] Операция: Внесение данных в таблицу Касса
id клиента: 1, Нал: -300, Касса: 0, Эквайринг: 0, Перевод: 0, Расчетный_счет: 0, comment: Инкассация, office: S4, Менеджер: Сонина Наталья 👩‍💼 S4
[2025-07-04 10:37:54] Операция: Обновление баланса клиента в таблице Клиенты
id Клиента: 1, Баланс_новый: -3693600
[2025-07-04 11:11:59] Операция: Внесение данных в таблицу Касса
id клиента: 4, Нал: -550000, Касса: 0, Эквайринг: 0, Перевод: 0, Расчетный_счет: 0, comment: Z6-P7, office: Z6, Менеджер: Соловков Александр 👨‍💼 Z6
[2025-07-04 11:11:59] Операция: Обновление баланса клиента в таблице Клиенты
id Клиента: 4, Баланс_новый: -1417000
[2025-07-04 11:14:51] Операция: Внесение данных в таблицу Касса
id клиента: 4, Нал: -673000, Касса: 0, Эквайринг: 0, Перевод: 0, Расчетный_счет: 0, comment: S8->P5, office: S8, Менеджер: Гирчева Ольга 👩‍💼 S8
[2025-07-04 11:14:51] Операция: Обновление баланса клиента в таблице Клиенты
id Клиента: 4, Баланс_новый: -2090000
[2025-07-04 11:16:20] Операция: Внесение данных в таблицу Касса
id клиента: 1, Нал: -10000, Касса: 0, Эквайринг: 0, Перевод: 0, Расчетный_счет: 0, comment: Емелин Антон, office: P7, Менеджер: Алпатова Оксана 👩‍💼 P7
[2025-07-04 11:16:20] Операция: Обновление баланса клиента в таблице Клиенты
id Клиента: 1, Баланс_новый: -3703600
[2025-07-04 11:33:51] Операция: Внесение данных в таблицу Касса
id клиента: 156564345, Нал: 0, Касса: 0, Эквайринг: -4114, Перевод: 0, Расчетный_счет: 0, comment: 220407905, Возврат 1 позиции, office: P2, Менеджер: Анискина Ольга 👩‍💼 P2
[2025-07-04 11:33:51] Операция: Обновление баланса клиента в таблице Клиенты
id Клиента: 156564345, Баланс_новый: 0
[2025-07-04 13:26:49] Операция: Внесение данных в таблицу Касса
id клиента: 9, Нал: -7000, Касса: 0, Эквайринг: 0, Перевод: 0, Расчетный_счет: 0, comment: Валентина Петровна Р5, office: P5, Менеджер: Фролова Ирина 👩‍💼 P5
[2025-07-04 13:26:49] Операция: Обновление баланса клиента в таблице Клиенты
id Клиента: 9, Баланс_новый: -213420
[2025-07-04 15:28:25] Операция: Внесение данных в таблицу Касса
id клиента: 1, Нал: -18000, Касса: 0, Эквайринг: 0, Перевод: 0, Расчетный_счет: 0, comment: Юркалов Дмитрий Р5, office: P5, Менеджер: Фролова Ирина 👩‍💼 P5
[2025-07-04 15:28:25] Операция: Обновление баланса клиента в таблице Клиенты
id Клиента: 1, Баланс_новый: -3721600
[2025-07-04 18:44:09] Операция: Внесение данных в таблицу Касса
id клиента: 157366004, Нал: 0, Касса: 0, Эквайринг: -500, Перевод: 0, Расчетный_счет: 0, comment: 220278560, Возврат, office: P2, Менеджер: Анискина Ольга 👩‍💼 P2
[2025-07-04 18:44:09] Операция: Обновление баланса клиента в таблице Клиенты
id Клиента: 157366004, Баланс_новый: 0
[2025-07-05 10:16:54] Операция: Внесение данных в таблицу Касса
id клиента: 156537852, Нал: -1300, Касса: 0, Эквайринг: 0, Перевод: 0, Расчетный_счет: 0, comment: Т/бумага,перчатки,пакеты для мусора., office: P1, Менеджер: Максимкина Татьяна 👩‍💼 P1
[2025-07-05 10:16:54] Операция: Обновление баланса клиента в таблице Клиенты
id Клиента: 156537852, Баланс_новый: -111154
[2025-07-05 10:22:41] Операция: Внесение данных в таблицу Касса
id клиента: 4, Нал: -140000, Касса: 0, Эквайринг: 0, Перевод: 0, Расчетный_счет: 0, comment: К12-Р5, office: K12, Менеджер: Гришина Надежда 👩‍💼 K12
[2025-07-05 10:22:41] Операция: Обновление баланса клиента в таблице Клиенты
id Клиента: 4, Баланс_новый: -1680000
[2025-07-05 10:29:26] Операция: Внесение данных в таблицу kassa
id клиента: 1, Нал: -14400, Касса: 0, Эквайринг: 0, Перевод: 0, Расчетный_счет: 0, comment: Доставка OS, office: S8, Менеджер: Гирчев Роман 👨‍💼 (Админ)
[2025-07-05 10:29:26] Операция: Обновление баланса клиента в таблице users
id Клиента: 1, Баланс_новый: -3736000, Баланс_старый: -3721600
[2025-07-05 12:15:39] Операция: Внесение данных в таблицу Касса
id клиента: 10, Нал: -1760000, Касса: 0, Эквайринг: 0, Перевод: 0, Расчетный_счет: 0, comment: Наш друг (К), office: P5, Менеджер: Малков Кирилл 👨‍💼 P5
[2025-07-05 12:15:39] Операция: Обновление баланса клиента в таблице Клиенты
id Клиента: 10, Баланс_новый: -87617850
[2025-07-05 12:16:14] Операция: Внесение данных в таблицу Касса
id клиента: 1, Нал: -1000, Касса: 0, Эквайринг: 0, Перевод: 0, Расчетный_счет: 0, comment: Доставка Исса, office: P5, Менеджер: Малков Кирилл 👨‍💼 P5
[2025-07-05 12:16:14] Операция: Обновление баланса клиента в таблице Клиенты
id Клиента: 1, Баланс_новый: -3737000
[2025-07-05 13:29:41] Операция: Внесение данных в таблицу Касса
id клиента: 156665581, Нал: -400, Касса: 0, Эквайринг: 0, Перевод: 0, Расчетный_счет: 0, comment: 218112784, Возврат, office: P2, Менеджер: Анискина Ольга 👩‍💼 P2
[2025-07-05 13:29:41] Операция: Обновление баланса клиента в таблице Клиенты
id Клиента: 156665581, Баланс_новый: 0
[2025-07-05 15:04:52] Операция: Внесение данных в таблицу kassa
id клиента: 1, Нал: -1700, Касса: 0, Эквайринг: 0, Перевод: 0, Расчетный_счет: 0, comment: Водитель Сергей, office: S8, Менеджер: Гирчев Роман 👨‍💼 (Админ)
[2025-07-05 15:04:52] Операция: Обновление баланса клиента в таблице users
id Клиента: 1, Баланс_новый: -3738700, Баланс_старый: -3737000
[2025-07-05 15:46:10] Операция: Внесение данных в таблицу Касса
id клиента: 1, Нал: -12000, Касса: 0, Эквайринг: 0, Перевод: 0, Расчетный_счет: 0, comment: Соловков Александр, office: Z6, Менеджер: Соловков Александр 👨‍💼 Z6
[2025-07-05 15:46:10] Операция: Обновление баланса клиента в таблице Клиенты
id Клиента: 1, Баланс_новый: -3750700
[2025-07-07 09:18:59] Операция: Внесение данных в таблицу Касса
id клиента: 1, Нал: -1200, Касса: 0, Эквайринг: 0, Перевод: 0, Расчетный_счет: 0, comment: Кибиткин Денис, office: P7, Менеджер: Алпатова Оксана 👩‍💼 P7
[2025-07-07 09:18:59] Операция: Обновление баланса клиента в таблице Клиенты
id Клиента: 1, Баланс_новый: -3751900
[2025-07-07 09:19:02] Операция: Внесение данных в таблицу Касса
id клиента: 156868806, Нал: -1325, Касса: 0, Эквайринг: 0, Перевод: 0, Расчетный_счет: 0, comment: 219759032, Возврат, office: P2, Менеджер: Анискина Ольга 👩‍💼 P2
[2025-07-07 09:19:02] Операция: Обновление баланса клиента в таблице Клиенты
id Клиента: 156868806, Баланс_новый: 0
[2025-07-07 09:28:44] Операция: Внесение данных в таблицу Касса
id клиента: 1, Нал: -20000, Касса: 0, Эквайринг: 0, Перевод: 0, Расчетный_счет: 0, comment: Ежов Дмитрий, office: P7, Менеджер: Алпатова Оксана 👩‍💼 P7
[2025-07-07 09:28:44] Операция: Обновление баланса клиента в таблице Клиенты
id Клиента: 1, Баланс_новый: -3771900
[2025-07-07 10:18:01] Операция: Внесение данных в таблицу Касса
id клиента: 3, Нал: -25000, Касса: 0, Эквайринг: 0, Перевод: 0, Расчетный_счет: 0, comment: июль, office: K12, Менеджер: Гришина Надежда 👩‍💼 K12
[2025-07-07 10:18:01] Операция: Обновление баланса клиента в таблице Клиенты
id Клиента: 3, Баланс_новый: -259000
[2025-07-07 10:21:53] Операция: Внесение данных в таблицу Касса
id клиента: 1, Нал: -10000, Касса: 0, Эквайринг: 0, Перевод: 0, Расчетный_счет: 0, comment: Емелин Антон, office: P7, Менеджер: Алпатова Оксана 👩‍💼 P7
[2025-07-07 10:21:53] Операция: Обновление баланса клиента в таблице Клиенты
id Клиента: 1, Баланс_новый: -3781900
[2025-07-07 10:54:16] Операция: Внесение данных в таблицу Касса
id клиента: 1, Нал: -1000, Касса: 0, Эквайринг: 0, Перевод: 0, Расчетный_счет: 0, comment: Разгрузка 3 дня, office: S4, Менеджер: Сонина Наталья 👩‍💼 S4
[2025-07-07 10:54:16] Операция: Обновление баланса клиента в таблице Клиенты
id Клиента: 1, Баланс_новый: -3782900
[2025-07-07 11:04:27] Операция: Внесение данных в таблицу Касса
id клиента: 4, Нал: -250000, Касса: 0, Эквайринг: 0, Перевод: 0, Расчетный_счет: 0, comment: Z6-P7, office: Z6, Менеджер: Соловков Александр 👨‍💼 Z6
[2025-07-07 11:04:27] Операция: Обновление баланса клиента в таблице Клиенты
id Клиента: 4, Баланс_новый: -250000
[2025-07-07 12:49:23] Операция: Внесение данных в таблицу Касса
id клиента: 1, Нал: -17500, Касса: 0, Эквайринг: 0, Перевод: 0, Расчетный_счет: 0, comment: Дасаев Ринат, office: P7, Менеджер: Алпатова Оксана 👩‍💼 P7
[2025-07-07 12:49:23] Операция: Обновление баланса клиента в таблице Клиенты
id Клиента: 1, Баланс_новый: -3800400
[2025-07-07 15:24:27] Операция: Внесение данных в таблицу Касса
id клиента: 157332533, Нал: -8750, Касса: 0, Эквайринг: 0, Перевод: 0, Расчетный_счет: 0, comment: 219037883, office: P1, Менеджер: Бунчина Ирина 👩‍💼 P1
[2025-07-07 15:24:27] Операция: Обновление баланса клиента в таблице Клиенты
id Клиента: 157332533, Баланс_новый: 0
[2025-07-07 16:31:11] Операция: Внесение данных в таблицу Касса
id клиента: 156525534, Нал: -6500, Касса: 0, Эквайринг: 0, Перевод: 0, Расчетный_счет: 0, comment: 219157130, office: P1, Менеджер: Бунчина Ирина 👩‍💼 P1
[2025-07-07 16:31:11] Операция: Обновление баланса клиента в таблице Клиенты
id Клиента: 156525534, Баланс_новый: 0
[2025-07-07 18:13:14] Операция: Внесение данных в таблицу Касса
id клиента: 156805412, Нал: 0, Касса: 0, Эквайринг: -5000, Перевод: 0, Расчетный_счет: 0, comment: Возврат 218618287, office: P5, Менеджер: Фролова Ирина 👩‍💼 P5
[2025-07-07 18:13:14] Операция: Обновление баланса клиента в таблице Клиенты
id Клиента: 156805412, Баланс_новый: -5000
[2025-07-07 18:43:48] Операция: Внесение данных в таблицу Касса
id клиента: 156623605, Нал: 0, Касса: 0, Эквайринг: -5700, Перевод: 0, Расчетный_счет: 0, comment: 218898635, office: P11, Менеджер: Голубева Мария 👩‍💼 P11
[2025-07-07 18:43:48] Операция: Обновление баланса клиента в таблице Клиенты
id Клиента: 156623605, Баланс_новый: 0
[2025-07-07 18:54:11] Операция: Внесение данных в таблицу Касса
id клиента: 156537852, Нал: -500, Касса: 0, Эквайринг: 0, Перевод: 0, Расчетный_счет: 0, comment: Санков Андрей, т/б, office: P1, Менеджер: Бунчина Ирина 👩‍💼 P1
[2025-07-07 18:54:11] Операция: Обновление баланса клиента в таблице Клиенты
id Клиента: 156537852, Баланс_новый: -111654
[2025-07-08 10:40:55] Операция: Внесение данных в таблицу Касса
id клиента: 1, Нал: -1200, Касса: 0, Эквайринг: 0, Перевод: 0, Расчетный_счет: 0, comment: Кибиткин Денис, office: P7, Менеджер: Алпатова Оксана 👩‍💼 P7
[2025-07-08 10:40:55] Операция: Обновление баланса клиента в таблице Клиенты
id Клиента: 1, Баланс_новый: -3801600
[2025-07-08 11:03:36] Операция: Внесение данных в таблицу Касса
id клиента: 10, Нал: -200000, Касса: 0, Эквайринг: 0, Перевод: 0, Расчетный_счет: 0, comment: Мирен (сотки), office: P5, Менеджер: Фролова Ирина 👩‍💼 P5
[2025-07-08 11:03:36] Операция: Обновление баланса клиента в таблице Клиенты
id Клиента: 10, Баланс_новый: -87817850
[2025-07-08 11:48:13] Операция: Внесение данных в таблицу Касса
id клиента: 1, Нал: -10000, Касса: 0, Эквайринг: 0, Перевод: 0, Расчетный_счет: 0, comment: Емелин Антон, office: P7, Менеджер: Алпатова Оксана 👩‍💼 P7
[2025-07-08 11:48:13] Операция: Обновление баланса клиента в таблице Клиенты
id Клиента: 1, Баланс_новый: -3811600
[2025-07-08 13:28:09] Операция: Внесение данных в таблицу Касса
id клиента: 1683676, Нал: -940, Касса: 0, Эквайринг: 0, Перевод: 0, Расчетный_счет: 0, comment: Поставщик OS, office: S8, Менеджер: Гирчева Ольга 👩‍💼 S8
[2025-07-08 13:28:09] Операция: Обновление баланса клиента в таблице Клиенты
id Клиента: 1683676, Баланс_новый: -148640
[2025-07-08 13:28:55] Операция: Внесение данных в таблицу Касса
id клиента: 1683676, Нал: -940, Касса: 0, Эквайринг: 0, Перевод: 0, Расчетный_счет: 0, comment: Поставщик OS, office: S8, Менеджер: Гирчева Ольга 👩‍💼 S8
[2025-07-08 13:28:55] Операция: Обновление баланса клиента в таблице Клиенты
id Клиента: 1683676, Баланс_новый: -149580
[2025-07-09 09:26:10] Операция: Внесение данных в таблицу Касса
id клиента: 1, Нал: -1200, Касса: 0, Эквайринг: 0, Перевод: 0, Расчетный_счет: 0, comment: Кибиткин Денис, office: P7, Менеджер: Алпатова Оксана 👩‍💼 P7
[2025-07-09 09:26:10] Операция: Обновление баланса клиента в таблице Клиенты
id Клиента: 1, Баланс_новый: -3812800
[2025-07-09 10:44:30] Операция: Внесение данных в таблицу Касса
id клиента: 4, Нал: -300000, Касса: 0, Эквайринг: 0, Перевод: 0, Расчетный_счет: 0, comment: Z6-P7, office: Z6, Менеджер: Соловков Александр 👨‍💼 Z6
[2025-07-09 10:44:30] Операция: Обновление баланса клиента в таблице Клиенты
id Клиента: 4, Баланс_новый: -300000
[2025-07-09 11:22:49] Операция: Внесение данных в таблицу Касса
id клиента: 156506872, Нал: -1450, Касса: 0, Эквайринг: 0, Перевод: 0, Расчетный_счет: 0, comment: Возврат 220763531, office: P5, Менеджер: Фролова Ирина 👩‍💼 P5
[2025-07-09 11:22:49] Операция: Обновление баланса клиента в таблице Клиенты
id Клиента: 156506872, Баланс_новый: 1600
[2025-07-09 12:15:14] Операция: Внесение данных в таблицу Касса
id клиента: 1, Нал: -10000, Касса: 0, Эквайринг: 0, Перевод: 0, Расчетный_счет: 0, comment: Емелин Антон, office: P7, Менеджер: Алпатова Оксана 👩‍💼 P7
[2025-07-09 12:15:14] Операция: Обновление баланса клиента в таблице Клиенты
id Клиента: 1, Баланс_новый: -3822800
[2025-07-10 09:12:01] Операция: Внесение данных в таблицу Касса
id клиента: 10, Нал: -527400, Касса: 0, Эквайринг: 0, Перевод: 0, Расчетный_счет: 0, comment:  Наш друг (С) 👨, office: P7, Менеджер: Алпатова Оксана 👩‍💼 P7
[2025-07-10 09:12:01] Операция: Обновление баланса клиента в таблице Клиенты
id Клиента: 10, Баланс_новый: -88345250
[2025-07-10 09:20:06] Операция: Внесение данных в таблицу Касса
id клиента: 156537852, Нал: -1000, Касса: 0, Эквайринг: 0, Перевод: 0, Расчетный_счет: 0, comment: Уборка территории, office: P2, Менеджер: Анискина Ольга 👩‍💼 P2
[2025-07-10 09:20:06] Операция: Обновление баланса клиента в таблице Клиенты
id Клиента: 156537852, Баланс_новый: -112654
[2025-07-10 09:40:07] Операция: Внесение данных в таблицу Касса
id клиента: 4, Нал: -100000, Касса: 0, Эквайринг: 0, Перевод: 0, Расчетный_счет: 0, comment: К12-Р5, office: K12, Менеджер: Гришина Надежда 👩‍💼 K12
[2025-07-10 09:40:07] Операция: Обновление баланса клиента в таблице Клиенты
id Клиента: 4, Баланс_новый: -100000
[2025-07-10 09:42:44] Операция: Внесение данных в таблицу Касса
id клиента: 156803757, Нал: -3985, Касса: 0, Эквайринг: 0, Перевод: 0, Расчетный_счет: 0, comment: 221262957, office: P2, Менеджер: Анискина Ольга 👩‍💼 P2
[2025-07-10 09:42:44] Операция: Обновление баланса клиента в таблице Клиенты
id Клиента: 156803757, Баланс_новый: 0
[2025-07-10 13:15:50] Операция: Внесение данных в таблицу Касса
id клиента: 156537852, Нал: -250, Касса: 0, Эквайринг: 0, Перевод: 0, Расчетный_счет: 0, comment: Доставка воды, office: S8, Менеджер: Гирчева Ольга 👩‍💼 S8
[2025-07-10 13:15:50] Операция: Обновление баланса клиента в таблице Клиенты
id Клиента: 156537852, Баланс_новый: -112904
[2025-07-10 13:28:26] Операция: Внесение данных в таблицу Касса
id клиента: 10, Нал: -1760000, Касса: 0, Эквайринг: 0, Перевод: 0, Расчетный_счет: 0, comment: Наш друг (К) 👩, office: P5, Менеджер: Фролова Ирина 👩‍💼 P5
[2025-07-10 13:28:26] Операция: Обновление баланса клиента в таблице Клиенты
id Клиента: 10, Баланс_новый: -90105250
[2025-07-10 15:06:50] Операция: Внесение данных в таблицу Касса
id клиента: 1, Нал: -1200, Касса: 0, Эквайринг: 0, Перевод: 0, Расчетный_счет: 0, comment: Кибиткин Денис, office: P7, Менеджер: Алпатова Оксана 👩‍💼 P7
[2025-07-10 15:06:50] Операция: Обновление баланса клиента в таблице Клиенты
id Клиента: 1, Баланс_новый: -3824000
[2025-07-10 15:07:09] Операция: Внесение данных в таблицу Касса
id клиента: 1, Нал: -10000, Касса: 0, Эквайринг: 0, Перевод: 0, Расчетный_счет: 0, comment: Емелин Антон, office: P7, Менеджер: Алпатова Оксана 👩‍💼 P7
[2025-07-10 15:07:09] Операция: Обновление баланса клиента в таблице Клиенты
id Клиента: 1, Баланс_новый: -3834000
[2025-07-10 18:28:39] Операция: Внесение данных в таблицу Касса
id клиента: 9, Нал: -1000, Касса: 0, Эквайринг: 0, Перевод: 0, Расчетный_счет: 0, comment: Уборка территории Июнь, office: P2, Менеджер: Анискина Ольга 👩‍💼 P2
[2025-07-10 18:28:39] Операция: Обновление баланса клиента в таблице Клиенты
id Клиента: 9, Баланс_новый: -214420
[2025-07-11 10:02:02] Операция: Внесение данных в таблицу Касса
id клиента: 1, Нал: -15000, Касса: 0, Эквайринг: 0, Перевод: 0, Расчетный_счет: 0, comment: Ежов Дмитрий (развоз Арбеково), office: P5, Менеджер: Фролова Ирина 👩‍💼 P5
[2025-07-11 10:02:02] Операция: Обновление баланса клиента в таблице Клиенты
id Клиента: 1, Баланс_новый: -3849000
[2025-07-11 11:04:45] Операция: Внесение данных в таблицу Касса
id клиента: 4, Нал: -531000, Касса: 0, Эквайринг: 0, Перевод: 0, Расчетный_счет: 0, comment: S4-P5, office: S4, Менеджер: Сонина Наталья 👩‍💼 S4
[2025-07-11 11:04:45] Операция: Обновление баланса клиента в таблице Клиенты
id Клиента: 4, Баланс_новый: -631000
[2025-07-11 11:30:11] Операция: Внесение данных в таблицу Касса
id клиента: 4, Нал: -654000, Касса: 0, Эквайринг: 0, Перевод: 0, Расчетный_счет: 0, comment: S8->P5, office: S8, Менеджер: Гирчева Ольга 👩‍💼 S8
[2025-07-11 11:30:11] Операция: Обновление баланса клиента в таблице Клиенты
id Клиента: 4, Баланс_новый: -1285000
[2025-07-11 11:42:44] Операция: Внесение данных в таблицу Касса
id клиента: 4, Нал: -200000, Касса: 0, Эквайринг: 0, Перевод: 0, Расчетный_счет: 0, comment: Z6-P7, office: Z6, Менеджер: Соловков Александр 👨‍💼 Z6
[2025-07-11 11:42:44] Операция: Обновление баланса клиента в таблице Клиенты
id Клиента: 4, Баланс_новый: -1485000
[2025-07-11 12:09:44] Операция: Внесение данных в таблицу Касса
id клиента: 1, Нал: -300, Касса: 0, Эквайринг: 0, Перевод: 0, Расчетный_счет: 0, comment: Инкассация, office: S4, Менеджер: Сонина Наталья 👩‍💼 S4
[2025-07-11 12:09:44] Операция: Обновление баланса клиента в таблице Клиенты
id Клиента: 1, Баланс_новый: -3849300
[2025-07-11 12:46:19] Операция: Внесение данных в таблицу Касса
id клиента: 1683676, Нал: -1880, Касса: 0, Эквайринг: 0, Перевод: 0, Расчетный_счет: 0, comment: Поставщик OS, office: S8, Менеджер: Гирчева Ольга 👩‍💼 S8
[2025-07-11 12:46:19] Операция: Обновление баланса клиента в таблице Клиенты
id Клиента: 1683676, Баланс_новый: -151460
[2025-07-11 13:16:02] Операция: Внесение данных в таблицу Касса
id клиента: 1, Нал: -1200, Касса: 0, Эквайринг: 0, Перевод: 0, Расчетный_счет: 0, comment: Кибиткин Денис, office: P7, Менеджер: Алпатова Оксана 👩‍💼 P7
[2025-07-11 13:16:02] Операция: Обновление баланса клиента в таблице Клиенты
id Клиента: 1, Баланс_новый: -3850500
[2025-07-11 13:16:24] Операция: Внесение данных в таблицу Касса
id клиента: 1, Нал: -10000, Касса: 0, Эквайринг: 0, Перевод: 0, Расчетный_счет: 0, comment: Емелин Антон, office: P7, Менеджер: Алпатова Оксана 👩‍💼 P7
[2025-07-11 13:16:24] Операция: Обновление баланса клиента в таблице Клиенты
id Клиента: 1, Баланс_новый: -3860500
[2025-07-11 14:01:49] Операция: Внесение данных в таблицу Касса
id клиента: 157317668, Нал: 0, Касса: 0, Эквайринг: -924, Перевод: 0, Расчетный_счет: 0, comment: 221489030, Возврат, office: P2, Менеджер: Анискина Ольга 👩‍💼 P2
[2025-07-11 14:01:49] Операция: Обновление баланса клиента в таблице Клиенты
id Клиента: 157317668, Баланс_новый: 0
[2025-07-11 18:11:32] Операция: Внесение данных в таблицу Касса
id клиента: 156575917, Нал: -990, Касса: 0, Эквайринг: 0, Перевод: 0, Расчетный_счет: 0, comment: 216450263, office: P11, Менеджер: Голубева Мария 👩‍💼 P11
[2025-07-11 18:11:32] Операция: Обновление баланса клиента в таблице Клиенты
id Клиента: 156575917, Баланс_новый: 0
[2025-07-12 10:14:26] Операция: Внесение данных в таблицу Касса
id клиента: 1, Нал: -8500, Касса: 0, Эквайринг: 0, Перевод: 0, Расчетный_счет: 0, comment: Доставка Саранск, office: P5, Менеджер: Фролова Ирина 👩‍💼 P5
[2025-07-12 10:14:26] Операция: Обновление баланса клиента в таблице Клиенты
id Клиента: 1, Баланс_новый: -3869000
[2025-07-12 10:22:43] Операция: Внесение данных в таблицу kassa
id клиента: 1683676, Нал: -1880, Касса: 0, Эквайринг: 0, Перевод: 0, Расчетный_счет: 0, comment: Поставщик OS, office: S8, Менеджер: Гирчев Роман 👨‍💼 (Админ)
[2025-07-12 10:22:43] Операция: Обновление баланса клиента в таблице users
id Клиента: 1683676, Баланс_новый: -153340, Баланс_старый: -151460
[2025-07-12 10:23:37] Операция: Внесение данных в таблицу kassa
id клиента: 1, Нал: -1700, Касса: 0, Эквайринг: 0, Перевод: 0, Расчетный_счет: 0, comment: Водитель Сергей, office: S8, Менеджер: Гирчев Роман 👨‍💼 (Админ)
[2025-07-12 10:23:37] Операция: Обновление баланса клиента в таблице users
id Клиента: 1, Баланс_новый: -3870700, Баланс_старый: -3869000
[2025-07-12 10:24:47] Операция: Внесение данных в таблицу kassa
id клиента: 1, Нал: -14400, Касса: 0, Эквайринг: 0, Перевод: 0, Расчетный_счет: 0, comment: Доставка OS, office: S8, Менеджер: Гирчев Роман 👨‍💼 (Админ)
[2025-07-12 10:24:47] Операция: Обновление баланса клиента в таблице users
id Клиента: 1, Баланс_новый: -3885100, Баланс_старый: -3870700
[2025-07-12 12:56:38] Операция: Внесение данных в таблицу Касса
id клиента: 1, Нал: -17500, Касса: 0, Эквайринг: 0, Перевод: 0, Расчетный_счет: 0, comment: Дасаев Ринат, office: P7, Менеджер: Алпатова Оксана 👩‍💼 P7
[2025-07-12 12:56:38] Операция: Обновление баланса клиента в таблице Клиенты
id Клиента: 1, Баланс_новый: -3902600
[2025-07-12 13:55:22] Операция: Внесение данных в таблицу Касса
id клиента: 1, Нал: -12000, Касса: 0, Эквайринг: 0, Перевод: 0, Расчетный_счет: 0, comment: Соловков Александр, office: Z6, Менеджер: Соловков Александр 👨‍💼 Z6
[2025-07-12 13:55:22] Операция: Обновление баланса клиента в таблице Клиенты
id Клиента: 1, Баланс_новый: -3914600
[2025-07-14 09:07:54] Операция: Внесение данных в таблицу Касса
id клиента: 1, Нал: -1200, Касса: 0, Эквайринг: 0, Перевод: 0, Расчетный_счет: 0, comment: Кибиткин Денис, office: P7, Менеджер: Алпатова Оксана 👩‍💼 P7
[2025-07-14 09:07:54] Операция: Обновление баланса клиента в таблице Клиенты
id Клиента: 1, Баланс_новый: -3915800
[2025-07-14 09:18:43] Операция: Внесение данных в таблицу Касса
id клиента: 10, Нал: -1760000, Касса: 0, Эквайринг: 0, Перевод: 0, Расчетный_счет: 0, comment: Наш друг (К) 👩, office: P5, Менеджер: Фролова Ирина 👩‍💼 P5
[2025-07-14 09:18:43] Операция: Обновление баланса клиента в таблице Клиенты
id Клиента: 10, Баланс_новый: -91865250
[2025-07-14 09:50:07] Операция: Внесение данных в таблицу Касса
id клиента: 1, Нал: -20000, Касса: 0, Эквайринг: 0, Перевод: 0, Расчетный_счет: 0, comment: Ежов Дмитрий, office: P7, Менеджер: Алпатова Оксана 👩‍💼 P7
[2025-07-14 09:50:07] Операция: Обновление баланса клиента в таблице Клиенты
id Клиента: 1, Баланс_новый: -3935800
[2025-07-14 09:59:58] Операция: Внесение данных в таблицу Касса
id клиента: 157412078, Нал: 0, Касса: 0, Эквайринг: -1980, Перевод: 0, Расчетный_счет: 0, comment: 221784915, office: P1, Менеджер: Максимкина Татьяна 👩‍💼 P1
[2025-07-14 09:59:58] Операция: Обновление баланса клиента в таблице Клиенты
id Клиента: 157412078, Баланс_новый: -1980
[2025-07-14 10:34:36] Операция: Внесение данных в таблицу Касса
id клиента: 1, Нал: -10000, Касса: 0, Эквайринг: 0, Перевод: 0, Расчетный_счет: 0, comment: Емелин Антон, office: P7, Менеджер: Алпатова Оксана 👩‍💼 P7
[2025-07-14 10:34:36] Операция: Обновление баланса клиента в таблице Клиенты
id Клиента: 1, Баланс_новый: -3945800
[2025-07-14 10:55:56] Операция: Внесение данных в таблицу Касса
id клиента: 4, Нал: -300000, Касса: 0, Эквайринг: 0, Перевод: 0, Расчетный_счет: 0, comment: Z6-P7, office: Z6, Менеджер: Соловков Александр 👨‍💼 Z6
[2025-07-14 10:55:56] Операция: Обновление баланса клиента в таблице Клиенты
id Клиента: 4, Баланс_новый: -300000
[2025-07-14 11:41:50] Операция: Внесение данных в таблицу Касса
id клиента: 157382190, Нал: -4200, Касса: 0, Эквайринг: 0, Перевод: 0, Расчетный_счет: 0, comment: Возврат 957203U100, office: Z6, Менеджер: Соловков Александр 👨‍💼 Z6
[2025-07-14 11:41:50] Операция: Обновление баланса клиента в таблице Клиенты
id Клиента: 157382190, Баланс_новый: 0
[2025-07-14 12:27:09] Операция: Внесение данных в таблицу Касса
id клиента: 9, Нал: -1000, Касса: 0, Эквайринг: 0, Перевод: 0, Расчетный_счет: 0, comment: Уборка, office: S8, Менеджер: Гирчева Ольга 👩‍💼 S8
[2025-07-14 12:27:09] Операция: Обновление баланса клиента в таблице Клиенты
id Клиента: 9, Баланс_новый: -215420
[2025-07-14 12:59:43] Операция: Внесение данных в таблицу Касса
id клиента: 1683676, Нал: -1880, Касса: 0, Эквайринг: 0, Перевод: 0, Расчетный_счет: 0, comment: Поставщик OS, office: S8, Менеджер: Гирчева Ольга 👩‍💼 S8
[2025-07-14 12:59:43] Операция: Обновление баланса клиента в таблице Клиенты
id Клиента: 1683676, Баланс_новый: -155220
[2025-07-14 13:05:41] Операция: Внесение данных в таблицу Касса
id клиента: 11111114, Нал: -52100, Касса: 0, Эквайринг: 0, Перевод: 0, Расчетный_счет: 0, comment: За июнь 2025, office: P5, Менеджер: Фролова Ирина 👩‍💼 P5
[2025-07-14 13:05:41] Операция: Обновление баланса клиента в таблице Клиенты
id Клиента: 11111114, Баланс_новый: -395550
[2025-07-14 15:32:52] Операция: Внесение данных в таблицу Касса
id клиента: 156982264, Нал: 0, Касса: 0, Эквайринг: -16500, Перевод: 0, Расчетный_счет: 0, comment: 216797180, office: P1, Менеджер: Максимкина Татьяна 👩‍💼 P1
[2025-07-14 15:32:52] Операция: Обновление баланса клиента в таблице Клиенты
id Клиента: 156982264, Баланс_новый: 0
[2025-07-14 17:26:06] Операция: Внесение данных в таблицу Касса
id клиента: 156537852, Нал: -400, Касса: 0, Эквайринг: 0, Перевод: 0, Расчетный_счет: 0, comment: Мыло, салфетки, т/бумага, office: P2, Менеджер: Анискина Ольга 👩‍💼 P2
[2025-07-14 17:26:06] Операция: Обновление баланса клиента в таблице Клиенты
id Клиента: 156537852, Баланс_новый: -112304
[2025-07-14 18:21:55] Операция: Внесение данных в таблицу Касса
id клиента: 4, Нал: -300000, Касса: 0, Эквайринг: 0, Перевод: 0, Расчетный_счет: 0, comment: P2-P7, office: P2, Менеджер: Анискина Ольга 👩‍💼 P2
[2025-07-14 18:21:55] Операция: Обновление баланса клиента в таблице Клиенты
id Клиента: 4, Баланс_новый: -300000
[2025-07-15 09:16:52] Операция: Внесение данных в таблицу Касса
id клиента: 157414999, Нал: -6080, Касса: 0, Эквайринг: 0, Перевод: 0, Расчетный_счет: 0, comment: 221882046, office: P1, Менеджер: Максимкина Татьяна 👩‍💼 P1
[2025-07-15 09:16:52] Операция: Обновление баланса клиента в таблице Клиенты
id Клиента: 157414999, Баланс_новый: 270
[2025-07-15 09:54:42] Операция: Внесение данных в таблицу Касса
id клиента: 1, Нал: -10000, Касса: 0, Эквайринг: 0, Перевод: 0, Расчетный_счет: 0, comment: Емелин Антон, office: P7, Менеджер: Алпатова Оксана 👩‍💼 P7
[2025-07-15 09:54:42] Операция: Обновление баланса клиента в таблице Клиенты
id Клиента: 1, Баланс_новый: -3955800
[2025-07-15 09:56:21] Операция: Внесение данных в таблицу Касса
id клиента: 157414999, Нал: -5240, Касса: 0, Эквайринг: 0, Перевод: 0, Расчетный_счет: 0, comment: 221882046(возврат), office: P1, Менеджер: Максимкина Татьяна 👩‍💼 P1
[2025-07-15 09:56:21] Операция: Обновление баланса клиента в таблице Клиенты
id Клиента: 157414999, Баланс_новый: 270
[2025-07-15 14:13:19] Операция: Внесение данных в таблицу Касса
id клиента: 156537852, Нал: -578, Касса: 0, Эквайринг: 0, Перевод: 0, Расчетный_счет: 0, comment: Скотч, office: S8, Менеджер: Гирчева Ольга 👩‍💼 S8
[2025-07-15 14:13:19] Операция: Обновление баланса клиента в таблице Клиенты
id Клиента: 156537852, Баланс_новый: -112882
[2025-07-15 15:02:56] Операция: Внесение данных в таблицу Касса
id клиента: 157414999, Нал: -2180, Касса: 0, Эквайринг: 0, Перевод: 0, Расчетный_счет: 0, comment: 221882046, office: P1, Менеджер: Максимкина Татьяна 👩‍💼 P1
[2025-07-15 15:02:56] Операция: Обновление баланса клиента в таблице Клиенты
id Клиента: 157414999, Баланс_новый: 270
[2025-07-15 15:20:02] Операция: Внесение данных в таблицу Касса
id клиента: 156537852, Нал: -300, Касса: 0, Эквайринг: 0, Перевод: 0, Расчетный_счет: 0, comment: Т/б, полотенца бумажные, office: P11, Менеджер: Голубева Мария 👩‍💼 P11
[2025-07-15 15:20:02] Операция: Обновление баланса клиента в таблице Клиенты
id Клиента: 156537852, Баланс_новый: -113182
[2025-07-15 15:27:08] Операция: Внесение данных в таблицу Касса
id клиента: 156595321, Нал: -5680, Касса: 0, Эквайринг: 0, Перевод: 0, Расчетный_счет: 0, comment: Возврат 1111550070, office: Z6, Менеджер: Соловков Александр 👨‍💼 Z6
[2025-07-15 15:27:08] Операция: Обновление баланса клиента в таблице Клиенты
id Клиента: 156595321, Баланс_новый: 0
[2025-07-15 15:28:44] Операция: Внесение данных в таблицу Касса
id клиента: 156595321, Нал: -4233, Касса: 0, Эквайринг: 0, Перевод: 0, Расчетный_счет: 0, comment: Возврат 1111650060, office: Z6, Менеджер: Соловков Александр 👨‍💼 Z6
[2025-07-15 15:28:44] Операция: Обновление баланса клиента в таблице Клиенты
id Клиента: 156595321, Баланс_новый: 0
[2025-07-15 15:32:40] Операция: Внесение данных в таблицу Касса
id клиента: 156595321, Нал: -1480, Касса: 0, Эквайринг: 0, Перевод: 0, Расчетный_счет: 0, comment: Возврат AHA030039, office: Z6, Менеджер: Соловков Александр 👨‍💼 Z6
[2025-07-15 15:32:40] Операция: Обновление баланса клиента в таблице Клиенты
id Клиента: 156595321, Баланс_новый: 0
[2025-07-16 08:46:42] Операция: Внесение данных в таблицу Касса
id клиента: 4, Нал: -100000, Касса: 0, Эквайринг: 0, Перевод: 0, Расчетный_счет: 0, comment: К12-Р5, office: K12, Менеджер: Гришина Надежда 👩‍💼 K12
[2025-07-16 08:46:42] Операция: Обновление баланса клиента в таблице Клиенты
id Клиента: 4, Баланс_новый: -100000
[2025-07-16 11:00:51] Операция: Внесение данных в таблицу Касса
id клиента: 1, Нал: -1200, Касса: 0, Эквайринг: 0, Перевод: 0, Расчетный_счет: 0, comment: Кибиткин Денис, office: P7, Менеджер: Алпатова Оксана 👩‍💼 P7
[2025-07-16 11:00:51] Операция: Обновление баланса клиента в таблице Клиенты
id Клиента: 1, Баланс_новый: -3957000
[2025-07-16 11:01:09] Операция: Внесение данных в таблицу Касса
id клиента: 1, Нал: -10000, Касса: 0, Эквайринг: 0, Перевод: 0, Расчетный_счет: 0, comment: Емелин Антон, office: P7, Менеджер: Алпатова Оксана 👩‍💼 P7
[2025-07-16 11:01:09] Операция: Обновление баланса клиента в таблице Клиенты
id Клиента: 1, Баланс_новый: -3967000
[2025-07-16 11:16:09] Операция: Внесение данных в таблицу Касса
id клиента: 4, Нал: -150000, Касса: 0, Эквайринг: 0, Перевод: 0, Расчетный_счет: 0, comment: Z6-P7, office: Z6, Менеджер: Соловков Александр 👨‍💼 Z6
[2025-07-16 11:16:09] Операция: Обновление баланса клиента в таблице Клиенты
id Клиента: 4, Баланс_новый: -250000
[2025-07-16 11:31:03] Операция: Внесение данных в таблицу Касса
id клиента: 4, Нал: -528000, Касса: 0, Эквайринг: 0, Перевод: 0, Расчетный_счет: 0, comment:  P1-P7, office: P1, Менеджер: Бунчина Ирина 👩‍💼 P1
[2025-07-16 11:31:03] Операция: Обновление баланса клиента в таблице Клиенты
id Клиента: 4, Баланс_новый: -778000
[2025-07-16 11:50:41] Операция: Внесение данных в таблицу Касса
id клиента: 4, Нал: -150000, Касса: 0, Эквайринг: 0, Перевод: 0, Расчетный_счет: 0, comment: P2-P7, office: P2, Менеджер: Анискина Ольга 👩‍💼 P2
[2025-07-16 11:50:41] Операция: Обновление баланса клиента в таблице Клиенты
id Клиента: 4, Баланс_новый: -928000
[2025-07-16 12:25:54] Операция: Внесение данных в таблицу Касса
id клиента: 156594614, Нал: -778, Касса: 0, Эквайринг: 0, Перевод: 0, Расчетный_счет: 0, comment: 220801674, Возврат, office: P2, Менеджер: Анискина Ольга 👩‍💼 P2
[2025-07-16 12:25:54] Операция: Обновление баланса клиента в таблице Клиенты
id Клиента: 156594614, Баланс_новый: 0
[2025-07-16 12:39:20] Операция: Внесение данных в таблицу Касса
id клиента: 10, Нал: -538830, Касса: 0, Эквайринг: 0, Перевод: 0, Расчетный_счет: 0, comment: Наш друг (С) 👨, office: P7, Менеджер: Алпатова Оксана 👩‍💼 P7
[2025-07-16 12:39:20] Операция: Обновление баланса клиента в таблице Клиенты
id Клиента: 10, Баланс_новый: -92404080
[2025-07-16 18:35:23] Операция: Внесение данных в таблицу Касса
id клиента: 156517947, Нал: -1840, Касса: 0, Эквайринг: 0, Перевод: 0, Расчетный_счет: 0, comment: остаток 196905400, office: P1, Менеджер: Бунчина Ирина 👩‍💼 P1
[2025-07-16 18:35:23] Операция: Обновление баланса клиента в таблице Клиенты
id Клиента: 156517947, Баланс_новый: 3060
[2025-07-17 09:18:55] Операция: Внесение данных в таблицу Касса
id клиента: 1, Нал: -1200, Касса: 0, Эквайринг: 0, Перевод: 0, Расчетный_счет: 0, comment: Кибиткин Денис, office: P7, Менеджер: Алпатова Оксана 👩‍💼 P7
[2025-07-17 09:18:55] Операция: Обновление баланса клиента в таблице Клиенты
id Клиента: 1, Баланс_новый: -3968200
[2025-07-17 10:57:57] Операция: Внесение данных в таблицу Касса
id клиента: 1, Нал: -10000, Касса: 0, Эквайринг: 0, Перевод: 0, Расчетный_счет: 0, comment: Емелин Антон, office: P7, Менеджер: Алпатова Оксана 👩‍💼 P7
[2025-07-17 10:57:57] Операция: Обновление баланса клиента в таблице Клиенты
id Клиента: 1, Баланс_новый: -3978200
[2025-07-17 12:00:45] Операция: Внесение данных в таблицу Касса
id клиента: 156457381, Нал: -2090, Касса: 0, Эквайринг: 0, Перевод: 0, Расчетный_счет: 0, comment: Возврат 221732842, office: P5, Менеджер: Фролова Ирина 👩‍💼 P5
[2025-07-17 12:00:45] Операция: Обновление баланса клиента в таблице Клиенты
id Клиента: 156457381, Баланс_новый: -2090
[2025-07-17 12:58:46] Операция: Внесение данных в таблицу Касса
id клиента: 4, Нал: -600000, Касса: 0, Эквайринг: 0, Перевод: 0, Расчетный_счет: 0, comment: P7-P5, office: P7, Менеджер: Алпатова Оксана 👩‍💼 P7
[2025-07-17 12:58:46] Операция: Обновление баланса клиента в таблице Клиенты
id Клиента: 4, Баланс_новый: -600000
[2025-07-17 14:17:05] Операция: Внесение данных в таблицу Касса
id клиента: 157422339, Нал: 0, Касса: 0, Эквайринг: -1780, Перевод: 0, Расчетный_счет: 0, comment: 222125556  возврат позиции, office: P1, Менеджер: Бунчина Ирина 👩‍💼 P1
[2025-07-17 14:17:05] Операция: Обновление баланса клиента в таблице Клиенты
id Клиента: 157422339, Баланс_новый: 0
[2025-07-17 14:45:37] Операция: Внесение данных в таблицу Касса
id клиента: 156537852, Нал: -370, Касса: 0, Эквайринг: 0, Перевод: 0, Расчетный_счет: 0, comment: Чековая лента, office: S8, Менеджер: Гирчева Ольга 👩‍💼 S8
[2025-07-17 14:45:37] Операция: Обновление баланса клиента в таблице Клиенты
id Клиента: 156537852, Баланс_новый: -113552
[2025-07-17 14:57:13] Операция: Внесение данных в таблицу Касса
id клиента: 10, Нал: -1760000, Касса: 0, Эквайринг: 0, Перевод: 0, Расчетный_счет: 0, comment: Наш друг (К) 👩, office: P5, Менеджер: Фролова Ирина 👩‍💼 P5
[2025-07-17 14:57:13] Операция: Обновление баланса клиента в таблице Клиенты
id Клиента: 10, Баланс_новый: -94164080
[2025-07-18 09:14:39] Операция: Внесение данных в таблицу Касса
id клиента: 1, Нал: -1200, Касса: 0, Эквайринг: 0, Перевод: 0, Расчетный_счет: 0, comment: Кибиткин Денис, office: P7, Менеджер: Алпатова Оксана 👩‍💼 P7
[2025-07-18 09:14:39] Операция: Обновление баланса клиента в таблице Клиенты
id Клиента: 1, Баланс_новый: -3979400
[2025-07-18 09:17:25] Операция: Внесение данных в таблицу Касса
id клиента: 4, Нал: -546000, Касса: 0, Эквайринг: 0, Перевод: 0, Расчетный_счет: 0, comment: S4-P5, office: S4, Менеджер: Занчев Олег 👨‍💼 S4
[2025-07-18 09:17:25] Операция: Обновление баланса клиента в таблице Клиенты
id Клиента: 4, Баланс_новый: -546000
[2025-07-18 09:18:04] Операция: Внесение данных в таблицу Касса
id клиента: 1, Нал: -300, Касса: 0, Эквайринг: 0, Перевод: 0, Расчетный_счет: 0, comment: Инкассация, office: S4, Менеджер: Занчев Олег 👨‍💼 S4
[2025-07-18 09:18:04] Операция: Обновление баланса клиента в таблице Клиенты
id Клиента: 1, Баланс_новый: -3979700
[2025-07-18 09:20:23] Операция: Внесение данных в таблицу Касса
id клиента: 1, Нал: -10800, Касса: 0, Эквайринг: 0, Перевод: 0, Расчетный_счет: 0, comment: Доставка Саранск, office: P5, Менеджер: Фролова Ирина 👩‍💼 P5
[2025-07-18 09:20:23] Операция: Обновление баланса клиента в таблице Клиенты
id Клиента: 1, Баланс_новый: -3990500
[2025-07-18 10:14:35] Операция: Внесение данных в таблицу Касса
id клиента: 3, Нал: -12000, Касса: 0, Эквайринг: 0, Перевод: 0, Расчетный_счет: 0, comment: Бессоновка(июль), office: P11, Менеджер: Голубева Мария 👩‍💼 P11
[2025-07-18 10:14:35] Операция: Обновление баланса клиента в таблице Клиенты
id Клиента: 3, Баланс_новый: -271000
[2025-07-18 10:42:50] Операция: Внесение данных в таблицу Касса
id клиента: 4, Нал: -300000, Касса: 0, Эквайринг: 0, Перевод: 0, Расчетный_счет: 0, comment: Z6-P7, office: Z6, Менеджер: Соловков Александр 👨‍💼 Z6
[2025-07-18 10:42:50] Операция: Обновление баланса клиента в таблице Клиенты
id Клиента: 4, Баланс_новый: -846000
[2025-07-18 12:24:01] Операция: Внесение данных в таблицу Касса
id клиента: 4, Нал: -635000, Касса: 0, Эквайринг: 0, Перевод: 0, Расчетный_счет: 0, comment: S8->P5, office: S8, Менеджер: Гирчева Ольга 👩‍💼 S8
[2025-07-18 12:24:01] Операция: Обновление баланса клиента в таблице Клиенты
id Клиента: 4, Баланс_новый: -1481000
[2025-07-18 12:53:31] Операция: Внесение данных в таблицу Касса
id клиента: 1, Нал: -10000, Касса: 0, Эквайринг: 0, Перевод: 0, Расчетный_счет: 0, comment: Емелин Антон, office: P7, Менеджер: Алпатова Оксана 👩‍💼 P7
[2025-07-18 12:53:31] Операция: Обновление баланса клиента в таблице Клиенты
id Клиента: 1, Баланс_новый: -4000500
[2025-07-18 12:59:09] Операция: Внесение данных в таблицу Касса
id клиента: 1683676, Нал: -3760, Касса: 0, Эквайринг: 0, Перевод: 0, Расчетный_счет: 0, comment: Поставщик OS, office: S8, Менеджер: Гирчева Ольга 👩‍💼 S8
[2025-07-18 12:59:09] Операция: Обновление баланса клиента в таблице Клиенты
id Клиента: 1683676, Баланс_новый: -158980
[2025-07-18 12:59:48] Операция: Внесение данных в таблицу Касса
id клиента: 1683676, Нал: -1880, Касса: 0, Эквайринг: 0, Перевод: 0, Расчетный_счет: 0, comment: Поставщик OS, office: S8, Менеджер: Гирчева Ольга 👩‍💼 S8
[2025-07-18 12:59:48] Операция: Обновление баланса клиента в таблице Клиенты
id Клиента: 1683676, Баланс_новый: -160860
[2025-07-18 13:47:43] Операция: Внесение данных в таблицу Касса
id клиента: 1, Нал: -18000, Касса: 0, Эквайринг: 0, Перевод: 0, Расчетный_счет: 0, comment: Юркалов Дмитрий Р5, office: P5, Менеджер: Фролова Ирина 👩‍💼 P5
[2025-07-18 13:47:43] Операция: Обновление баланса клиента в таблице Клиенты
id Клиента: 1, Баланс_новый: -4018500
[2025-07-18 16:04:54] Операция: Внесение данных в таблицу Касса
id клиента: 7, Нал: -232, Касса: 0, Эквайринг: 0, Перевод: 0, Расчетный_счет: 0, comment: За июнь 2025 г., office: P5, Менеджер: Фролова Ирина 👩‍💼 P5
[2025-07-18 16:04:54] Операция: Обновление баланса клиента в таблице Клиенты
id Клиента: 7, Баланс_новый: -141170
[2025-07-18 18:14:25] Операция: Внесение данных в таблицу Касса
id клиента: 157412066, Нал: 0, Касса: 0, Эквайринг: -1600, Перевод: 0, Расчетный_счет: 0, comment: Возврат - 221784457, office: P5, Менеджер: Фролова Ирина 👩‍💼 P5
[2025-07-18 18:14:25] Операция: Обновление баланса клиента в таблице Клиенты
id Клиента: 157412066, Баланс_новый: -1600
[2025-07-19 09:14:12] Операция: Внесение данных в таблицу Касса
id клиента: 4, Нал: -100000, Касса: 0, Эквайринг: 0, Перевод: 0, Расчетный_счет: 0, comment: К12-Р5, office: K12, Менеджер: Гришина Надежда 👩‍💼 K12
[2025-07-19 09:14:12] Операция: Обновление баланса клиента в таблице Клиенты
id Клиента: 4, Баланс_новый: -1281000
[2025-07-19 10:18:03] Операция: Внесение данных в таблицу kassa
id клиента: 1, Нал: -14400, Касса: 0, Эквайринг: 0, Перевод: 0, Расчетный_счет: 0, comment: Доставка OS, office: S8, Менеджер: Гирчев Роман 👨‍💼 (Админ)
[2025-07-19 10:18:03] Операция: Обновление баланса клиента в таблице users
id Клиента: 1, Баланс_новый: -4032900, Баланс_старый: -4018500
[2025-07-19 11:14:31] Операция: Внесение данных в таблицу Касса
id клиента: 156537852, Нал: -200, Касса: 0, Эквайринг: 0, Перевод: 0, Расчетный_счет: 0, comment: т/бумага, office: P1, Менеджер: Максимкина Татьяна 👩‍💼 P1
[2025-07-19 11:14:31] Операция: Обновление баланса клиента в таблице Клиенты
id Клиента: 156537852, Баланс_новый: -113752
[2025-07-19 14:33:01] Операция: Внесение данных в таблицу Касса
id клиента: 1, Нал: -12000, Касса: 0, Эквайринг: 0, Перевод: 0, Расчетный_счет: 0, comment: Соловков Александр, office: Z6, Менеджер: Соловков Александр 👨‍💼 Z6
[2025-07-19 14:33:01] Операция: Обновление баланса клиента в таблице Клиенты
id Клиента: 1, Баланс_новый: -4044900
[2025-07-19 14:49:16] Операция: Внесение данных в таблицу Касса
id клиента: 157276584, Нал: -5150, Касса: 0, Эквайринг: 0, Перевод: 0, Расчетный_счет: 0, comment: 222620478(возврат), office: P1, Менеджер: Максимкина Татьяна 👩‍💼 P1
[2025-07-19 14:49:16] Операция: Обновление баланса клиента в таблице Клиенты
id Клиента: 157276584, Баланс_новый: 0
[2025-07-21 09:16:59] Операция: Внесение данных в таблицу Касса
id клиента: 1, Нал: -1200, Касса: 0, Эквайринг: 0, Перевод: 0, Расчетный_счет: 0, comment: Кибиткин Денис, office: P7, Менеджер: Алпатова Оксана 👩‍💼 P7
[2025-07-21 09:16:59] Операция: Обновление баланса клиента в таблице Клиенты
id Клиента: 1, Баланс_новый: -4046100
[2025-07-21 09:41:25] Операция: Внесение данных в таблицу Касса
id клиента: 1, Нал: -20000, Касса: 0, Эквайринг: 0, Перевод: 0, Расчетный_счет: 0, comment: Ежов Дмитрий, office: P7, Менеджер: Алпатова Оксана 👩‍💼 P7
[2025-07-21 09:41:25] Операция: Обновление баланса клиента в таблице Клиенты
id Клиента: 1, Баланс_новый: -4066100
[2025-07-21 10:38:06] Операция: Внесение данных в таблицу Касса
id клиента: 4, Нал: -350000, Касса: 0, Эквайринг: 0, Перевод: 0, Расчетный_счет: 0, comment: Z6-P7, office: Z6, Менеджер: Соловков Александр 👨‍💼 Z6
[2025-07-21 10:38:06] Операция: Обновление баланса клиента в таблице Клиенты
id Клиента: 4, Баланс_новый: -350000
[2025-07-21 11:46:01] Операция: Внесение данных в таблицу Касса
id клиента: 10, Нал: -1760000, Касса: 0, Эквайринг: 0, Перевод: 0, Расчетный_счет: 0, comment: Наш друг (К) 👩, office: P5, Менеджер: Фролова Ирина 👩‍💼 P5
[2025-07-21 11:46:01] Операция: Обновление баланса клиента в таблице Клиенты
id Клиента: 10, Баланс_новый: -95924080
[2025-07-21 11:57:44] Операция: Внесение данных в таблицу Касса
id клиента: 156537852, Нал: -250, Касса: 0, Эквайринг: 0, Перевод: 0, Расчетный_счет: 0, comment: Доставка воды, office: S8, Менеджер: Гирчева Ольга 👩‍💼 S8
[2025-07-21 11:57:44] Операция: Обновление баланса клиента в таблице Клиенты
id Клиента: 156537852, Баланс_новый: -114002
[2025-07-21 12:44:30] Операция: Внесение данных в таблицу Касса
id клиента: 1, Нал: -10000, Касса: 0, Эквайринг: 0, Перевод: 0, Расчетный_счет: 0, comment: Емелин Антон, office: P7, Менеджер: Алпатова Оксана 👩‍💼 P7
[2025-07-21 12:44:30] Операция: Обновление баланса клиента в таблице Клиенты
id Клиента: 1, Баланс_новый: -4076100
[2025-07-21 13:15:12] Операция: Внесение данных в таблицу Касса
id клиента: 156945286, Нал: 0, Касса: 0, Эквайринг: -8856, Перевод: 0, Расчетный_счет: 0, comment: 222673631, Возврат, office: P2, Менеджер: Анискина Ольга 👩‍💼 P2
[2025-07-21 13:15:12] Операция: Обновление баланса клиента в таблице Клиенты
id Клиента: 156945286, Баланс_новый: 0
[2025-07-21 14:33:03] Операция: Внесение данных в таблицу Касса
id клиента: 1, Нал: -17500, Касса: 0, Эквайринг: 0, Перевод: 0, Расчетный_счет: 0, comment: Дасаев Ринат, office: P7, Менеджер: Алпатова Оксана 👩‍💼 P7
[2025-07-21 14:33:03] Операция: Обновление баланса клиента в таблице Клиенты
id Клиента: 1, Баланс_новый: -4093600
[2025-07-21 15:38:02] Операция: Внесение данных в таблицу Касса
id клиента: 157145007, Нал: 0, Касса: 0, Эквайринг: -22700, Перевод: 0, Расчетный_счет: 0, comment: 222027908, Возврат, office: P2, Менеджер: Анискина Ольга 👩‍💼 P2
[2025-07-21 15:38:02] Операция: Обновление баланса клиента в таблице Клиенты
id Клиента: 157145007, Баланс_новый: 0
[2025-07-21 16:54:54] Операция: Внесение данных в таблицу Касса
id клиента: 156473136, Нал: 0, Касса: 0, Эквайринг: -2900, Перевод: 0, Расчетный_счет: 0, comment: Возврат 220718192, office: P5, Менеджер: Фролова Ирина 👩‍💼 P5
[2025-07-21 16:54:54] Операция: Обновление баланса клиента в таблице Клиенты
id Клиента: 156473136, Баланс_новый: -1860
[2025-07-21 18:00:53] Операция: Внесение данных в таблицу Касса
id клиента: 1, Нал: -1500, Касса: 0, Эквайринг: 0, Перевод: 0, Расчетный_счет: 0, comment: Водитель Сергей, office: S8, Менеджер: Гирчева Ольга 👩‍💼 S8
[2025-07-21 18:00:53] Операция: Обновление баланса клиента в таблице Клиенты
id Клиента: 1, Баланс_новый: -4095100
[2025-07-22 09:19:07] Операция: Внесение данных в таблицу Касса
id клиента: 1, Нал: -1200, Касса: 0, Эквайринг: 0, Перевод: 0, Расчетный_счет: 0, comment: Кибиткин Денис, office: P7, Менеджер: Алпатова Оксана 👩‍💼 P7
[2025-07-22 09:19:07] Операция: Обновление баланса клиента в таблице Клиенты
id Клиента: 1, Баланс_новый: -4096300
[2025-07-22 11:00:54] Операция: Внесение данных в таблицу Касса
id клиента: 1, Нал: -10000, Касса: 0, Эквайринг: 0, Перевод: 0, Расчетный_счет: 0, comment: Емелин Антон, office: P7, Менеджер: Алпатова Оксана 👩‍💼 P7
[2025-07-22 11:00:54] Операция: Обновление баланса клиента в таблице Клиенты
id Клиента: 1, Баланс_новый: -4106300
[2025-07-22 14:13:36] Операция: Внесение данных в таблицу Касса
id клиента: 156537852, Нал: -485, Касса: 0, Эквайринг: 0, Перевод: 0, Расчетный_счет: 0, comment: Термоэтикетки, office: S8, Менеджер: Гирчева Ольга 👩‍💼 S8
[2025-07-22 14:13:36] Операция: Обновление баланса клиента в таблице Клиенты
id Клиента: 156537852, Баланс_новый: -114487
[2025-07-22 14:28:49] Операция: Внесение данных в таблицу Касса
id клиента: 156751743, Нал: 0, Касса: 0, Эквайринг: -3700, Перевод: 0, Расчетный_счет: 0, comment: 222950848, office: P1, Менеджер: Бунчина Ирина 👩‍💼 P1
[2025-07-22 14:28:49] Операция: Обновление баланса клиента в таблице Клиенты
id Клиента: 156751743, Баланс_новый: 0
[2025-07-22 17:51:09] Операция: Внесение данных в таблицу Касса
id клиента: 156668789, Нал: 0, Касса: 0, Эквайринг: -1638, Перевод: 0, Расчетный_счет: 0, comment: 220911719, Возврат, office: P2, Менеджер: Анискина Ольга 👩‍💼 P2
[2025-07-22 17:51:09] Операция: Обновление баланса клиента в таблице Клиенты
id Клиента: 156668789, Баланс_новый: 0
[2025-07-23 10:07:18] Операция: Внесение данных в таблицу Касса
id клиента: 1, Нал: -1200, Касса: 0, Эквайринг: 0, Перевод: 0, Расчетный_счет: 0, comment: Кибиткин Денис, office: P7, Менеджер: Алпатова Оксана 👩‍💼 P7
[2025-07-23 10:07:18] Операция: Обновление баланса клиента в таблице Клиенты
id Клиента: 1, Баланс_новый: -4107500
[2025-07-23 11:16:09] Операция: Внесение данных в таблицу Касса
id клиента: 4, Нал: -100000, Касса: 0, Эквайринг: 0, Перевод: 0, Расчетный_счет: 0, comment: Z6-P7, office: Z6, Менеджер: Соловков Александр 👨‍💼 Z6
[2025-07-23 11:16:09] Операция: Обновление баланса клиента в таблице Клиенты
id Клиента: 4, Баланс_новый: -100000
[2025-07-23 13:05:33] Операция: Внесение данных в таблицу Касса
id клиента: 1, Нал: -10000, Касса: 0, Эквайринг: 0, Перевод: 0, Расчетный_счет: 0, comment: Емелин Антон, office: P7, Менеджер: Алпатова Оксана 👩‍💼 P7
[2025-07-23 13:05:33] Операция: Обновление баланса клиента в таблице Клиенты
id Клиента: 1, Баланс_новый: -4117500
[2025-07-23 14:28:17] Операция: Внесение данных в таблицу kassa
id клиента: 1683676, Нал: -1880, Касса: 0, Эквайринг: 0, Перевод: 0, Расчетный_счет: 0, comment: Поставщик OS, office: S8, Менеджер: Гирчев Роман 👨‍💼 (Админ)
[2025-07-23 14:28:17] Операция: Обновление баланса клиента в таблице users
id Клиента: 1683676, Баланс_новый: -162740, Баланс_старый: -160860
[2025-07-23 14:37:22] Операция: Внесение данных в таблицу Касса
id клиента: 156537794, Нал: -5500, Касса: 0, Эквайринг: 0, Перевод: 0, Расчетный_счет: 0, comment: 220878751(возврат), office: P1, Менеджер: Максимкина Татьяна 👩‍💼 P1
[2025-07-23 14:37:22] Операция: Обновление баланса клиента в таблице Клиенты
id Клиента: 156537794, Баланс_новый: 0
[2025-07-24 09:11:03] Операция: Внесение данных в таблицу Касса
id клиента: 1, Нал: -1200, Касса: 0, Эквайринг: 0, Перевод: 0, Расчетный_счет: 0, comment: Кибиткин Денис, office: P7, Менеджер: Алпатова Оксана 👩‍💼 P7
[2025-07-24 09:11:03] Операция: Обновление баланса клиента в таблице Клиенты
id Клиента: 1, Баланс_новый: -4118700
[2025-07-24 11:14:32] Операция: Внесение данных в таблицу Касса
id клиента: 156676491, Нал: -1195, Касса: 0, Эквайринг: 0, Перевод: 0, Расчетный_счет: 0, comment: 222671829, Возврат, office: P2, Менеджер: Анискина Ольга 👩‍💼 P2
[2025-07-24 11:14:32] Операция: Обновление баланса клиента в таблице Клиенты
id Клиента: 156676491, Баланс_новый: 0
[2025-07-24 11:50:24] Операция: Внесение данных в таблицу Касса
id клиента: 1, Нал: -10000, Касса: 0, Эквайринг: 0, Перевод: 0, Расчетный_счет: 0, comment: Емелин Антон, office: P7, Менеджер: Алпатова Оксана 👩‍💼 P7
[2025-07-24 11:50:24] Операция: Обновление баланса клиента в таблице Клиенты
id Клиента: 1, Баланс_новый: -4128700
[2025-07-24 13:34:55] Операция: Внесение данных в таблицу Касса
id клиента: 4, Нал: -600000, Касса: 0, Эквайринг: 0, Перевод: 0, Расчетный_счет: 0, comment: P7-P5, office: P7, Менеджер: Алпатова Оксана 👩‍💼 P7
[2025-07-24 13:34:55] Операция: Обновление баланса клиента в таблице Клиенты
id Клиента: 4, Баланс_новый: -600000
[2025-07-24 14:42:40] Операция: Внесение данных в таблицу Касса
id клиента: 156539223, Нал: -840, Касса: 0, Эквайринг: 0, Перевод: 0, Расчетный_счет: 0, comment: 223359946, office: P1, Менеджер: Максимкина Татьяна 👩‍💼 P1
[2025-07-24 14:42:40] Операция: Обновление баланса клиента в таблице Клиенты
id Клиента: 156539223, Баланс_новый: 0
[2025-07-24 14:45:41] Операция: Внесение данных в таблицу Касса
id клиента: 10, Нал: -1760000, Касса: 0, Эквайринг: 0, Перевод: 0, Расчетный_счет: 0, comment: Наш друг (К) 👩, office: P5, Менеджер: Фролова Ирина 👩‍💼 P5
[2025-07-24 14:45:41] Операция: Обновление баланса клиента в таблице Клиенты
id Клиента: 10, Баланс_новый: -97684080
[2025-07-25 09:19:44] Операция: Внесение данных в таблицу Касса
id клиента: 1, Нал: -1200, Касса: 0, Эквайринг: 0, Перевод: 0, Расчетный_счет: 0, comment: Кибиткин Денис, office: P7, Менеджер: Алпатова Оксана 👩‍💼 P7
[2025-07-25 09:19:44] Операция: Обновление баланса клиента в таблице Клиенты
id Клиента: 1, Баланс_новый: -4129900
[2025-07-25 10:10:47] Операция: Внесение данных в таблицу Касса
id клиента: 4, Нал: -350000, Касса: 0, Эквайринг: 0, Перевод: 0, Расчетный_счет: 0, comment: Z6-P7, office: Z6, Менеджер: Соловков Александр 👨‍💼 Z6
[2025-07-25 10:10:47] Операция: Обновление баланса клиента в таблице Клиенты
id Клиента: 4, Баланс_новый: -350000
[2025-07-25 10:13:46] Операция: Внесение данных в таблицу Касса
id клиента: 9, Нал: -2000, Касса: 0, Эквайринг: 0, Перевод: 0, Расчетный_счет: 0, comment: , office: S4, Менеджер: Занчев Олег 👨‍💼 S4
[2025-07-25 10:13:46] Операция: Обновление баланса клиента в таблице Клиенты
id Клиента: 9, Баланс_новый: -217420
[2025-07-25 10:30:38] Операция: Внесение данных в таблицу Касса
id клиента: 4, Нал: -449000, Касса: 0, Эквайринг: 0, Перевод: 0, Расчетный_счет: 0, comment: S4-P5, office: S4, Менеджер: Занчев Олег 👨‍💼 S4
[2025-07-25 10:30:38] Операция: Обновление баланса клиента в таблице Клиенты
id Клиента: 4, Баланс_новый: -799000
[2025-07-25 10:33:20] Операция: Внесение данных в таблицу Касса
id клиента: 1, Нал: -300, Касса: 0, Эквайринг: 0, Перевод: 0, Расчетный_счет: 0, comment: Инкассация, office: S4, Менеджер: Занчев Олег 👨‍💼 S4
[2025-07-25 10:33:20] Операция: Обновление баланса клиента в таблице Клиенты
id Клиента: 1, Баланс_новый: -4130200
[2025-07-25 11:09:54] Операция: Внесение данных в таблицу Касса
id клиента: 1, Нал: -10000, Касса: 0, Эквайринг: 0, Перевод: 0, Расчетный_счет: 0, comment: Емелин Антон, office: P7, Менеджер: Алпатова Оксана 👩‍💼 P7
[2025-07-25 11:09:54] Операция: Обновление баланса клиента в таблице Клиенты
id Клиента: 1, Баланс_новый: -4140200
[2025-07-25 11:34:46] Операция: Внесение данных в таблицу Касса
id клиента: 4, Нал: -600000, Касса: 0, Эквайринг: 0, Перевод: 0, Расчетный_счет: 0, comment: S8->P5, office: S8, Менеджер: Гирчева Ольга 👩‍💼 S8
[2025-07-25 11:34:46] Операция: Обновление баланса клиента в таблице Клиенты
id Клиента: 4, Баланс_новый: -1399000
[2025-07-25 13:34:24] Операция: Внесение данных в таблицу Касса
id клиента: 1683676, Нал: -1880, Касса: 0, Эквайринг: 0, Перевод: 0, Расчетный_счет: 0, comment: Поставщик OS, office: S8, Менеджер: Гирчева Ольга 👩‍💼 S8
[2025-07-25 13:34:24] Операция: Обновление баланса клиента в таблице Клиенты
id Клиента: 1683676, Баланс_новый: -164620
[2025-07-25 15:18:26] Операция: Внесение данных в таблицу Касса
id клиента: 1, Нал: -18000, Касса: 0, Эквайринг: 0, Перевод: 0, Расчетный_счет: 0, comment: Юркалов Дмитрий Р5, office: P5, Менеджер: Фролова Ирина 👩‍💼 P5
[2025-07-25 15:18:26] Операция: Обновление баланса клиента в таблице Клиенты
id Клиента: 1, Баланс_новый: -4158200
[2025-07-25 16:42:26] Операция: Внесение данных в таблицу Касса
id клиента: 4, Нал: -170000, Касса: 0, Эквайринг: 0, Перевод: 0, Расчетный_счет: 0, comment: P2-P7, office: P2, Менеджер: Анискина Ольга 👩‍💼 P2
[2025-07-25 16:42:26] Операция: Обновление баланса клиента в таблице Клиенты
id Клиента: 4, Баланс_новый: -1219000
[2025-07-25 16:50:55] Операция: Внесение данных в таблицу Касса
id клиента: 156537852, Нал: -800, Касса: 0, Эквайринг: 0, Перевод: 0, Расчетный_счет: 0, comment: ( чист.ср-ва.туал.бумага.канц товары), office: K12, Менеджер: Гришина Надежда 👩‍💼 K12
[2025-07-25 16:50:55] Операция: Обновление баланса клиента в таблице Клиенты
id Клиента: 156537852, Баланс_новый: -115287
[2025-07-26 10:18:28] Операция: Внесение данных в таблицу kassa
id клиента: 1, Нал: -1500, Касса: 0, Эквайринг: 0, Перевод: 0, Расчетный_счет: 0, comment: Водитель Сергей, office: S8, Менеджер: Гирчев Роман 👨‍💼 (Админ)
[2025-07-26 10:18:28] Операция: Обновление баланса клиента в таблице users
id Клиента: 1, Баланс_новый: -4159700, Баланс_старый: -4158200
[2025-07-26 10:19:03] Операция: Внесение данных в таблицу kassa
id клиента: 1, Нал: -14400, Касса: 0, Эквайринг: 0, Перевод: 0, Расчетный_счет: 0, comment: Доставка OS, office: S8, Менеджер: Гирчев Роман 👨‍💼 (Админ)
[2025-07-26 10:19:03] Операция: Обновление баланса клиента в таблице users
id Клиента: 1, Баланс_новый: -4174100, Баланс_старый: -4159700
[2025-07-26 10:22:09] Операция: Внесение данных в таблицу Касса
id клиента: 1, Нал: -8500, Касса: 0, Эквайринг: 0, Перевод: 0, Расчетный_счет: 0, comment: Доставка Саранск+Исса, office: P5, Менеджер: Фролова Ирина 👩‍💼 P5
[2025-07-26 10:22:09] Операция: Обновление баланса клиента в таблице Клиенты
id Клиента: 1, Баланс_новый: -4182600
[2025-07-26 11:29:42] Операция: Внесение данных в таблицу Касса
id клиента: 157403997, Нал: 0, Касса: 0, Эквайринг: -4340, Перевод: 0, Расчетный_счет: 0, comment: возврат VAG
06A121065DP, office: P2, Менеджер: Анискина Ольга 👩‍💼 P2
[2025-07-26 11:29:42] Операция: Обновление баланса клиента в таблице Клиенты
id Клиента: 157403997, Баланс_новый: -4340
[2025-07-26 12:07:26] Операция: Внесение данных в таблицу Касса
id клиента: 10, Нал: -1760000, Касса: 0, Эквайринг: 0, Перевод: 0, Расчетный_счет: 0, comment: Наш друг (К), office: P5, Менеджер: Фролова Ирина 👩‍💼 P5
[2025-07-26 12:07:26] Операция: Обновление баланса клиента в таблице Клиенты
id Клиента: 10, Баланс_новый: -99444080
[2025-07-26 13:29:37] Операция: Внесение данных в таблицу kassa
id клиента: 155563609, Нал: -1680, Касса: 0, Эквайринг: 0, Перевод: 0, Расчетный_счет: 0, comment: 222739457, office: S8, Менеджер: Гирчев Роман 👨‍💼 (Админ)
[2025-07-26 13:29:37] Операция: Обновление баланса клиента в таблице users
id Клиента: 155563609, Баланс_новый: -1680, Баланс_старый: 0
[2025-07-26 14:18:55] Операция: Внесение данных в таблицу Касса
id клиента: 1, Нал: -12000, Касса: 0, Эквайринг: 0, Перевод: 0, Расчетный_счет: 0, comment: Соловков Александр, office: Z6, Менеджер: Соловков Александр 👨‍💼 Z6
[2025-07-26 14:18:55] Операция: Обновление баланса клиента в таблице Клиенты
id Клиента: 1, Баланс_новый: -4194600
[2025-07-26 15:44:03] Операция: Внесение данных в таблицу Касса
id клиента: 156919799, Нал: 0, Касса: 0, Эквайринг: -1600, Перевод: 0, Расчетный_счет: 0, comment: 223333030, office: P1, Менеджер: Бунчина Ирина 👩‍💼 P1
[2025-07-26 15:44:03] Операция: Обновление баланса клиента в таблице Клиенты
id Клиента: 156919799, Баланс_новый: 0
[2025-07-28 08:53:56] Операция: Внесение данных в таблицу Касса
id клиента: 1, Нал: -20000, Касса: 0, Эквайринг: 0, Перевод: 0, Расчетный_счет: 0, comment: Ежов Дмитрий, office: P7, Менеджер: Алпатова Оксана 👩‍💼 P7
[2025-07-28 08:53:56] Операция: Обновление баланса клиента в таблице Клиенты
id Клиента: 1, Баланс_новый: -4214600
[2025-07-28 09:07:31] Операция: Внесение данных в таблицу Касса
id клиента: 1, Нал: -1200, Касса: 0, Эквайринг: 0, Перевод: 0, Расчетный_счет: 0, comment: Кибиткин Денис, office: P7, Менеджер: Алпатова Оксана 👩‍💼 P7
[2025-07-28 09:07:31] Операция: Обновление баланса клиента в таблице Клиенты
id Клиента: 1, Баланс_новый: -4215800
[2025-07-28 10:45:06] Операция: Внесение данных в таблицу Касса
id клиента: 4, Нал: -150000, Касса: 0, Эквайринг: 0, Перевод: 0, Расчетный_счет: 0, comment: Z6-P7, office: Z6, Менеджер: Соловков Александр 👨‍💼 Z6
[2025-07-28 10:45:06] Операция: Обновление баланса клиента в таблице Клиенты
id Клиента: 4, Баланс_новый: -150000
[2025-07-28 11:03:50] Операция: Внесение данных в таблицу Касса
id клиента: 1, Нал: -10000, Касса: 0, Эквайринг: 0, Перевод: 0, Расчетный_счет: 0, comment: Емелин Антон, office: P7, Менеджер: Алпатова Оксана 👩‍💼 P7
[2025-07-28 11:03:50] Операция: Обновление баланса клиента в таблице Клиенты
id Клиента: 1, Баланс_новый: -4225800
[2025-07-28 11:31:28] Операция: Внесение данных в таблицу Касса
id клиента: 1683676, Нал: -1880, Касса: 0, Эквайринг: 0, Перевод: 0, Расчетный_счет: 0, comment: Поставщик OS, office: S8, Менеджер: Гирчева Ольга 👩‍💼 S8
[2025-07-28 11:31:28] Операция: Обновление баланса клиента в таблице Клиенты
id Клиента: 1683676, Баланс_новый: -166500
[2025-07-28 13:44:29] Операция: Внесение данных в таблицу Касса
id клиента: 1, Нал: -17500, Касса: 0, Эквайринг: 0, Перевод: 0, Расчетный_счет: 0, comment: Дасаев Ринат, office: P7, Менеджер: Алпатова Оксана 👩‍💼 P7
[2025-07-28 13:44:29] Операция: Обновление баланса клиента в таблице Клиенты
id Клиента: 1, Баланс_новый: -4243300
[2025-07-28 14:56:01] Операция: Внесение данных в таблицу kassa
id клиента: 155570057, Нал: 0, Касса: -3800, Эквайринг: 0, Перевод: 0, Расчетный_счет: 0, comment: 223592373, office: S8, Менеджер: Гирчев Роман 👨‍💼 (Админ)
[2025-07-28 14:56:01] Операция: Обновление баланса клиента в таблице users
id Клиента: 155570057, Баланс_новый: -3800, Баланс_старый: 0
[2025-07-28 16:43:03] Операция: Внесение данных в таблицу Касса
id клиента: 7, Нал: -6350, Касса: 0, Эквайринг: 0, Перевод: 0, Расчетный_счет: 0, comment: Резепов Рамиль 06/2025, office: P1, Менеджер: Максимкина Татьяна 👩‍💼 P1
[2025-07-28 16:43:03] Операция: Обновление баланса клиента в таблице Клиенты
id Клиента: 7, Баланс_новый: -147520
[2025-07-28 18:28:11] Операция: Внесение данных в таблицу Касса
id клиента: 156529876, Нал: -905, Касса: 0, Эквайринг: 0, Перевод: 0, Расчетный_счет: 0, comment: 222704361, office: P2, Менеджер: Анискина Ольга 👩‍💼 P2
[2025-07-28 18:28:11] Операция: Обновление баланса клиента в таблице Клиенты
id Клиента: 156529876, Баланс_новый: 0
[2025-07-29 08:47:44] Операция: Внесение данных в таблицу Касса
id клиента: 156537852, Нал: -500, Касса: 0, Эквайринг: 0, Перевод: 0, Расчетный_счет: 0, comment: Пакеты для мусора, office: P7, Менеджер: Алпатова Оксана 👩‍💼 P7
[2025-07-29 08:47:44] Операция: Обновление баланса клиента в таблице Клиенты
id Клиента: 156537852, Баланс_новый: -115787
[2025-07-29 09:27:36] Операция: Внесение данных в таблицу Касса
id клиента: 157425837, Нал: -2475, Касса: 0, Эквайринг: 0, Перевод: 0, Расчетный_счет: 0, comment: report_20250725_174751, office: K12, Менеджер: Гришина Надежда 👩‍💼 K12
[2025-07-29 09:27:36] Операция: Обновление баланса клиента в таблице Клиенты
id Клиента: 157425837, Баланс_новый: -1767
[2025-07-29 10:35:01] Операция: Внесение данных в таблицу Касса
id клиента: 1, Нал: -1200, Касса: 0, Эквайринг: 0, Перевод: 0, Расчетный_счет: 0, comment: Кибиткин Денис, office: P7, Менеджер: Алпатова Оксана 👩‍💼 P7
[2025-07-29 10:35:01] Операция: Обновление баланса клиента в таблице Клиенты
id Клиента: 1, Баланс_новый: -4244500
[2025-07-29 10:51:41] Операция: Внесение данных в таблицу Касса
id клиента: 1, Нал: -10000, Касса: 0, Эквайринг: 0, Перевод: 0, Расчетный_счет: 0, comment: Емелин Антон, office: P7, Менеджер: Алпатова Оксана 👩‍💼 P7
[2025-07-29 10:51:41] Операция: Обновление баланса клиента в таблице Клиенты
id Клиента: 1, Баланс_новый: -4254500
[2025-07-29 11:06:01] Операция: Внесение данных в таблицу Касса
id клиента: 156537852, Нал: -500, Касса: 0, Эквайринг: 0, Перевод: 0, Расчетный_счет: 0, comment: Ёршик д/туалета,бумажные полотенца, office: P11, Менеджер: Голубева Мария 👩‍💼 P11
[2025-07-29 11:06:01] Операция: Обновление баланса клиента в таблице Клиенты
id Клиента: 156537852, Баланс_новый: -116287
[2025-07-29 11:41:05] Операция: Внесение данных в таблицу Касса
id клиента: 156626155, Нал: 0, Касса: 0, Эквайринг: -750, Перевод: 0, Расчетный_счет: 0, comment: 218546397, office: P11, Менеджер: Голубева Мария 👩‍💼 P11
[2025-07-29 11:41:05] Операция: Обновление баланса клиента в таблице Клиенты
id Клиента: 156626155, Баланс_новый: 0
[2025-07-29 13:50:39] Операция: Внесение данных в таблицу Касса
id клиента: 156537852, Нал: -120, Касса: 0, Эквайринг: 0, Перевод: 0, Расчетный_счет: 0, comment: Малков, салфетки, office: P5, Менеджер: Фролова Ирина 👩‍💼 P5
[2025-07-29 13:50:39] Операция: Обновление баланса клиента в таблице Клиенты
id Клиента: 156537852, Баланс_новый: -116407
[2025-07-29 17:56:36] Операция: Внесение данных в таблицу Касса
id клиента: 7, Нал: -1000, Касса: 0, Эквайринг: 0, Перевод: 0, Расчетный_счет: 0, comment: Коммуналка силикатная за свет, office: P1, Менеджер: Максимкина Татьяна 👩‍💼 P1
[2025-07-29 17:56:36] Операция: Обновление баланса клиента в таблице Клиенты
id Клиента: 7, Баланс_новый: -148520
[2025-07-29 18:23:03] Операция: Внесение данных в таблицу Касса
id клиента: 157451693, Нал: 0, Касса: 0, Эквайринг: -1300, Перевод: 0, Расчетный_счет: 0, comment: 223148927, office: P5, Менеджер: Фролова Ирина 👩‍💼 P5
[2025-07-29 18:23:03] Операция: Обновление баланса клиента в таблице Клиенты
id Клиента: 157451693, Баланс_новый: 0
[2025-07-30 09:06:19] Операция: Внесение данных в таблицу Касса
id клиента: 4, Нал: -200000, Касса: 0, Эквайринг: 0, Перевод: 0, Расчетный_счет: 0, comment: К12-Р5, office: K12, Менеджер: Гришина Надежда 👩‍💼 K12
[2025-07-30 09:06:19] Операция: Обновление баланса клиента в таблице Клиенты
id Клиента: 4, Баланс_новый: -200000
[2025-07-30 09:32:33] Операция: Внесение данных в таблицу Касса
id клиента: 1, Нал: -1200, Касса: 0, Эквайринг: 0, Перевод: 0, Расчетный_счет: 0, comment: Кибиткин Денис, office: P7, Менеджер: Алпатова Оксана 👩‍💼 P7
[2025-07-30 09:32:33] Операция: Обновление баланса клиента в таблице Клиенты
id Клиента: 1, Баланс_новый: -4255700
[2025-07-30 11:07:10] Операция: Внесение данных в таблицу Касса
id клиента: 4, Нал: -100000, Касса: 0, Эквайринг: 0, Перевод: 0, Расчетный_счет: 0, comment: Z6-P7, office: Z6, Менеджер: Соловков Александр 👨‍💼 Z6
[2025-07-30 11:07:10] Операция: Обновление баланса клиента в таблице Клиенты
id Клиента: 4, Баланс_новый: -300000
[2025-07-30 11:16:53] Операция: Внесение данных в таблицу Касса
id клиента: 1, Нал: -10000, Касса: 0, Эквайринг: 0, Перевод: 0, Расчетный_счет: 0, comment: Емелин Антон, office: P7, Менеджер: Алпатова Оксана 👩‍💼 P7
[2025-07-30 11:16:53] Операция: Обновление баланса клиента в таблице Клиенты
id Клиента: 1, Баланс_новый: -4265700
[2025-07-30 11:17:10] Операция: Внесение данных в таблицу Касса
id клиента: 157456307, Нал: 0, Касса: 0, Эквайринг: -8762, Перевод: 0, Расчетный_счет: 0, comment: 223326226, office: P1, Менеджер: Бунчина Ирина 👩‍💼 P1
[2025-07-30 11:17:10] Операция: Обновление баланса клиента в таблице Клиенты
id Клиента: 157456307, Баланс_новый: 0
[2025-07-30 11:20:19] Операция: Внесение данных в таблицу Касса
id клиента: 1683676, Нал: -940, Касса: 0, Эквайринг: 0, Перевод: 0, Расчетный_счет: 0, comment: Поставщик OS, office: S8, Менеджер: Гирчева Ольга 👩‍💼 S8
[2025-07-30 11:20:19] Операция: Обновление баланса клиента в таблице Клиенты
id Клиента: 1683676, Баланс_новый: -167440
[2025-07-30 11:20:27] Операция: Внесение данных в таблицу Касса
id клиента: 1683676, Нал: -940, Касса: 0, Эквайринг: 0, Перевод: 0, Расчетный_счет: 0, comment: Поставщик OS, office: S8, Менеджер: Гирчева Ольга 👩‍💼 S8
[2025-07-30 11:20:27] Операция: Обновление баланса клиента в таблице Клиенты
id Клиента: 1683676, Баланс_новый: -168380
[2025-07-30 11:58:24] Операция: Внесение данных в таблицу Касса
id клиента: 4, Нал: -1925, Касса: -1925, Эквайринг: 0, Перевод: 0, Расчетный_счет: 0, comment: , office: P1, Менеджер: Бунчина Ирина 👩‍💼 P1
[2025-07-30 11:58:24] Операция: Обновление баланса клиента в таблице Клиенты
id Клиента: 4, Баланс_новый: -303850
[2025-07-30 13:44:44] Операция: Внесение данных в таблицу Касса
id клиента: 156469840, Нал: -2280, Касса: 0, Эквайринг: 0, Перевод: 0, Расчетный_счет: 0, comment: 223962193, office: P5, Менеджер: Фролова Ирина 👩‍💼 P5
[2025-07-30 13:44:44] Операция: Обновление баланса клиента в таблице Клиенты
id Клиента: 156469840, Баланс_новый: -2280
[2025-07-30 15:58:14] Операция: Внесение данных в таблицу Касса
id клиента: 1, Нал: -33450, Касса: 0, Эквайринг: 0, Перевод: 0, Расчетный_счет: 0, comment: Возвраты ЕМЕХ за июль, office: P5, Менеджер: Фролова Ирина 👩‍💼 P5
[2025-07-30 15:58:14] Операция: Обновление баланса клиента в таблице Клиенты
id Клиента: 1, Баланс_новый: -4299150
[2025-07-30 17:30:12] Операция: Внесение данных в таблицу Касса
id клиента: 157446113, Нал: 0, Касса: 0, Эквайринг: -2700, Перевод: 0, Расчетный_счет: 0, comment: 222941017, office: P1, Менеджер: Бунчина Ирина 👩‍💼 P1
[2025-07-30 17:30:12] Операция: Обновление баланса клиента в таблице Клиенты
id Клиента: 157446113, Баланс_новый: 0
[2025-07-30 17:43:04] Операция: Внесение данных в таблицу Касса
id клиента: 156537852, Нал: -250, Касса: 0, Эквайринг: 0, Перевод: 0, Расчетный_счет: 0, comment: Доставка воды, office: S8, Менеджер: Гирчева Ольга 👩‍💼 S8
[2025-07-30 17:43:04] Операция: Обновление баланса клиента в таблице Клиенты
id Клиента: 156537852, Баланс_новый: -116657
[2025-07-31 09:29:14] Операция: Внесение данных в таблицу Касса
id клиента: 9, Нал: -1000, Касса: 0, Эквайринг: 0, Перевод: 0, Расчетный_счет: 0, comment: Уборка, office: S8, Менеджер: Гирчева Ольга 👩‍💼 S8
[2025-07-31 09:29:14] Операция: Обновление баланса клиента в таблице Клиенты
id Клиента: 9, Баланс_новый: -218420
[2025-07-31 10:00:49] Операция: Внесение данных в таблицу Касса
id клиента: 156537852, Нал: -1000, Касса: 0, Эквайринг: 0, Перевод: 0, Расчетный_счет: 0, comment: Шиномонтаж Спринтер, office: P5, Менеджер: Фролова Ирина 👩‍💼 P5
[2025-07-31 10:00:49] Операция: Обновление баланса клиента в таблице Клиенты
id Клиента: 156537852, Баланс_новый: -117657
[2025-07-31 13:06:39] Операция: Внесение данных в таблицу Касса
id клиента: 9, Нал: -2500, Касса: 0, Эквайринг: 0, Перевод: 0, Расчетный_счет: 0, comment: , office: K12, Менеджер: Гришина Надежда 👩‍💼 K12
[2025-07-31 13:06:39] Операция: Обновление баланса клиента в таблице Клиенты
id Клиента: 9, Баланс_новый: -220920
[2025-07-31 14:14:17] Операция: Внесение данных в таблицу Касса
id клиента: 1, Нал: -1200, Касса: 0, Эквайринг: 0, Перевод: 0, Расчетный_счет: 0, comment: Кибиткин Денис, office: P7, Менеджер: Алпатова Оксана 👩‍💼 P7
[2025-07-31 14:14:17] Операция: Обновление баланса клиента в таблице Клиенты
id Клиента: 1, Баланс_новый: -4300350
[2025-07-31 14:14:41] Операция: Внесение данных в таблицу Касса
id клиента: 1, Нал: -10000, Касса: 0, Эквайринг: 0, Перевод: 0, Расчетный_счет: 0, comment: Емелин Антон, office: P7, Менеджер: Алпатова Оксана 👩‍💼 P7
[2025-07-31 14:14:41] Операция: Обновление баланса клиента в таблице Клиенты
id Клиента: 1, Баланс_новый: -4310350
[2025-07-31 14:34:43] Операция: Внесение данных в таблицу Касса
id клиента: 4, Нал: -740000, Касса: 0, Эквайринг: 0, Перевод: 0, Расчетный_счет: 0, comment: P7-P5, office: P7, Менеджер: Алпатова Оксана 👩‍💼 P7
[2025-07-31 14:34:43] Операция: Обновление баланса клиента в таблице Клиенты
id Клиента: 4, Баланс_новый: -940000
[2025-07-31 15:52:26] Операция: Внесение данных в таблицу Касса
id клиента: 10, Нал: -1760000, Касса: 0, Эквайринг: 0, Перевод: 0, Расчетный_счет: 0, comment: Наш друг (К), office: P5, Менеджер: Фролова Ирина 👩‍💼 P5
[2025-07-31 15:52:26] Операция: Обновление баланса клиента в таблице Клиенты
id Клиента: 10, Баланс_новый: -101004080
[2025-07-31 16:15:32] Операция: Внесение данных в таблицу Касса
id клиента: 157450762, Нал: 0, Касса: 0, Эквайринг: -3740, Перевод: 0, Расчетный_счет: 0, comment: Возврат - 223114189, office: P5, Менеджер: Фролова Ирина 👩‍💼 P5
[2025-07-31 16:15:32] Операция: Обновление баланса клиента в таблице Клиенты
id Клиента: 157450762, Баланс_новый: -3740
[2025-08-01 08:52:29] Операция: Внесение данных в таблицу Касса
id клиента: 9, Нал: -2000, Касса: 0, Эквайринг: 0, Перевод: 0, Расчетный_счет: 0, comment: за уборку территории, office: P2, Менеджер: Анискина Ольга 👩‍💼 P2
[2025-08-01 08:52:29] Операция: Обновление баланса клиента в таблице Клиенты
id Клиента: 9, Баланс_новый: -222920
[2025-08-01 09:13:31] Операция: Внесение данных в таблицу Касса
id клиента: 1, Нал: -1200, Касса: 0, Эквайринг: 0, Перевод: 0, Расчетный_счет: 0, comment: Кибиткин Денис, office: P7, Менеджер: Алпатова Оксана 👩‍💼 P7
[2025-08-01 09:13:31] Операция: Обновление баланса клиента в таблице Клиенты
id Клиента: 1, Баланс_новый: -4311550
[2025-08-01 09:42:24] Операция: Внесение данных в таблицу Касса
id клиента: 1, Нал: -10300, Касса: 0, Эквайринг: 0, Перевод: 0, Расчетный_счет: 0, comment: Доставка Саранск, office: P5, Менеджер: Фролова Ирина 👩‍💼 P5
[2025-08-01 09:42:24] Операция: Обновление баланса клиента в таблице Клиенты
id Клиента: 1, Баланс_новый: -4321850
[2025-08-01 11:14:46] Операция: Внесение данных в таблицу Касса
id клиента: 1, Нал: -4400, Касса: 0, Эквайринг: 0, Перевод: 0, Расчетный_счет: 0, comment: Никольск, office: P7, Менеджер: Алпатова Оксана 👩‍💼 P7
[2025-08-01 11:14:46] Операция: Обновление баланса клиента в таблице Клиенты
id Клиента: 1, Баланс_новый: -4326250
[2025-08-01 11:15:04] Операция: Внесение данных в таблицу Касса
id клиента: 1, Нал: -10000, Касса: 0, Эквайринг: 0, Перевод: 0, Расчетный_счет: 0, comment: Емелин Антон, office: P7, Менеджер: Алпатова Оксана 👩‍💼 P7
[2025-08-01 11:15:04] Операция: Обновление баланса клиента в таблице Клиенты
id Клиента: 1, Баланс_новый: -4336250
[2025-08-01 11:29:36] Операция: Внесение данных в таблицу Касса
id клиента: 4, Нал: -300000, Касса: 0, Эквайринг: 0, Перевод: 0, Расчетный_счет: 0, comment: Z6-P7, office: Z6, Менеджер: Соловков Александр 👨‍💼 Z6
[2025-08-01 11:29:36] Операция: Обновление баланса клиента в таблице Клиенты
id Клиента: 4, Баланс_новый: -500000
[2025-08-01 11:34:26] Операция: Внесение данных в таблицу Касса
id клиента: 4, Нал: -1159000, Касса: 0, Эквайринг: 0, Перевод: 0, Расчетный_счет: 0, comment: S4-P5, office: S4, Менеджер: Занчев Олег 👨‍💼 S4
[2025-08-01 11:34:26] Операция: Обновление баланса клиента в таблице Клиенты
id Клиента: 4, Баланс_новый: -1659000
[2025-08-01 11:43:56] Операция: Внесение данных в таблицу Касса
id клиента: 1, Нал: -300, Касса: 0, Эквайринг: 0, Перевод: 0, Расчетный_счет: 0, comment: Инкассация, office: S4, Менеджер: Занчев Олег 👨‍💼 S4
[2025-08-01 11:43:56] Операция: Обновление баланса клиента в таблице Клиенты
id Клиента: 1, Баланс_новый: -4336550
[2025-08-01 12:07:08] Операция: Внесение данных в таблицу Касса
id клиента: 4, Нал: -332000, Касса: 0, Эквайринг: 0, Перевод: 0, Расчетный_счет: 0, comment: S8->P5, office: S8, Менеджер: Гирчева Ольга 👩‍💼 S8
[2025-08-01 12:07:08] Операция: Обновление баланса клиента в таблице Клиенты
id Клиента: 4, Баланс_новый: -1991000
[2025-08-01 13:36:00] Операция: Внесение данных в таблицу Касса
id клиента: 1, Нал: -18000, Касса: 0, Эквайринг: 0, Перевод: 0, Расчетный_счет: 0, comment: Юркалов Дмитрий Р5, office: P5, Менеджер: Фролова Ирина 👩‍💼 P5
[2025-08-01 13:36:00] Операция: Обновление баланса клиента в таблице Клиенты
id Клиента: 1, Баланс_новый: -4354550
[2025-08-01 17:41:10] Операция: Внесение данных в таблицу Касса
id клиента: 8, Нал: 0, Касса: 0, Эквайринг: -4951, Перевод: 0, Расчетный_счет: 0, comment: 3912444 , PFN109, office: P1, Менеджер: Бунчина Ирина 👩‍💼 P1
[2025-08-01 17:41:10] Операция: Обновление баланса клиента в таблице Клиенты
id Клиента: 8, Баланс_новый: 1334007
[2025-08-02 10:19:09] Операция: Внесение данных в таблицу kassa
id клиента: 1, Нал: -1500, Касса: 0, Эквайринг: 0, Перевод: 0, Расчетный_счет: 0, comment: Водитель Сергей, office: S8, Менеджер: Гирчев Роман 👨‍💼 (Админ)
[2025-08-02 10:19:09] Операция: Обновление баланса клиента в таблице users
id Клиента: 1, Баланс_новый: -4356050, Баланс_старый: -4354550
[2025-08-02 10:21:13] Операция: Внесение данных в таблицу kassa
id клиента: 1, Нал: -14400, Касса: 0, Эквайринг: 0, Перевод: 0, Расчетный_счет: 0, comment: Доставка OS, office: S8, Менеджер: Гирчев Роман 👨‍💼 (Админ)
[2025-08-02 10:21:13] Операция: Обновление баланса клиента в таблице users
id Клиента: 1, Баланс_новый: -4370450, Баланс_старый: -4356050
[2025-08-02 11:32:08] Операция: Внесение данных в таблицу Касса
id клиента: 10, Нал: -1760000, Касса: 0, Эквайринг: 0, Перевод: 0, Расчетный_счет: 0, comment: Наш друг (К), office: P5, Менеджер: Фролова Ирина 👩‍💼 P5
[2025-08-02 11:32:08] Операция: Обновление баланса клиента в таблице Клиенты
id Клиента: 10, Баланс_новый: -102764080
[2025-08-02 11:41:20] Операция: Внесение данных в таблицу Касса
id клиента: 4, Нал: -278000, Касса: 0, Эквайринг: 0, Перевод: 0, Расчетный_счет: 0, comment: P1-P7, office: P1, Менеджер: Бунчина Ирина 👩‍💼 P1
[2025-08-02 11:41:20] Операция: Обновление баланса клиента в таблице Клиенты
id Клиента: 4, Баланс_новый: -478000
[2025-08-02 13:29:25] Операция: Внесение данных в таблицу Касса
id клиента: 1, Нал: -12000, Касса: 0, Эквайринг: 0, Перевод: 0, Расчетный_счет: 0, comment: Соловков Александр, office: Z6, Менеджер: Соловков Александр 👨‍💼 Z6
[2025-08-02 13:29:25] Операция: Обновление баланса клиента в таблице Клиенты
id Клиента: 1, Баланс_новый: -4382450
[2025-08-02 13:30:02] Операция: Внесение данных в таблицу Касса
id клиента: 10, Нал: -520000, Касса: 0, Эквайринг: 0, Перевод: 0, Расчетный_счет: 0, comment: Наш друг (С) 👨, office: P7, Менеджер: Алпатова Оксана 👩‍💼 P7
[2025-08-02 13:30:02] Операция: Обновление баланса клиента в таблице Клиенты
id Клиента: 10, Баланс_новый: -103284080
[2025-08-02 13:33:18] Операция: Внесение данных в таблицу Касса
id клиента: 1, Нал: -3000, Касса: 0, Эквайринг: 0, Перевод: 0, Расчетный_счет: 0, comment: Заправка Спринтер, office: P5, Менеджер: Фролова Ирина 👩‍💼 P5
[2025-08-02 13:33:18] Операция: Обновление баланса клиента в таблице Клиенты
id Клиента: 1, Баланс_новый: -4385450
[2025-08-02 13:33:41] Операция: Внесение данных в таблицу Касса
id клиента: 1, Нал: -5000, Касса: 0, Эквайринг: 0, Перевод: 0, Расчетный_счет: 0, comment: Покупка патрубка на Спринтер, office: P5, Менеджер: Фролова Ирина 👩‍💼 P5
[2025-08-02 13:33:41] Операция: Обновление баланса клиента в таблице Клиенты
id Клиента: 1, Баланс_новый: -4390450
[2025-08-02 13:38:18] Операция: Внесение данных в таблицу Касса
id клиента: 1, Нал: -5000, Касса: 0, Эквайринг: 0, Перевод: 0, Расчетный_счет: 0, comment: Мойка и шиномонтаж Спринтер, office: P5, Менеджер: Фролова Ирина 👩‍💼 P5
[2025-08-02 13:38:18] Операция: Обновление баланса клиента в таблице Клиенты
id Клиента: 1, Баланс_новый: -4395450
[2025-08-02 15:41:28] Операция: Внесение данных в таблицу Касса
id клиента: 157456307, Нал: 0, Касса: 0, Эквайринг: -4381, Перевод: 0, Расчетный_счет: 0, comment: 223326226, office: P1, Менеджер: Бунчина Ирина 👩‍💼 P1
[2025-08-02 15:41:28] Операция: Обновление баланса клиента в таблице Клиенты
id Клиента: 157456307, Баланс_новый: 0
[2025-08-02 16:01:52] Операция: Внесение данных в таблицу kassa
id клиента: 157476000, Нал: 0, Касса: 0, Эквайринг: -440, Перевод: 0, Расчетный_счет: 0, comment: 224055414, office: S8, Менеджер: Гирчев Роман 👨‍💼 (Админ)
[2025-08-02 16:01:52] Операция: Обновление баланса клиента в таблице users
id Клиента: 157476000, Баланс_новый: -440, Баланс_старый: 0
[2025-08-04 09:14:35] Операция: Внесение данных в таблицу Касса
id клиента: 1, Нал: -1200, Касса: 0, Эквайринг: 0, Перевод: 0, Расчетный_счет: 0, comment: Кибиткин Денис, office: P7, Менеджер: Алпатова Оксана 👩‍💼 P7
[2025-08-04 09:14:35] Операция: Обновление баланса клиента в таблице Клиенты
id Клиента: 1, Баланс_новый: -4396650
[2025-08-04 10:16:06] Операция: Внесение данных в таблицу Касса
id клиента: 1, Нал: -10000, Касса: 0, Эквайринг: 0, Перевод: 0, Расчетный_счет: 0, comment: Емелин Антон, office: P7, Менеджер: Алпатова Оксана 👩‍💼 P7
[2025-08-04 10:16:06] Операция: Обновление баланса клиента в таблице Клиенты
id Клиента: 1, Баланс_новый: -4406650
[2025-08-04 10:19:53] Операция: Внесение данных в таблицу Касса
id клиента: 1, Нал: -20000, Касса: 0, Эквайринг: 0, Перевод: 0, Расчетный_счет: 0, comment: Ежов Дмитрий, office: P7, Менеджер: Алпатова Оксана 👩‍💼 P7
[2025-08-04 10:19:53] Операция: Обновление баланса клиента в таблице Клиенты
id Клиента: 1, Баланс_новый: -4426650
[2025-08-04 11:49:33] Операция: Внесение данных в таблицу Касса
id клиента: 4, Нал: -240000, Касса: 0, Эквайринг: 0, Перевод: 0, Расчетный_счет: 0, comment: Z6-P7, office: Z6, Менеджер: Соловков Александр 👨‍💼 Z6
[2025-08-04 11:49:33] Операция: Обновление баланса клиента в таблице Клиенты
id Клиента: 4, Баланс_новый: -240000
[2025-08-04 13:56:43] Операция: Внесение данных в таблицу Касса
id клиента: 10, Нал: -720100, Касса: 0, Эквайринг: 0, Перевод: 0, Расчетный_счет: 0, comment: Наш друг (Салоны), office: P5, Менеджер: Фролова Ирина 👩‍💼 P5
[2025-08-04 13:56:43] Операция: Обновление баланса клиента в таблице Клиенты
id Клиента: 10, Баланс_новый: -104204180
[2025-08-04 14:09:52] Операция: Внесение данных в таблицу Касса
id клиента: 1, Нал: -17500, Касса: 0, Эквайринг: 0, Перевод: 0, Расчетный_счет: 0, comment: Дасаев Ринат, office: P7, Менеджер: Алпатова Оксана 👩‍💼 P7
[2025-08-04 14:09:52] Операция: Обновление баланса клиента в таблице Клиенты
id Клиента: 1, Баланс_новый: -4444150
[2025-08-05 09:07:43] Операция: Внесение данных в таблицу Касса
id клиента: 4, Нал: -100000, Касса: 0, Эквайринг: 0, Перевод: 0, Расчетный_счет: 0, comment: К12-Р5, office: K12, Менеджер: Гришина Надежда 👩‍💼 K12
[2025-08-05 09:07:43] Операция: Обновление баланса клиента в таблице Клиенты
id Клиента: 4, Баланс_новый: -100000
[2025-08-05 09:22:50] Операция: Внесение данных в таблицу Касса
id клиента: 1, Нал: -1200, Касса: 0, Эквайринг: 0, Перевод: 0, Расчетный_счет: 0, comment: Кибиткин Денис, office: P7, Менеджер: Алпатова Оксана 👩‍💼 P7
[2025-08-05 09:22:50] Операция: Обновление баланса клиента в таблице Клиенты
id Клиента: 1, Баланс_новый: -4445350
[2025-08-05 15:28:27] Операция: Внесение данных в таблицу Касса
id клиента: 157160974, Нал: 0, Касса: 0, Эквайринг: -8850, Перевод: 0, Расчетный_счет: 0, comment: 224230686, office: P1, Менеджер: Бунчина Ирина 👩‍💼 P1
[2025-08-05 15:28:27] Операция: Обновление баланса клиента в таблице Клиенты
id Клиента: 157160974, Баланс_новый: 0
[2025-08-05 16:49:08] Операция: Внесение данных в таблицу Касса
id клиента: 157451693, Нал: 0, Касса: 0, Эквайринг: -3647, Перевод: 0, Расчетный_счет: 0, comment: Возврат - 223148927, office: P5, Менеджер: Фролова Ирина 👩‍💼 P5
[2025-08-05 16:49:08] Операция: Обновление баланса клиента в таблице Клиенты
id Клиента: 157451693, Баланс_новый: -3647
[2025-08-05 17:46:08] Операция: Внесение данных в таблицу Касса
id клиента: 1, Нал: -10000, Касса: 0, Эквайринг: 0, Перевод: 0, Расчетный_счет: 0, comment: Емелин Антон, office: P7, Менеджер: Алпатова Оксана 👩‍💼 P7
[2025-08-05 17:46:08] Операция: Обновление баланса клиента в таблице Клиенты
id Клиента: 1, Баланс_новый: -4455350
[2025-08-06 08:57:09] Операция: Внесение данных в таблицу Касса
id клиента: 4, Нал: -150000, Касса: 0, Эквайринг: 0, Перевод: 0, Расчетный_счет: 0, comment: P2-P7, office: P2, Менеджер: Анискина Ольга 👩‍💼 P2
[2025-08-06 08:57:09] Операция: Обновление баланса клиента в таблице Клиенты
id Клиента: 4, Баланс_новый: -150000
[2025-08-06 09:27:39] Операция: Внесение данных в таблицу Касса
id клиента: 1, Нал: -1200, Касса: 0, Эквайринг: 0, Перевод: 0, Расчетный_счет: 0, comment: Кибиткин Денис, office: P7, Менеджер: Алпатова Оксана 👩‍💼 P7
[2025-08-06 09:27:39] Операция: Обновление баланса клиента в таблице Клиенты
id Клиента: 1, Баланс_новый: -4456550
[2025-08-06 10:13:18] Операция: Внесение данных в таблицу Касса
id клиента: 4, Нал: -150000, Касса: 0, Эквайринг: 0, Перевод: 0, Расчетный_счет: 0, comment: Z6-P7, office: Z6, Менеджер: Соловков Александр 👨‍💼 Z6
[2025-08-06 10:13:18] Операция: Обновление баланса клиента в таблице Клиенты
id Клиента: 4, Баланс_новый: -150000
[2025-08-06 10:17:13] Операция: Внесение данных в таблицу Касса
id клиента: 1, Нал: -3000, Касса: 0, Эквайринг: 0, Перевод: 0, Расчетный_счет: 0, comment: Доставка Саранск, office: P5, Менеджер: Фролова Ирина 👩‍💼 P5
[2025-08-06 10:17:13] Операция: Обновление баланса клиента в таблице Клиенты
id Клиента: 1, Баланс_новый: -4459550
[2025-08-06 10:28:16] Операция: Внесение данных в таблицу Касса
id клиента: 1111112, Нал: -202, Касса: 0, Эквайринг: 0, Перевод: 0, Расчетный_счет: 0, comment: РН №1509 от 05 августа 2025 г., office: P5, Менеджер: Фролова Ирина 👩‍💼 P5
[2025-08-06 10:28:16] Операция: Обновление баланса клиента в таблице Клиенты
id Клиента: 1111112, Баланс_новый: -13387
[2025-08-06 10:32:17] Операция: Внесение данных в таблицу Касса
id клиента: 1, Нал: -600, Касса: 0, Эквайринг: 0, Перевод: 0, Расчетный_счет: 0, comment: Водитель Сергей, office: S8, Менеджер: Гирчева Ольга 👩‍💼 S8
[2025-08-06 10:32:17] Операция: Обновление баланса клиента в таблице Клиенты
id Клиента: 1, Баланс_новый: -4460150
[2025-08-06 10:38:41] Операция: Внесение данных в таблицу Касса
id клиента: 1, Нал: -10000, Касса: 0, Эквайринг: 0, Перевод: 0, Расчетный_счет: 0, comment: Емелин Антон, office: P7, Менеджер: Алпатова Оксана 👩‍💼 P7
[2025-08-06 10:38:41] Операция: Обновление баланса клиента в таблице Клиенты
id Клиента: 1, Баланс_новый: -4470150
[2025-08-06 13:42:37] Операция: Внесение данных в таблицу Касса
id клиента: 156588550, Нал: 0, Касса: -10700, Эквайринг: 0, Перевод: 0, Расчетный_счет: 0, comment: 210878767, office: P1, Менеджер: Бунчина Ирина 👩‍💼 P1
[2025-08-06 13:42:37] Операция: Обновление баланса клиента в таблице Клиенты
id Клиента: 156588550, Баланс_новый: 0
[2025-08-07 09:19:09] Операция: Внесение данных в таблицу Касса
id клиента: 1, Нал: -1200, Касса: 0, Эквайринг: 0, Перевод: 0, Расчетный_счет: 0, comment: Кибиткин Денис, office: P7, Менеджер: Алпатова Оксана 👩‍💼 P7
[2025-08-07 09:19:09] Операция: Обновление баланса клиента в таблице Клиенты
id Клиента: 1, Баланс_новый: -4471350
[2025-08-07 10:41:17] Операция: Внесение данных в таблицу Касса
id клиента: 156947137, Нал: -104, Касса: 0, Эквайринг: 0, Перевод: 0, Расчетный_счет: 0, comment: 224996852, Возврат, был перезаказ, вернули остаток, office: P2, Менеджер: Анискина Ольга 👩‍💼 P2
[2025-08-07 10:41:17] Операция: Обновление баланса клиента в таблице Клиенты
id Клиента: 156947137, Баланс_новый: 0
[2025-08-07 11:19:23] Операция: Внесение данных в таблицу Касса
id клиента: 1, Нал: -10000, Касса: 0, Эквайринг: 0, Перевод: 0, Расчетный_счет: 0, comment: Емелин Антон, office: P7, Менеджер: Алпатова Оксана 👩‍💼 P7
[2025-08-07 11:19:23] Операция: Обновление баланса клиента в таблице Клиенты
id Клиента: 1, Баланс_новый: -4481350
[2025-08-07 13:53:25] Операция: Внесение данных в таблицу Касса
id клиента: 156537852, Нал: -400, Касса: 0, Эквайринг: 0, Перевод: 0, Расчетный_счет: 0, comment: Помпа для воды, office: P2, Менеджер: Анискина Ольга 👩‍💼 P2
[2025-08-07 13:53:25] Операция: Обновление баланса клиента в таблице Клиенты
id Клиента: 156537852, Баланс_новый: -118057
[2025-08-07 16:01:01] Операция: Внесение данных в таблицу Касса
id клиента: 156537852, Нал: -350, Касса: 0, Эквайринг: 0, Перевод: 0, Расчетный_счет: 0, comment: Гель д/чистки,салфетки влажные, office: P11, Менеджер: Голубева Мария 👩‍💼 P11
[2025-08-07 16:01:01] Операция: Обновление баланса клиента в таблице Клиенты
id Клиента: 156537852, Баланс_новый: -118407
[2025-08-07 16:01:02] Операция: Внесение данных в таблицу Касса
id клиента: 156537852, Нал: -350, Касса: 0, Эквайринг: 0, Перевод: 0, Расчетный_счет: 0, comment: Гель д/чистки,салфетки влажные, office: P11, Менеджер: Голубева Мария 👩‍💼 P11
[2025-08-07 16:01:02] Операция: Обновление баланса клиента в таблице Клиенты
id Клиента: 156537852, Баланс_новый: -118757
[2025-08-07 16:02:24] Операция: Внесение данных в таблицу Касса
id клиента: 10, Нал: -295000, Касса: 0, Эквайринг: 0, Перевод: 0, Расчетный_счет: 0, comment: Сотки, office: P5, Менеджер: Фролова Ирина 👩‍💼 P5
[2025-08-07 16:02:24] Операция: Обновление баланса клиента в таблице Клиенты
id Клиента: 10, Баланс_новый: -104499180
[2025-08-07 16:02:47] Операция: Внесение данных в таблицу Касса
id клиента: 10, Нал: -1260000, Касса: 0, Эквайринг: 0, Перевод: 0, Расчетный_счет: 0, comment: Наш друг (К), office: P5, Менеджер: Фролова Ирина 👩‍💼 P5
[2025-08-07 16:02:47] Операция: Обновление баланса клиента в таблице Клиенты
id Клиента: 10, Баланс_новый: -105759180
[2025-08-08 09:28:49] Операция: Внесение данных в таблицу Касса
id клиента: 1, Нал: -1200, Касса: 0, Эквайринг: 0, Перевод: 0, Расчетный_счет: 0, comment: Кибиткин Денис, office: P7, Менеджер: Алпатова Оксана 👩‍💼 P7
[2025-08-08 09:28:49] Операция: Обновление баланса клиента в таблице Клиенты
id Клиента: 1, Баланс_новый: -4482550
[2025-08-08 10:11:24] Операция: Внесение данных в таблицу Касса
id клиента: 1, Нал: -6400, Касса: 0, Эквайринг: 0, Перевод: 0, Расчетный_счет: 0, comment: Доставка Саранск, office: P5, Менеджер: Фролова Ирина 👩‍💼 P5
[2025-08-08 10:11:24] Операция: Обновление баланса клиента в таблице Клиенты
id Клиента: 1, Баланс_новый: -4488950
[2025-08-08 10:20:56] Операция: Внесение данных в таблицу Касса
id клиента: 4, Нал: -300000, Касса: 0, Эквайринг: 0, Перевод: 0, Расчетный_счет: 0, comment: Z6-P7, office: Z6, Менеджер: Соловков Александр 👨‍💼 Z6
[2025-08-08 10:20:56] Операция: Обновление баланса клиента в таблице Клиенты
id Клиента: 4, Баланс_новый: -300000
[2025-08-08 10:22:39] Операция: Внесение данных в таблицу Касса
id клиента: 1, Нал: -10000, Касса: 0, Эквайринг: 0, Перевод: 0, Расчетный_счет: 0, comment: Емелин Антон, office: P7, Менеджер: Алпатова Оксана 👩‍💼 P7
[2025-08-08 10:22:39] Операция: Обновление баланса клиента в таблице Клиенты
id Клиента: 1, Баланс_новый: -4498950
[2025-08-08 10:47:57] Операция: Внесение данных в таблицу Касса
id клиента: 4, Нал: -640000, Касса: 0, Эквайринг: 0, Перевод: 0, Расчетный_счет: 0, comment: S8->P5, office: S8, Менеджер: Гирчева Ольга 👩‍💼 S8
[2025-08-08 10:47:57] Операция: Обновление баланса клиента в таблице Клиенты
id Клиента: 4, Баланс_новый: -940000
[2025-08-08 10:48:16] Операция: Внесение данных в таблицу Касса
id клиента: 4, Нал: 0, Касса: -8000, Эквайринг: 0, Перевод: 0, Расчетный_счет: 0, comment: S8->P5, office: S8, Менеджер: Гирчева Ольга 👩‍💼 S8
[2025-08-08 10:48:16] Операция: Обновление баланса клиента в таблице Клиенты
id Клиента: 4, Баланс_новый: -948000
[2025-08-08 11:21:05] Операция: Внесение данных в таблицу Касса
id клиента: 156852081, Нал: -2800, Касса: 0, Эквайринг: 0, Перевод: 0, Расчетный_счет: 0, comment: 221600851
, office: K12, Менеджер: Гришина Надежда 👩‍💼 K12
[2025-08-08 11:21:05] Операция: Обновление баланса клиента в таблице Клиенты
id Клиента: 156852081, Баланс_новый: 0
[2025-08-08 12:15:46] Операция: Внесение данных в таблицу Касса
id клиента: 4, Нал: -557000, Касса: 0, Эквайринг: 0, Перевод: 0, Расчетный_счет: 0, comment: S4-P5, office: S4, Менеджер: Сонина Наталья 👩‍💼 S4
[2025-08-08 12:15:46] Операция: Обновление баланса клиента в таблице Клиенты
id Клиента: 4, Баланс_новый: -1505000
[2025-08-08 12:16:11] Операция: Внесение данных в таблицу Касса
id клиента: 1, Нал: -300, Касса: 0, Эквайринг: 0, Перевод: 0, Расчетный_счет: 0, comment: Инкассация, office: S4, Менеджер: Сонина Наталья 👩‍💼 S4
[2025-08-08 12:16:11] Операция: Обновление баланса клиента в таблице Клиенты
id Клиента: 1, Баланс_новый: -4499250
[2025-08-08 13:34:51] Операция: Внесение данных в таблицу kassa
id клиента: 4, Нал: 0, Касса: -34000, Эквайринг: 0, Перевод: 0, Расчетный_счет: 0, comment: , office: P5, Менеджер: Бахтибекова Елена 👩‍💼 (Админ)
[2025-08-08 13:34:51] Операция: Обновление баланса клиента в таблице users
id Клиента: 4, Баланс_новый: -1239000, Баланс_старый: -1205000
[2025-08-08 15:09:19] Операция: Внесение данных в таблицу Касса
id клиента: 1, Нал: -18000, Касса: 0, Эквайринг: 0, Перевод: 0, Расчетный_счет: 0, comment: Юркалов Дмитрий, office: P5, Менеджер: Фролова Ирина 👩‍💼 P5
[2025-08-08 15:09:19] Операция: Обновление баланса клиента в таблице Клиенты
id Клиента: 1, Баланс_новый: -4517250
[2025-08-09 09:18:09] Операция: Внесение данных в таблицу Касса
id клиента: 4, Нал: -100000, Касса: 0, Эквайринг: 0, Перевод: 0, Расчетный_счет: 0, comment: К12-Р5, office: K12, Менеджер: Гришина Надежда 👩‍💼 K12
[2025-08-09 09:18:09] Операция: Обновление баланса клиента в таблице Клиенты
id Клиента: 4, Баланс_новый: -1305000
[2025-08-09 10:13:28] Операция: Внесение данных в таблицу Касса
id клиента: 1, Нал: -20000, Касса: 0, Эквайринг: 0, Перевод: 0, Расчетный_счет: 0, comment: Ежов Дмитрий, office: P7, Менеджер: Алпатова Оксана 👩‍💼 P7
[2025-08-09 10:13:28] Операция: Обновление баланса клиента в таблице Клиенты
id Клиента: 1, Баланс_новый: -4537250
[2025-08-09 10:20:53] Операция: Внесение данных в таблицу kassa
id клиента: 1, Нал: -900, Касса: 0, Эквайринг: 0, Перевод: 0, Расчетный_счет: 0, comment: Водитель Сергей, office: S8, Менеджер: Гирчев Роман 👨‍💼 (Админ)
[2025-08-09 10:20:53] Операция: Обновление баланса клиента в таблице users
id Клиента: 1, Баланс_новый: -4538150, Баланс_старый: -4537250
[2025-08-09 10:21:20] Операция: Внесение данных в таблицу kassa
id клиента: 1, Нал: -14400, Касса: 0, Эквайринг: 0, Перевод: 0, Расчетный_счет: 0, comment: Доставка OS, office: S8, Менеджер: Гирчев Роман 👨‍💼 (Админ)
[2025-08-09 10:21:20] Операция: Обновление баланса клиента в таблице users
id Клиента: 1, Баланс_новый: -4552550, Баланс_старый: -4538150
[2025-08-09 12:39:23] Операция: Внесение данных в таблицу Касса
id клиента: 156537852, Нал: -200, Касса: 0, Эквайринг: 0, Перевод: 0, Расчетный_счет: 0, comment: Санков, т/б, office: P1, Менеджер: Бунчина Ирина 👩‍💼 P1
[2025-08-09 12:39:23] Операция: Обновление баланса клиента в таблице Клиенты
id Клиента: 156537852, Баланс_новый: -118607
[2025-08-09 13:11:11] Операция: Внесение данных в таблицу Касса
id клиента: 10, Нал: -1760000, Касса: 0, Эквайринг: 0, Перевод: 0, Расчетный_счет: 0, comment: Наш друг (К), office: P5, Менеджер: Фролова Ирина 👩‍💼 P5
[2025-08-09 13:11:11] Операция: Обновление баланса клиента в таблице Клиенты
id Клиента: 10, Баланс_новый: -107519180
[2025-08-09 13:38:51] Операция: Внесение данных в таблицу Касса
id клиента: 4, Нал: -400000, Касса: 0, Эквайринг: 0, Перевод: 0, Расчетный_счет: 0, comment: P7-P5, office: P7, Менеджер: Алпатова Оксана 👩‍💼 P7
[2025-08-09 13:38:51] Операция: Обновление баланса клиента в таблице Клиенты
id Клиента: 4, Баланс_новый: -400000
[2025-08-09 14:13:55] Операция: Внесение данных в таблицу Касса
id клиента: 1, Нал: -12000, Касса: 0, Эквайринг: 0, Перевод: 0, Расчетный_счет: 0, comment: Соловков Александр, office: Z6, Менеджер: Соловков Александр 👨‍💼 Z6
[2025-08-09 14:13:55] Операция: Обновление баланса клиента в таблице Клиенты
id Клиента: 1, Баланс_новый: -4564550
[2025-08-11 09:25:06] Операция: Внесение данных в таблицу Касса
id клиента: 1, Нал: -1200, Касса: 0, Эквайринг: 0, Перевод: 0, Расчетный_счет: 0, comment: Кибиткин Денис, office: P7, Менеджер: Алпатова Оксана 👩‍💼 P7
[2025-08-11 09:25:06] Операция: Обновление баланса клиента в таблице Клиенты
id Клиента: 1, Баланс_новый: -4565750
[2025-08-11 09:36:43] Операция: Внесение данных в таблицу Касса
id клиента: 1111112, Нал: -202, Касса: 0, Эквайринг: 0, Перевод: 0, Расчетный_счет: 0, comment: Чек №1509 от 05.08.25, office: P5, Менеджер: Фролова Ирина 👩‍💼 P5
[2025-08-11 09:36:43] Операция: Обновление баланса клиента в таблице Клиенты
id Клиента: 1111112, Баланс_новый: -13589
[2025-08-11 09:37:24] Операция: Внесение данных в таблицу Касса
id клиента: 1111112, Нал: -164, Касса: 0, Эквайринг: 0, Перевод: 0, Расчетный_счет: 0, comment: Чек №1435 от 25.08.25, office: P5, Менеджер: Фролова Ирина 👩‍💼 P5
[2025-08-11 09:37:24] Операция: Обновление баланса клиента в таблице Клиенты
id Клиента: 1111112, Баланс_новый: -13753
[2025-08-11 09:40:55] Операция: Внесение данных в таблицу Касса
id клиента: 156537852, Нал: -520, Касса: 0, Эквайринг: 0, Перевод: 0, Расчетный_счет: 0, comment: Стаканчики,средства для уборки, office: S8, Менеджер: Гирчева Ольга 👩‍💼 S8
[2025-08-11 09:40:55] Операция: Обновление баланса клиента в таблице Клиенты
id Клиента: 156537852, Баланс_новый: -119127
[2025-08-11 10:41:21] Операция: Внесение данных в таблицу Касса
id клиента: 1, Нал: -10000, Касса: 0, Эквайринг: 0, Перевод: 0, Расчетный_счет: 0, comment: Емелин Антон, office: P7, Менеджер: Алпатова Оксана 👩‍💼 P7
[2025-08-11 10:41:21] Операция: Обновление баланса клиента в таблице Клиенты
id Клиента: 1, Баланс_новый: -4575750
[2025-08-11 10:55:06] Операция: Внесение данных в таблицу Касса
id клиента: 4, Нал: -458000, Касса: 0, Эквайринг: 0, Перевод: 0, Расчетный_счет: 0, comment: P1-P7, office: P1, Менеджер: Бунчина Ирина 👩‍💼 P1
[2025-08-11 10:55:06] Операция: Обновление баланса клиента в таблице Клиенты
id Клиента: 4, Баланс_новый: -858000
[2025-08-11 11:04:49] Операция: Внесение данных в таблицу Касса
id клиента: 4, Нал: -50000, Касса: 0, Эквайринг: 0, Перевод: 0, Расчетный_счет: 0, comment: О.Н., office: P2, Менеджер: Анискина Ольга 👩‍💼 P2
[2025-08-11 11:04:49] Операция: Обновление баланса клиента в таблице Клиенты
id Клиента: 4, Баланс_новый: -908000
[2025-08-11 11:26:25] Операция: Внесение данных в таблицу Касса
id клиента: 1, Нал: -17500, Касса: 0, Эквайринг: 0, Перевод: 0, Расчетный_счет: 0, comment: Дасаев Ринат, office: P7, Менеджер: Алпатова Оксана 👩‍💼 P7
[2025-08-11 11:26:25] Операция: Обновление баланса клиента в таблице Клиенты
id Клиента: 1, Баланс_новый: -4593250
[2025-08-11 12:10:27] Операция: Внесение данных в таблицу Касса
id клиента: 1683676, Нал: -1880, Касса: 0, Эквайринг: 0, Перевод: 0, Расчетный_счет: 0, comment: Поставщик OS, office: S8, Менеджер: Гирчева Ольга 👩‍💼 S8
[2025-08-11 12:10:27] Операция: Обновление баланса клиента в таблице Клиенты
id Клиента: 1683676, Баланс_новый: -170260
[2025-08-11 13:51:49] Операция: Внесение данных в таблицу kassa
id клиента: 10, Нал: -50000, Касса: 0, Эквайринг: 0, Перевод: 0, Расчетный_счет: 0, comment: О.Н., office: P2, Менеджер: Бахтибекова Елена 👩‍💼 (Админ)
[2025-08-11 13:51:49] Операция: Обновление баланса клиента в таблице users
id Клиента: 10, Баланс_новый: -107569180, Баланс_старый: -107519180
[2025-08-11 15:23:01] Операция: Внесение данных в таблицу Касса
id клиента: 9, Нал: -7000, Касса: 0, Эквайринг: 0, Перевод: 0, Расчетный_счет: 0, comment: Валентина Петровна Р5, office: P5, Менеджер: Фролова Ирина 👩‍💼 P5
[2025-08-11 15:23:01] Операция: Обновление баланса клиента в таблице Клиенты
id Клиента: 9, Баланс_новый: -229920
[2025-08-11 16:11:06] Операция: Внесение данных в таблицу Касса
id клиента: 10, Нал: -500000, Касса: 0, Эквайринг: 0, Перевод: 0, Расчетный_счет: 0, comment: Наш друг (К) 👩, office: P5, Менеджер: Фролова Ирина 👩‍💼 P5
[2025-08-11 16:11:06] Операция: Обновление баланса клиента в таблице Клиенты
id Клиента: 10, Баланс_новый: -108069180
[2025-08-11 18:26:46] Операция: Внесение данных в таблицу Касса
id клиента: 156703806, Нал: -610, Касса: 0, Эквайринг: 0, Перевод: 0, Расчетный_счет: 0, comment: 225181847, office: P11, Менеджер: Голубева Мария 👩‍💼 P11
[2025-08-11 18:26:46] Операция: Обновление баланса клиента в таблице Клиенты
id Клиента: 156703806, Баланс_новый: 0
[2025-08-12 09:21:39] Операция: Внесение данных в таблицу Касса
id клиента: 1, Нал: -400, Касса: 0, Эквайринг: 0, Перевод: 0, Расчетный_счет: 0, comment: Доставка Исса, office: P5, Менеджер: Фролова Ирина 👩‍💼 P5
[2025-08-12 09:21:39] Операция: Обновление баланса клиента в таблице Клиенты
id Клиента: 1, Баланс_новый: -4593650
[2025-08-12 09:25:30] Операция: Внесение данных в таблицу Касса
id клиента: 157434613, Нал: -1700, Касса: 0, Эквайринг: 0, Перевод: 0, Расчетный_счет: 0, comment: 224819113, office: P11, Менеджер: Голубева Мария 👩‍💼 P11
[2025-08-12 09:25:30] Операция: Обновление баланса клиента в таблице Клиенты
id Клиента: 157434613, Баланс_новый: 0
[2025-08-12 09:49:04] Операция: Внесение данных в таблицу Касса
id клиента: 156537852, Нал: -546, Касса: 0, Эквайринг: 0, Перевод: 0, Расчетный_счет: 0, comment: Средство для мытья полов,унитаза,освежитель воздуха,лампа светодиодная,туалетная бумага., office: P7, Менеджер: Алпатова Оксана 👩‍💼 P7
[2025-08-12 09:49:04] Операция: Обновление баланса клиента в таблице Клиенты
id Клиента: 156537852, Баланс_новый: -119673
[2025-08-12 11:29:45] Операция: Внесение данных в таблицу Касса
id клиента: 156537852, Нал: -250, Касса: 0, Эквайринг: 0, Перевод: 0, Расчетный_счет: 0, comment: Доставка воды, office: S8, Менеджер: Гирчева Ольга 👩‍💼 S8
[2025-08-12 11:29:45] Операция: Обновление баланса клиента в таблице Клиенты
id Клиента: 156537852, Баланс_новый: -119923
[2025-08-12 11:51:31] Операция: Внесение данных в таблицу Касса
id клиента: 1, Нал: -1200, Касса: 0, Эквайринг: 0, Перевод: 0, Расчетный_счет: 0, comment: Кибиткин Денис, office: P7, Менеджер: Алпатова Оксана 👩‍💼 P7
[2025-08-12 11:51:31] Операция: Обновление баланса клиента в таблице Клиенты
id Клиента: 1, Баланс_новый: -4594850
[2025-08-12 11:51:49] Операция: Внесение данных в таблицу Касса
id клиента: 1, Нал: -10000, Касса: 0, Эквайринг: 0, Перевод: 0, Расчетный_счет: 0, comment: Емелин Антон, office: P7, Менеджер: Алпатова Оксана 👩‍💼 P7
[2025-08-12 11:51:49] Операция: Обновление баланса клиента в таблице Клиенты
id Клиента: 1, Баланс_новый: -4604850
[2025-08-12 15:26:38] Операция: Внесение данных в таблицу Касса
id клиента: 156539236, Нал: 0, Касса: 0, Эквайринг: -874, Перевод: 0, Расчетный_счет: 0, comment: 225787601, Возврат 1 позиции, office: P2, Менеджер: Анискина Ольга 👩‍💼 P2
[2025-08-12 15:26:38] Операция: Обновление баланса клиента в таблице Клиенты
id Клиента: 156539236, Баланс_новый: 0
[2025-08-12 15:47:37] Операция: Внесение данных в таблицу Касса
id клиента: 156529904, Нал: 0, Касса: 0, Эквайринг: -1902, Перевод: 0, Расчетный_счет: 0, comment: 224526634, Возврат 1 позиции, office: P2, Менеджер: Анискина Ольга 👩‍💼 P2
[2025-08-12 15:47:37] Операция: Обновление баланса клиента в таблице Клиенты
id Клиента: 156529904, Баланс_новый: 0
[2025-08-12 16:22:36] Операция: Внесение данных в таблицу Касса
id клиента: 8, Нал: -1230, Касса: 0, Эквайринг: 0, Перевод: 0, Расчетный_счет: 0, comment: 3910386, office: P5, Менеджер: Фролова Ирина 👩‍💼 P5
[2025-08-12 16:22:36] Операция: Обновление баланса клиента в таблице Клиенты
id Клиента: 8, Баланс_новый: 1391261
[2025-08-13 10:35:26] Операция: Внесение данных в таблицу Касса
id клиента: 4, Нал: -300000, Касса: 0, Эквайринг: 0, Перевод: 0, Расчетный_счет: 0, comment: Z6-P7, office: Z6, Менеджер: Соловков Александр 👨‍💼 Z6
[2025-08-13 10:35:26] Операция: Обновление баланса клиента в таблице Клиенты
id Клиента: 4, Баланс_новый: -300000
[2025-08-13 11:15:42] Операция: Внесение данных в таблицу Касса
id клиента: 3, Нал: -25000, Касса: 0, Эквайринг: 0, Перевод: 0, Расчетный_счет: 0, comment: август, office: K12, Менеджер: Гришина Надежда 👩‍💼 K12
[2025-08-13 11:15:42] Операция: Обновление баланса клиента в таблице Клиенты
id Клиента: 3, Баланс_новый: -296000
[2025-08-13 11:38:05] Операция: Внесение данных в таблицу Касса
id клиента: 156982853, Нал: 0, Касса: 0, Эквайринг: -770, Перевод: 0, Расчетный_счет: 0, comment: 225412851, office: P1, Менеджер: Бунчина Ирина 👩‍💼 P1
[2025-08-13 11:38:05] Операция: Обновление баланса клиента в таблице Клиенты
id Клиента: 156982853, Баланс_новый: 0
[2025-08-13 14:05:52] Операция: Внесение данных в таблицу Касса
id клиента: 1, Нал: -1200, Касса: 0, Эквайринг: 0, Перевод: 0, Расчетный_счет: 0, comment: Кибиткин Денис, office: P7, Менеджер: Алпатова Оксана 👩‍💼 P7
[2025-08-13 14:05:52] Операция: Обновление баланса клиента в таблице Клиенты
id Клиента: 1, Баланс_новый: -4606050
[2025-08-13 14:06:09] Операция: Внесение данных в таблицу Касса
id клиента: 1, Нал: -10000, Касса: 0, Эквайринг: 0, Перевод: 0, Расчетный_счет: 0, comment: Емелин Антон, office: P7, Менеджер: Алпатова Оксана 👩‍💼 P7
[2025-08-13 14:06:09] Операция: Обновление баланса клиента в таблице Клиенты
id Клиента: 1, Баланс_новый: -4616050
[2025-08-13 18:03:30] Операция: Внесение данных в таблицу Касса
id клиента: 156875606, Нал: -2893, Касса: 0, Эквайринг: 0, Перевод: 0, Расчетный_счет: 0, comment: 225896540, Возврат 1 позиции, office: P2, Менеджер: Анискина Ольга 👩‍💼 P2
[2025-08-13 18:03:30] Операция: Обновление баланса клиента в таблице Клиенты
id Клиента: 156875606, Баланс_новый: 0
[2025-08-14 09:34:36] Операция: Внесение данных в таблицу Касса
id клиента: 9, Нал: -1000, Касса: 0, Эквайринг: 0, Перевод: 0, Расчетный_счет: 0, comment: Уборка, office: S8, Менеджер: Гирчева Ольга 👩‍💼 S8
[2025-08-14 09:34:36] Операция: Обновление баланса клиента в таблице Клиенты
id Клиента: 9, Баланс_новый: -230920
[2025-08-14 09:42:51] Операция: Внесение данных в таблицу Касса
id клиента: 157394130, Нал: -900, Касса: 0, Эквайринг: 0, Перевод: 0, Расчетный_счет: 0, comment: 222425178, office: P1, Менеджер: Бунчина Ирина 👩‍💼 P1
[2025-08-14 09:42:51] Операция: Обновление баланса клиента в таблице Клиенты
id Клиента: 157394130, Баланс_новый: 0
[2025-08-14 10:09:03] Операция: Внесение данных в таблицу Касса
id клиента: 1, Нал: -1200, Касса: 0, Эквайринг: 0, Перевод: 0, Расчетный_счет: 0, comment: Кибиткин Денис, office: P7, Менеджер: Алпатова Оксана 👩‍💼 P7
[2025-08-14 10:09:03] Операция: Обновление баланса клиента в таблице Клиенты
id Клиента: 1, Баланс_новый: -4617250
[2025-08-14 10:09:26] Операция: Внесение данных в таблицу Касса
id клиента: 1, Нал: -10000, Касса: 0, Эквайринг: 0, Перевод: 0, Расчетный_счет: 0, comment: Емелин Антон, office: P7, Менеджер: Алпатова Оксана 👩‍💼 P7
[2025-08-14 10:09:26] Операция: Обновление баланса клиента в таблице Клиенты
id Клиента: 1, Баланс_новый: -4627250
[2025-08-14 11:02:41] Операция: Внесение данных в таблицу Касса
id клиента: 1111112, Нал: -1757, Касса: 0, Эквайринг: 0, Перевод: 0, Расчетный_счет: 0, comment: , office: P1, Менеджер: Бунчина Ирина 👩‍💼 P1
[2025-08-14 11:02:41] Операция: Обновление баланса клиента в таблице Клиенты
id Клиента: 1111112, Баланс_новый: -15510
[2025-08-14 13:02:11] Операция: Внесение данных в таблицу Касса
id клиента: 157512563, Нал: -1000, Касса: 0, Эквайринг: 0, Перевод: 0, Расчетный_счет: 0, comment: 225362041, office: P1, Менеджер: Бунчина Ирина 👩‍💼 P1
[2025-08-14 13:02:11] Операция: Обновление баланса клиента в таблице Клиенты
id Клиента: 157512563, Баланс_новый: 0
[2025-08-14 13:39:19] Операция: Внесение данных в таблицу Касса
id клиента: 156966964, Нал: 0, Касса: 0, Эквайринг: -6138, Перевод: 0, Расчетный_счет: 0, comment: 226049005, office: P2, Менеджер: Анискина Ольга 👩‍💼 P2
[2025-08-14 13:39:19] Операция: Обновление баланса клиента в таблице Клиенты
id Клиента: 156966964, Баланс_новый: -6138
[2025-08-14 14:15:14] Операция: Внесение данных в таблицу Касса
id клиента: 1683676, Нал: -1880, Касса: 0, Эквайринг: 0, Перевод: 0, Расчетный_счет: 0, comment: Поставщик OS, office: S8, Менеджер: Гирчева Ольга 👩‍💼 S8
[2025-08-14 14:15:14] Операция: Обновление баланса клиента в таблице Клиенты
id Клиента: 1683676, Баланс_новый: -172140
[2025-08-14 16:21:03] Операция: Внесение данных в таблицу Касса
id клиента: 157523720, Нал: 0, Касса: 0, Эквайринг: -5200, Перевод: 0, Расчетный_счет: 0, comment: 225746992, Возврат 1 позиции, office: P2, Менеджер: Анискина Ольга 👩‍💼 P2
[2025-08-14 16:21:03] Операция: Обновление баланса клиента в таблице Клиенты
id Клиента: 157523720, Баланс_новый: 0
[2025-08-14 16:48:07] Операция: Внесение данных в таблицу Касса
id клиента: 10, Нал: -1760000, Касса: 0, Эквайринг: 0, Перевод: 0, Расчетный_счет: 0, comment: Наш друг (К) 👩, office: P5, Менеджер: Фролова Ирина 👩‍💼 P5
[2025-08-14 16:48:07] Операция: Обновление баланса клиента в таблице Клиенты
id Клиента: 10, Баланс_новый: -109829180
[2025-08-14 18:22:15] Операция: Внесение данных в таблицу Касса
id клиента: 10, Нал: -330000, Касса: 0, Эквайринг: 0, Перевод: 0, Расчетный_счет: 0, comment: Мирен, office: P11, Менеджер: Голубева Мария 👩‍💼 P11
[2025-08-14 18:22:15] Операция: Обновление баланса клиента в таблице Клиенты
id Клиента: 10, Баланс_новый: -110159180
[2025-08-15 09:02:31] Операция: Внесение данных в таблицу Касса
id клиента: 9, Нал: -10000, Касса: 0, Эквайринг: 0, Перевод: 0, Расчетный_счет: 0, comment: P1 , office: P1, Менеджер: Максимкина Татьяна 👩‍💼 P1
[2025-08-15 09:02:31] Операция: Обновление баланса клиента в таблице Клиенты
id Клиента: 9, Баланс_новый: -240920
[2025-08-15 09:13:39] Операция: Внесение данных в таблицу Касса
id клиента: 1, Нал: -10200, Касса: 0, Эквайринг: 0, Перевод: 0, Расчетный_счет: 0, comment: Доставка Саранск, office: P5, Менеджер: Фролова Ирина 👩‍💼 P5
[2025-08-15 09:13:39] Операция: Обновление баланса клиента в таблице Клиенты
id Клиента: 1, Баланс_новый: -4637450
[2025-08-15 09:46:30] Операция: Внесение данных в таблицу Касса
id клиента: 4, Нал: -900000, Касса: 0, Эквайринг: 0, Перевод: 0, Расчетный_счет: 0, comment: S4-P5, office: S4, Менеджер: Сонина Наталья 👩‍💼 S4
[2025-08-15 09:46:30] Операция: Обновление баланса клиента в таблице Клиенты
id Клиента: 4, Баланс_новый: -570000
[2025-08-15 09:46:51] Операция: Внесение данных в таблицу Касса
id клиента: 1, Нал: -300, Касса: 0, Эквайринг: 0, Перевод: 0, Расчетный_счет: 0, comment: Инкассация, office: S4, Менеджер: Сонина Наталья 👩‍💼 S4
[2025-08-15 09:46:51] Операция: Обновление баланса клиента в таблице Клиенты
id Клиента: 1, Баланс_новый: -4637750
[2025-08-15 10:09:38] Операция: Внесение данных в таблицу Касса
id клиента: 11111114, Нал: -29150, Касса: 0, Эквайринг: 0, Перевод: 0, Расчетный_счет: 0, comment: За июль 2025 г., office: P5, Менеджер: Фролова Ирина 👩‍💼 P5
[2025-08-15 10:09:38] Операция: Обновление баланса клиента в таблице Клиенты
id Клиента: 11111114, Баланс_новый: -424700
[2025-08-15 11:22:41] Операция: Внесение данных в таблицу Касса
id клиента: 157434613, Нал: -3000, Касса: 0, Эквайринг: 0, Перевод: 0, Расчетный_счет: 0, comment: 225742633, office: P11, Менеджер: Голубева Мария 👩‍💼 P11
[2025-08-15 11:22:41] Операция: Обновление баланса клиента в таблице Клиенты
id Клиента: 157434613, Баланс_новый: 0
[2025-08-15 11:37:32] Операция: Внесение данных в таблицу Касса
id клиента: 10, Нал: -523200, Касса: 0, Эквайринг: 0, Перевод: 0, Расчетный_счет: 0, comment: Наш друг (С) 👨, office: P7, Менеджер: Алпатова Оксана 👩‍💼 P7
[2025-08-15 11:37:32] Операция: Обновление баланса клиента в таблице Клиенты
id Клиента: 10, Баланс_новый: -110682380
[2025-08-15 11:43:56] Операция: Внесение данных в таблицу Касса
id клиента: 1, Нал: -1200, Касса: 0, Эквайринг: 0, Перевод: 0, Расчетный_счет: 0, comment: Кибиткин Денис, office: P7, Менеджер: Алпатова Оксана 👩‍💼 P7
[2025-08-15 11:43:56] Операция: Обновление баланса клиента в таблице Клиенты
id Клиента: 1, Баланс_новый: -4638950
[2025-08-15 11:44:15] Операция: Внесение данных в таблицу Касса
id клиента: 1, Нал: -10000, Касса: 0, Эквайринг: 0, Перевод: 0, Расчетный_счет: 0, comment: Емелин Антон, office: P7, Менеджер: Алпатова Оксана 👩‍💼 P7
[2025-08-15 11:44:15] Операция: Обновление баланса клиента в таблице Клиенты
id Клиента: 1, Баланс_новый: -4648950
[2025-08-15 12:19:53] Операция: Внесение данных в таблицу Касса
id клиента: 9, Нал: -14000, Касса: 0, Эквайринг: 0, Перевод: 0, Расчетный_счет: 0, comment: , office: P7, Менеджер: Алпатова Оксана 👩‍💼 P7
[2025-08-15 12:19:53] Операция: Обновление баланса клиента в таблице Клиенты
id Клиента: 9, Баланс_новый: -254920
[2025-08-15 13:14:28] Операция: Внесение данных в таблицу Касса
id клиента: 4, Нал: -560000, Касса: 0, Эквайринг: 0, Перевод: 0, Расчетный_счет: 0, comment: S8->P5, office: S8, Менеджер: Гирчева Ольга 👩‍💼 S8
[2025-08-15 13:14:28] Операция: Обновление баланса клиента в таблице Клиенты
id Клиента: 4, Баланс_новый: -1130000
[2025-08-15 13:17:26] Операция: Внесение данных в таблицу Касса
id клиента: 157166611, Нал: 0, Касса: 0, Эквайринг: -850, Перевод: 0, Расчетный_счет: 0, comment: 225940088 возврат 2417PLOG, office: P2, Менеджер: Анискина Ольга 👩‍💼 P2
[2025-08-15 13:17:26] Операция: Обновление баланса клиента в таблице Клиенты
id Клиента: 157166611, Баланс_новый: -850
[2025-08-15 14:22:59] Операция: Внесение данных в таблицу Касса
id клиента: 155884320, Нал: -1760, Касса: 0, Эквайринг: 0, Перевод: 0, Расчетный_счет: 0, comment: Возврат 225697692, office: S8, Менеджер: Гирчева Ольга 👩‍💼 S8
[2025-08-15 14:22:59] Операция: Обновление баланса клиента в таблице Клиенты
id Клиента: 155884320, Баланс_новый: -1760
[2025-08-15 16:29:03] Операция: Внесение данных в таблицу Касса
id клиента: 1, Нал: -18000, Касса: 0, Эквайринг: 0, Перевод: 0, Расчетный_счет: 0, comment: Юркалов Дмитрий Р5, office: P5, Менеджер: Фролова Ирина 👩‍💼 P5
[2025-08-15 16:29:03] Операция: Обновление баланса клиента в таблице Клиенты
id Клиента: 1, Баланс_новый: -4666950
[2025-08-15 16:45:44] Операция: Внесение данных в таблицу Касса
id клиента: 9, Нал: -5000, Касса: 0, Эквайринг: 0, Перевод: 0, Расчетный_счет: 0, comment: Санков Андрей 1-14 августа, office: P1, Менеджер: Максимкина Татьяна 👩‍💼 P1
[2025-08-15 16:45:44] Операция: Обновление баланса клиента в таблице Клиенты
id Клиента: 9, Баланс_новый: -259920
[2025-08-16 10:28:58] Операция: Внесение данных в таблицу Касса
id клиента: 1, Нал: -17500, Касса: 0, Эквайринг: 0, Перевод: 0, Расчетный_счет: 0, comment: Дасаев Ринат, office: P7, Менеджер: Алпатова Оксана 👩‍💼 P7
[2025-08-16 10:28:58] Операция: Обновление баланса клиента в таблице Клиенты
id Клиента: 1, Баланс_новый: -4684450
[2025-08-16 10:38:17] Операция: Внесение данных в таблицу kassa
id клиента: 1, Нал: -1500, Касса: 0, Эквайринг: 0, Перевод: 0, Расчетный_счет: 0, comment: Водитель Сергей, office: S8, Менеджер: Гирчев Роман 👨‍💼 (Админ)
[2025-08-16 10:38:17] Операция: Обновление баланса клиента в таблице users
id Клиента: 1, Баланс_новый: -4685950, Баланс_старый: -4684450
[2025-08-16 10:38:45] Операция: Внесение данных в таблицу kassa
id клиента: 1, Нал: -14400, Касса: 0, Эквайринг: 0, Перевод: 0, Расчетный_счет: 0, comment: Доставка OS, office: S8, Менеджер: Гирчев Роман 👨‍💼 (Админ)
[2025-08-16 10:38:45] Операция: Обновление баланса клиента в таблице users
id Клиента: 1, Баланс_новый: -4700350, Баланс_старый: -4685950
[2025-08-16 11:44:19] Операция: Внесение данных в таблицу Касса
id клиента: 10, Нал: -1760000, Касса: 0, Эквайринг: 0, Перевод: 0, Расчетный_счет: 0, comment: Наш друг (К) 👩, office: P5, Менеджер: Фролова Ирина 👩‍💼 P5
[2025-08-16 11:44:19] Операция: Обновление баланса клиента в таблице Клиенты
id Клиента: 10, Баланс_новый: -112442380
[2025-08-16 11:53:59] Операция: Внесение данных в таблицу Касса
id клиента: 1, Нал: -20000, Касса: 0, Эквайринг: 0, Перевод: 0, Расчетный_счет: 0, comment: Ежов Дмитрий, office: P7, Менеджер: Алпатова Оксана 👩‍💼 P7
[2025-08-16 11:53:59] Операция: Обновление баланса клиента в таблице Клиенты
id Клиента: 1, Баланс_новый: -4720350
[2025-08-16 12:39:36] Операция: Внесение данных в таблицу kassa
id клиента: 1683676, Нал: -1880, Касса: 0, Эквайринг: 0, Перевод: 0, Расчетный_счет: 0, comment: Поставщик OS, office: S8, Менеджер: Гирчев Роман 👨‍💼 (Админ)
[2025-08-16 12:39:36] Операция: Обновление баланса клиента в таблице users
id Клиента: 1683676, Баланс_новый: -174020, Баланс_старый: -172140
[2025-08-18 09:17:27] Операция: Внесение данных в таблицу Касса
id клиента: 156537852, Нал: -8000, Касса: 0, Эквайринг: 0, Перевод: 0, Расчетный_счет: 0, comment: Савушкин Алексей (Спринтер), office: P5, Менеджер: Фролова Ирина 👩‍💼 P5
[2025-08-18 09:17:27] Операция: Обновление баланса клиента в таблице Клиенты
id Клиента: 156537852, Баланс_новый: -127923
[2025-08-18 09:19:32] Операция: Внесение данных в таблицу Касса
id клиента: 1, Нал: -1200, Касса: 0, Эквайринг: 0, Перевод: 0, Расчетный_счет: 0, comment: Кибиткин Денис, office: P7, Менеджер: Алпатова Оксана 👩‍💼 P7
[2025-08-18 09:19:32] Операция: Обновление баланса клиента в таблице Клиенты
id Клиента: 1, Баланс_новый: -4721550
[2025-08-18 09:52:13] Операция: Внесение данных в таблицу Касса
id клиента: 156537852, Нал: -240, Касса: 0, Эквайринг: 0, Перевод: 0, Расчетный_счет: 0, comment: Т/бумага, office: P1, Менеджер: Максимкина Татьяна 👩‍💼 P1
[2025-08-18 09:52:13] Операция: Обновление баланса клиента в таблице Клиенты
id Клиента: 156537852, Баланс_новый: -128163
[2025-08-18 10:06:21] Операция: Внесение данных в таблицу Касса
id клиента: 1, Нал: -12000, Касса: 0, Эквайринг: 0, Перевод: 0, Расчетный_счет: 0, comment: Соловков Александр, office: Z6, Менеджер: Соловков Александр 👨‍💼 Z6
[2025-08-18 10:06:21] Операция: Обновление баланса клиента в таблице Клиенты
id Клиента: 1, Баланс_новый: -4733550
[2025-08-18 10:06:56] Операция: Внесение данных в таблицу Касса
id клиента: 4, Нал: -250000, Касса: 0, Эквайринг: 0, Перевод: 0, Расчетный_счет: 0, comment: Z6-P7, office: Z6, Менеджер: Соловков Александр 👨‍💼 Z6
[2025-08-18 10:06:56] Операция: Обновление баланса клиента в таблице Клиенты
id Клиента: 4, Баланс_новый: 80000
[2025-08-18 11:43:14] Операция: Внесение данных в таблицу Касса
id клиента: 156537852, Нал: -400, Касса: 0, Эквайринг: 0, Перевод: 0, Расчетный_счет: 0, comment: Бумага А4 1шт, office: S4, Менеджер: Сонина Наталья 👩‍💼 S4
[2025-08-18 11:43:14] Операция: Обновление баланса клиента в таблице Клиенты
id Клиента: 156537852, Баланс_новый: -130563
[2025-08-18 12:03:05] Операция: Внесение данных в таблицу Касса
id клиента: 1, Нал: -10000, Касса: 0, Эквайринг: 0, Перевод: 0, Расчетный_счет: 0, comment: Емелин Антон, office: P7, Менеджер: Алпатова Оксана 👩‍💼 P7
[2025-08-18 12:03:05] Операция: Обновление баланса клиента в таблице Клиенты
id Клиента: 1, Баланс_новый: -4743550
[2025-08-18 17:41:12] Операция: Внесение данных в таблицу Касса
id клиента: 1683676, Нал: -3760, Касса: 0, Эквайринг: 0, Перевод: 0, Расчетный_счет: 0, comment: Поставщик OS, office: S8, Менеджер: Гирчева Ольга 👩‍💼 S8
[2025-08-18 17:41:12] Операция: Обновление баланса клиента в таблице Клиенты
id Клиента: 1683676, Баланс_новый: -177780
[2025-08-19 09:10:57] Операция: Внесение данных в таблицу Касса
id клиента: 4, Нал: -120000, Касса: 0, Эквайринг: 0, Перевод: 0, Расчетный_счет: 0, comment: К12-Р5, office: K12, Менеджер: Гришина Надежда 👩‍💼 K12
[2025-08-19 09:10:57] Операция: Обновление баланса клиента в таблице Клиенты
id Клиента: 4, Баланс_новый: 210000
[2025-08-19 12:01:53] Операция: Внесение данных в таблицу Касса
id клиента: 1, Нал: -1200, Касса: 0, Эквайринг: 0, Перевод: 0, Расчетный_счет: 0, comment: Кибиткин Денис, office: P7, Менеджер: Алпатова Оксана 👩‍💼 P7
[2025-08-19 12:01:53] Операция: Обновление баланса клиента в таблице Клиенты
id Клиента: 1, Баланс_новый: -4744750
[2025-08-19 12:02:14] Операция: Внесение данных в таблицу Касса
id клиента: 1, Нал: -10000, Касса: 0, Эквайринг: 0, Перевод: 0, Расчетный_счет: 0, comment: Емелин Антон, office: P7, Менеджер: Алпатова Оксана 👩‍💼 P7
[2025-08-19 12:02:14] Операция: Обновление баланса клиента в таблице Клиенты
id Клиента: 1, Баланс_новый: -4754750
[2025-08-19 13:05:57] Операция: Внесение данных в таблицу Касса
id клиента: 156537852, Нал: -230, Касса: 0, Эквайринг: 0, Перевод: 0, Расчетный_счет: 0, comment: Доставка воды, office: S4, Менеджер: Сонина Наталья 👩‍💼 S4
[2025-08-19 13:05:57] Операция: Обновление баланса клиента в таблице Клиенты
id Клиента: 156537852, Баланс_новый: -130793
[2025-08-19 13:41:55] Операция: Внесение данных в таблицу Касса
id клиента: 156537852, Нал: -200, Касса: 0, Эквайринг: 0, Перевод: 0, Расчетный_счет: 0, comment: Пакеты для мусора., office: P7, Менеджер: Алпатова Оксана 👩‍💼 P7
[2025-08-19 13:41:55] Операция: Обновление баланса клиента в таблице Клиенты
id Клиента: 156537852, Баланс_новый: -130993
[2025-08-20 09:55:59] Операция: Внесение данных в таблицу Касса
id клиента: 1, Нал: -1200, Касса: 0, Эквайринг: 0, Перевод: 0, Расчетный_счет: 0, comment: Кибиткин Денис, office: P7, Менеджер: Алпатова Оксана 👩‍💼 P7
[2025-08-20 09:55:59] Операция: Обновление баланса клиента в таблице Клиенты
id Клиента: 1, Баланс_новый: -4755950
[2025-08-20 10:54:34] Операция: Внесение данных в таблицу Касса
id клиента: 4, Нал: -250000, Касса: 0, Эквайринг: 0, Перевод: 0, Расчетный_счет: 0, comment: Z6-P7, office: Z6, Менеджер: Соловков Александр 👨‍💼 Z6
[2025-08-20 10:54:34] Операция: Обновление баланса клиента в таблице Клиенты
id Клиента: 4, Баланс_новый: 80000
[2025-08-20 11:12:44] Операция: Внесение данных в таблицу Касса
id клиента: 156513011, Нал: -200, Касса: 0, Эквайринг: 0, Перевод: 0, Расчетный_счет: 0, comment: Возврат 156513011, office: P5, Менеджер: Фролова Ирина 👩‍💼 P5
[2025-08-20 11:12:44] Операция: Обновление баланса клиента в таблице Клиенты
id Клиента: 156513011, Баланс_новый: 17250
[2025-08-20 11:20:22] Операция: Внесение данных в таблицу Касса
id клиента: 156497758, Нал: -2000, Касса: 0, Эквайринг: 0, Перевод: 0, Расчетный_счет: 0, comment: Возврат 226222517, office: P5, Менеджер: Фролова Ирина 👩‍💼 P5
[2025-08-20 11:20:22] Операция: Обновление баланса клиента в таблице Клиенты
id Клиента: 156497758, Баланс_новый: -2000
[2025-08-20 11:50:01] Операция: Внесение данных в таблицу Касса
id клиента: 1, Нал: -10000, Касса: 0, Эквайринг: 0, Перевод: 0, Расчетный_счет: 0, comment: Емелин Антон, office: P7, Менеджер: Алпатова Оксана 👩‍💼 P7
[2025-08-20 11:50:01] Операция: Обновление баланса клиента в таблице Клиенты
id Клиента: 1, Баланс_новый: -4765950
[2025-08-20 15:48:52] Операция: Внесение данных в таблицу Касса
id клиента: 157378272, Нал: -3400, Касса: 0, Эквайринг: 0, Перевод: 0, Расчетный_счет: 0, comment: 226026642, Возврат 1 позиции, office: P2, Менеджер: Анискина Ольга 👩‍💼 P2
[2025-08-20 15:48:52] Операция: Обновление баланса клиента в таблице Клиенты
id Клиента: 157378272, Баланс_новый: 0
[2025-08-20 16:41:41] Операция: Внесение данных в таблицу Касса
id клиента: 156875606, Нал: -1367, Касса: 0, Эквайринг: 0, Перевод: 0, Расчетный_счет: 0, comment: 226153470, Возврат, office: P2, Менеджер: Анискина Ольга 👩‍💼 P2
[2025-08-20 16:41:41] Операция: Обновление баланса клиента в таблице Клиенты
id Клиента: 156875606, Баланс_новый: 0
[2025-08-20 18:01:01] Операция: Внесение данных в таблицу Касса
id клиента: 3, Нал: -12000, Касса: 0, Эквайринг: 0, Перевод: 0, Расчетный_счет: 0, comment: Бессоновка Август, office: P11, Менеджер: Голубева Мария 👩‍💼 P11
[2025-08-20 18:01:01] Операция: Обновление баланса клиента в таблице Клиенты
id Клиента: 3, Баланс_новый: -308000
[2025-08-21 09:05:45] Операция: Внесение данных в таблицу Касса
id клиента: 4, Нал: -250000, Касса: 0, Эквайринг: 0, Перевод: 0, Расчетный_счет: 0, comment: К12-Р5, office: K12, Менеджер: Гришина Надежда 👩‍💼 K12
[2025-08-21 09:05:45] Операция: Обновление баланса клиента в таблице Клиенты
id Клиента: 4, Баланс_новый: 80000
[2025-08-21 10:12:18] Операция: Внесение данных в таблицу Касса
id клиента: 1, Нал: -1200, Касса: 0, Эквайринг: 0, Перевод: 0, Расчетный_счет: 0, comment: Кибиткин Денис, office: P7, Менеджер: Алпатова Оксана 👩‍💼 P7
[2025-08-21 10:12:18] Операция: Обновление баланса клиента в таблице Клиенты
id Клиента: 1, Баланс_новый: -4767150
[2025-08-21 10:54:16] Операция: Внесение данных в таблицу Касса
id клиента: 1, Нал: -10000, Касса: 0, Эквайринг: 0, Перевод: 0, Расчетный_счет: 0, comment: Емелин Антон, office: P7, Менеджер: Алпатова Оксана 👩‍💼 P7
[2025-08-21 10:54:16] Операция: Обновление баланса клиента в таблице Клиенты
id Клиента: 1, Баланс_новый: -4777150
[2025-08-21 14:28:34] Операция: Внесение данных в таблицу Касса
id клиента: 4, Нал: -280000, Касса: 0, Эквайринг: 0, Перевод: 0, Расчетный_счет: 0, comment: P2-P5, office: P2, Менеджер: Анискина Ольга 👩‍💼 P2
[2025-08-21 14:28:34] Операция: Обновление баланса клиента в таблице Клиенты
id Клиента: 4, Баланс_новый: -200000
[2025-08-21 17:18:25] Операция: Внесение данных в таблицу Касса
id клиента: 10, Нал: -1760000, Касса: 0, Эквайринг: 0, Перевод: 0, Расчетный_счет: 0, comment: Наш друг (К) 👩, office: P5, Менеджер: Фролова Ирина 👩‍💼 P5
[2025-08-21 17:18:25] Операция: Обновление баланса клиента в таблице Клиенты
id Клиента: 10, Баланс_новый: -114202380
[2025-08-21 18:39:00] Операция: Внесение данных в таблицу Касса
id клиента: 156665589, Нал: -4300, Касса: 0, Эквайринг: 0, Перевод: 0, Расчетный_счет: 0, comment: 226226546, office: P5, Менеджер: Фролова Ирина 👩‍💼 P5
[2025-08-21 18:39:00] Операция: Обновление баланса клиента в таблице Клиенты
id Клиента: 156665589, Баланс_новый: -4300
[2025-08-22 09:13:00] Операция: Внесение данных в таблицу Касса
id клиента: 1, Нал: -10600, Касса: 0, Эквайринг: 0, Перевод: 0, Расчетный_счет: 0, comment: Доставка Саранск, office: P5, Менеджер: Фролова Ирина 👩‍💼 P5
[2025-08-22 09:13:00] Операция: Обновление баланса клиента в таблице Клиенты
id Клиента: 1, Баланс_новый: -4787750
[2025-08-22 10:03:27] Операция: Внесение данных в таблицу Касса
id клиента: 4, Нал: -150000, Касса: 0, Эквайринг: 0, Перевод: 0, Расчетный_счет: 0, comment: Z6-P7, office: Z6, Менеджер: Соловков Александр 👨‍💼 Z6
[2025-08-22 10:03:27] Операция: Обновление баланса клиента в таблице Клиенты
id Клиента: 4, Баланс_новый: 180000
[2025-08-22 11:28:48] Операция: Внесение данных в таблицу Касса
id клиента: 4, Нал: -608000, Касса: 0, Эквайринг: 0, Перевод: 0, Расчетный_счет: 0, comment: S8->P5, office: S8, Менеджер: Гирчева Ольга 👩‍💼 S8
[2025-08-22 11:28:48] Операция: Обновление баланса клиента в таблице Клиенты
id Клиента: 4, Баланс_новый: -428000
[2025-08-22 12:37:42] Операция: Внесение данных в таблицу Касса
id клиента: 156537852, Нал: -200, Касса: 0, Эквайринг: 0, Перевод: 0, Расчетный_счет: 0, comment: Полотенца бумажные, office: P11, Менеджер: Голубева Мария 👩‍💼 P11
[2025-08-22 12:37:42] Операция: Обновление баланса клиента в таблице Клиенты
id Клиента: 156537852, Баланс_новый: -131193
[2025-08-22 13:26:31] Операция: Внесение данных в таблицу Касса
id клиента: 156682450, Нал: 0, Касса: 0, Эквайринг: -9400, Перевод: 0, Расчетный_счет: 0, comment: 156682450, office: P5, Менеджер: Фролова Ирина 👩‍💼 P5
[2025-08-22 13:26:31] Операция: Обновление баланса клиента в таблице Клиенты
id Клиента: 156682450, Баланс_новый: -9400
[2025-08-22 14:19:20] Операция: Внесение данных в таблицу Касса
id клиента: 1, Нал: -1200, Касса: 0, Эквайринг: 0, Перевод: 0, Расчетный_счет: 0, comment: Кибиткин Денис, office: P7, Менеджер: Алпатова Оксана 👩‍💼 P7
[2025-08-22 14:19:20] Операция: Обновление баланса клиента в таблице Клиенты
id Клиента: 1, Баланс_новый: -4788950
[2025-08-22 14:19:57] Операция: Внесение данных в таблицу Касса
id клиента: 1, Нал: -10000, Касса: 0, Эквайринг: 0, Перевод: 0, Расчетный_счет: 0, comment: Емелин Антон, office: P7, Менеджер: Алпатова Оксана 👩‍💼 P7
[2025-08-22 14:19:57] Операция: Обновление баланса клиента в таблице Клиенты
id Клиента: 1, Баланс_новый: -4798950
[2025-08-22 15:15:24] Операция: Внесение данных в таблицу Касса
id клиента: 4, Нал: -362000, Касса: 0, Эквайринг: 0, Перевод: 0, Расчетный_счет: 0, comment: S4-P5, office: S4, Менеджер: Сонина Наталья 👩‍💼 S4
[2025-08-22 15:15:24] Операция: Обновление баланса клиента в таблице Клиенты
id Клиента: 4, Баланс_новый: -640000
[2025-08-22 15:15:55] Операция: Внесение данных в таблицу Касса
id клиента: 1, Нал: -300, Касса: 0, Эквайринг: 0, Перевод: 0, Расчетный_счет: 0, comment: Инкассация , office: S4, Менеджер: Сонина Наталья 👩‍💼 S4
[2025-08-22 15:15:55] Операция: Обновление баланса клиента в таблице Клиенты
id Клиента: 1, Баланс_новый: -4799250
[2025-08-22 16:43:45] Операция: Внесение данных в таблицу Касса
id клиента: 1, Нал: -18000, Касса: 0, Эквайринг: 0, Перевод: 0, Расчетный_счет: 0, comment: Юркалов Дмитрий, office: P5, Менеджер: Фролова Ирина 👩‍💼 P5
[2025-08-22 16:43:45] Операция: Обновление баланса клиента в таблице Клиенты
id Клиента: 1, Баланс_новый: -4817250
[2025-08-22 18:04:03] Операция: Внесение данных в таблицу Касса
id клиента: 157543682, Нал: -445, Касса: 0, Эквайринг: 0, Перевод: 0, Расчетный_счет: 0, comment: Возврат 226600831, office: S8, Менеджер: Гирчева Ольга 👩‍💼 S8
[2025-08-22 18:04:03] Операция: Обновление баланса клиента в таблице Клиенты
id Клиента: 157543682, Баланс_новый: 644
[2025-08-23 09:39:23] Операция: Внесение данных в таблицу Касса
id клиента: 10, Нал: -529900, Касса: 0, Эквайринг: 0, Перевод: 0, Расчетный_счет: 0, comment:  Наш друг (С) 👨, office: P7, Менеджер: Алпатова Оксана 👩‍💼 P7
[2025-08-23 09:39:23] Операция: Обновление баланса клиента в таблице Клиенты
id Клиента: 10, Баланс_новый: -114732280
[2025-08-23 10:03:28] Операция: Внесение данных в таблицу Касса
id клиента: 1, Нал: -17500, Касса: 0, Эквайринг: 0, Перевод: 0, Расчетный_счет: 0, comment: Дасаев Ринат, office: P7, Менеджер: Алпатова Оксана 👩‍💼 P7
[2025-08-23 10:03:28] Операция: Обновление баланса клиента в таблице Клиенты
id Клиента: 1, Баланс_новый: -4834750
[2025-08-23 10:18:42] Операция: Внесение данных в таблицу kassa
id клиента: 1, Нал: -1500, Касса: 0, Эквайринг: 0, Перевод: 0, Расчетный_счет: 0, comment: Водитель Сергей, office: S8, Менеджер: Гирчев Роман 👨‍💼 (Админ)
[2025-08-23 10:18:42] Операция: Обновление баланса клиента в таблице users
id Клиента: 1, Баланс_новый: -4836250, Баланс_старый: -4834750
[2025-08-23 10:19:15] Операция: Внесение данных в таблицу kassa
id клиента: 1, Нал: -14400, Касса: 0, Эквайринг: 0, Перевод: 0, Расчетный_счет: 0, comment: Доставка OS, office: S8, Менеджер: Гирчев Роман 👨‍💼 (Админ)
[2025-08-23 10:19:15] Операция: Обновление баланса клиента в таблице users
id Клиента: 1, Баланс_новый: -4850650, Баланс_старый: -4836250
[2025-08-23 10:29:45] Операция: Внесение данных в таблицу Касса
id клиента: 1, Нал: -10000, Касса: 0, Эквайринг: 0, Перевод: 0, Расчетный_счет: 0, comment: Ремонт Спринтер, office: P5, Менеджер: Фролова Ирина 👩‍💼 P5
[2025-08-23 10:29:45] Операция: Обновление баланса клиента в таблице Клиенты
id Клиента: 1, Баланс_новый: -4860650
[2025-08-23 10:49:06] Операция: Внесение данных в таблицу Касса
id клиента: 156537852, Нал: -200, Касса: 0, Эквайринг: 0, Перевод: 0, Расчетный_счет: 0, comment: т/бумага, office: P1, Менеджер: Максимкина Татьяна 👩‍💼 P1
[2025-08-23 10:49:06] Операция: Обновление баланса клиента в таблице Клиенты
id Клиента: 156537852, Баланс_новый: -131393
[2025-08-23 10:54:04] Операция: Внесение данных в таблицу Касса
id клиента: 4, Нал: -265000, Касса: 0, Эквайринг: 0, Перевод: 0, Расчетный_счет: 0, comment: P1-P5, office: P1, Менеджер: Максимкина Татьяна 👩‍💼 P1
[2025-08-23 10:54:04] Операция: Обновление баланса клиента в таблице Клиенты
id Клиента: 4, Баланс_новый: 65000
[2025-08-23 12:10:13] Операция: Внесение данных в таблицу kassa
id клиента: 4, Нал: -200000, Касса: 0, Эквайринг: 0, Перевод: 0, Расчетный_счет: 0, comment: Р7-Р5, office: P7, Менеджер: Бахтибеков Мирен 👨‍💼 (Админ)
[2025-08-23 12:10:13] Операция: Обновление баланса клиента в таблице users
id Клиента: 4, Баланс_новый: -135000, Баланс_старый: 65000
[2025-08-23 12:13:56] Операция: Внесение данных в таблицу kassa
id клиента: 4, Нал: -330000, Касса: 0, Эквайринг: 0, Перевод: 0, Расчетный_счет: 0, comment: от 2025-08-14 Мирен, office: P11, Менеджер: Бахтибеков Мирен 👨‍💼 (Админ)
[2025-08-23 12:13:56] Операция: Обновление баланса клиента в таблице users
id Клиента: 4, Баланс_новый: -465000, Баланс_старый: -135000
[2025-08-23 12:40:34] Операция: Внесение данных в таблицу Касса
id клиента: 10, Нал: -1760000, Касса: 0, Эквайринг: 0, Перевод: 0, Расчетный_счет: 0, comment: Наш друг (К), office: P5, Менеджер: Фролова Ирина 👩‍💼 P5
[2025-08-23 12:40:34] Операция: Обновление баланса клиента в таблице Клиенты
id Клиента: 10, Баланс_новый: -116162280
[2025-08-23 13:55:32] Операция: Внесение данных в таблицу Касса
id клиента: 1, Нал: -12000, Касса: 0, Эквайринг: 0, Перевод: 0, Расчетный_счет: 0, comment: Соловков Александр, office: Z6, Менеджер: Соловков Александр 👨‍💼 Z6
[2025-08-23 13:55:32] Операция: Обновление баланса клиента в таблице Клиенты
id Клиента: 1, Баланс_новый: -4872650
[2025-08-25 07:38:50] Операция: Внесение данных в таблицу kassa
id клиента: 10, Нал: -100000, Касса: 0, Эквайринг: 0, Перевод: 0, Расчетный_счет: 0, comment: Сотки, office: P5, Менеджер: Бахтибекова Елена 👩‍💼 (Админ)
[2025-08-25 07:38:50] Операция: Обновление баланса клиента в таблице users
id Клиента: 10, Баланс_новый: -116262280, Баланс_старый: -116162280
[2025-08-25 08:51:33] Операция: Внесение данных в таблицу Касса
id клиента: 1, Нал: -20000, Касса: 0, Эквайринг: 0, Перевод: 0, Расчетный_счет: 0, comment: Ежов Дмитрий, office: P7, Менеджер: Алпатова Оксана 👩‍💼 P7
[2025-08-25 08:51:33] Операция: Обновление баланса клиента в таблице Клиенты
id Клиента: 1, Баланс_новый: -4892650
[2025-08-25 09:32:27] Операция: Внесение данных в таблицу Касса
id клиента: 1, Нал: -1200, Касса: 0, Эквайринг: 0, Перевод: 0, Расчетный_счет: 0, comment: Кибиткин Денис, office: P7, Менеджер: Алпатова Оксана 👩‍💼 P7
[2025-08-25 09:32:27] Операция: Обновление баланса клиента в таблице Клиенты
id Клиента: 1, Баланс_новый: -4893850
[2025-08-25 09:40:02] Операция: Внесение данных в таблицу Касса
id клиента: 10, Нал: -10000, Касса: 0, Эквайринг: 0, Перевод: 0, Расчетный_счет: 0, comment: Малкову материальная помощь, office: P5, Менеджер: Фролова Ирина 👩‍💼 P5
[2025-08-25 09:40:02] Операция: Обновление баланса клиента в таблице Клиенты
id Клиента: 10, Баланс_новый: -116272280
[2025-08-25 09:51:58] Операция: Внесение данных в таблицу Касса
id клиента: 4, Нал: -100000, Касса: 0, Эквайринг: 0, Перевод: 0, Расчетный_счет: 0, comment: Z6-P7, office: Z6, Менеджер: Соловков Александр 👨‍💼 Z6
[2025-08-25 09:51:58] Операция: Обновление баланса клиента в таблице Клиенты
id Клиента: 4, Баланс_новый: -100000
[2025-08-25 10:05:09] Операция: Внесение данных в таблицу Касса
id клиента: 156537852, Нал: -1150, Касса: 0, Эквайринг: 0, Перевод: 0, Расчетный_счет: 0, comment: Бумага для принтера, office: S8, Менеджер: Гирчева Ольга 👩‍💼 S8
[2025-08-25 10:05:09] Операция: Обновление баланса клиента в таблице Клиенты
id Клиента: 156537852, Баланс_новый: -132543
[2025-08-25 13:41:40] Операция: Внесение данных в таблицу Касса
id клиента: 1, Нал: -10000, Касса: 0, Эквайринг: 0, Перевод: 0, Расчетный_счет: 0, comment: Емелин Антон, office: P7, Менеджер: Алпатова Оксана 👩‍💼 P7
[2025-08-25 13:41:40] Операция: Обновление баланса клиента в таблице Клиенты
id Клиента: 1, Баланс_новый: -4903850
[2025-08-25 14:04:55] Операция: Внесение данных в таблицу Касса
id клиента: 1683676, Нал: -1880, Касса: 0, Эквайринг: 0, Перевод: 0, Расчетный_счет: 0, comment: Поставщик OS, office: S8, Менеджер: Гирчева Ольга 👩‍💼 S8
[2025-08-25 14:04:55] Операция: Обновление баланса клиента в таблице Клиенты
id Клиента: 1683676, Баланс_новый: -179660
[2025-08-25 14:05:51] Операция: Внесение данных в таблицу Касса
id клиента: 1683676, Нал: -1880, Касса: 0, Эквайринг: 0, Перевод: 0, Расчетный_счет: 0, comment: Поставщик OS, office: S8, Менеджер: Гирчева Ольга 👩‍💼 S8
[2025-08-25 14:05:51] Операция: Обновление баланса клиента в таблице Клиенты
id Клиента: 1683676, Баланс_новый: -181540
[2025-08-26 10:06:22] Операция: Внесение данных в таблицу Касса
id клиента: 1, Нал: -1200, Касса: 0, Эквайринг: 0, Перевод: 0, Расчетный_счет: 0, comment: Кибиткин Денис, office: P7, Менеджер: Алпатова Оксана 👩‍💼 P7
[2025-08-26 10:06:22] Операция: Обновление баланса клиента в таблице Клиенты
id Клиента: 1, Баланс_новый: -4905050
[2025-08-26 10:56:54] Операция: Внесение данных в таблицу Касса
id клиента: 4, Нал: -5000, Касса: 0, Эквайринг: 0, Перевод: 0, Расчетный_счет: 0, comment: P2-P1 сотки на размен, office: P2, Менеджер: Анискина Ольга 👩‍💼 P2
[2025-08-26 10:56:54] Операция: Обновление баланса клиента в таблице Клиенты
id Клиента: 4, Баланс_новый: -5000
[2025-08-26 11:12:15] Операция: Внесение данных в таблицу Касса
id клиента: 1, Нал: -10000, Касса: 0, Эквайринг: 0, Перевод: 0, Расчетный_счет: 0, comment: Емелин Антон, office: P7, Менеджер: Алпатова Оксана 👩‍💼 P7
[2025-08-26 11:12:15] Операция: Обновление баланса клиента в таблице Клиенты
id Клиента: 1, Баланс_новый: -4915050
[2025-08-26 12:45:17] Операция: Внесение данных в таблицу Касса
id клиента: 4, Нал: -2500, Касса: 0, Эквайринг: 0, Перевод: 0, Расчетный_счет: 0, comment: P7-P1 Размен, office: P7, Менеджер: Алпатова Оксана 👩‍💼 P7
[2025-08-26 12:45:17] Операция: Обновление баланса клиента в таблице Клиенты
id Клиента: 4, Баланс_новый: -7500
[2025-08-26 13:19:39] Операция: Внесение данных в таблицу Касса
id клиента: 156604456, Нал: 0, Касса: 0, Эквайринг: -33, Перевод: 0, Расчетный_счет: 0, comment: 225919594, Возврат разницы (был перезаказ), office: P2, Менеджер: Анискина Ольга 👩‍💼 P2
[2025-08-26 13:19:39] Операция: Обновление баланса клиента в таблице Клиенты
id Клиента: 156604456, Баланс_новый: 0
[2025-08-27 09:08:34] Операция: Внесение данных в таблицу Касса
id клиента: 4, Нал: -150000, Касса: 0, Эквайринг: 0, Перевод: 0, Расчетный_счет: 0, comment: К12-Р5, office: K12, Менеджер: Гришина Надежда 👩‍💼 K12
[2025-08-27 09:08:34] Операция: Обновление баланса клиента в таблице Клиенты
id Клиента: 4, Баланс_новый: -150000
[2025-08-27 09:40:05] Операция: Внесение данных в таблицу Касса
id клиента: 1, Нал: -1200, Касса: 0, Эквайринг: 0, Перевод: 0, Расчетный_счет: 0, comment: Кибиткин Денис, office: P7, Менеджер: Алпатова Оксана 👩‍💼 P7
[2025-08-27 09:40:05] Операция: Обновление баланса клиента в таблице Клиенты
id Клиента: 1, Баланс_новый: -4916250
[2025-08-27 09:49:38] Операция: Внесение данных в таблицу Касса
id клиента: 4, Нал: -300000, Касса: 0, Эквайринг: 0, Перевод: 0, Расчетный_счет: 0, comment: Z6-P7, office: Z6, Менеджер: Соловков Александр 👨‍💼 Z6
[2025-08-27 09:49:38] Операция: Обновление баланса клиента в таблице Клиенты
id Клиента: 4, Баланс_новый: -450000
[2025-08-27 11:19:03] Операция: Внесение данных в таблицу Касса
id клиента: 157531820, Нал: -14582, Касса: 0, Эквайринг: 0, Перевод: 0, Расчетный_счет: 0, comment: 226078511(Возврат), office: P1, Менеджер: Максимкина Татьяна 👩‍💼 P1
[2025-08-27 11:19:03] Операция: Обновление баланса клиента в таблице Клиенты
id Клиента: 157531820, Баланс_новый: -14582
[2025-08-27 11:26:29] Операция: Внесение данных в таблицу Касса
id клиента: 7, Нал: -8536, Касса: 0, Эквайринг: 0, Перевод: 0, Расчетный_счет: 0, comment: Резепов Рамиль 07/25, office: P1, Менеджер: Максимкина Татьяна 👩‍💼 P1
[2025-08-27 11:26:29] Операция: Обновление баланса клиента в таблице Клиенты
id Клиента: 7, Баланс_новый: -157056
[2025-08-27 12:27:26] Операция: Внесение данных в таблицу Касса
id клиента: 1, Нал: -10000, Касса: 0, Эквайринг: 0, Перевод: 0, Расчетный_счет: 0, comment: Емелин Антон, office: P7, Менеджер: Алпатова Оксана 👩‍💼 P7
[2025-08-27 12:27:26] Операция: Обновление баланса клиента в таблице Клиенты
id Клиента: 1, Баланс_новый: -4926250
[2025-08-27 13:57:08] Операция: Внесение данных в таблицу Касса
id клиента: 1, Нал: -900, Касса: 0, Эквайринг: 0, Перевод: 0, Расчетный_счет: 0, comment: Евгений( 3 точки), office: K12, Менеджер: Гришина Надежда 👩‍💼 K12
[2025-08-27 13:57:08] Операция: Обновление баланса клиента в таблице Клиенты
id Клиента: 1, Баланс_новый: -4927150
[2025-08-27 14:30:02] Операция: Внесение данных в таблицу Касса
id клиента: 9, Нал: -2000, Касса: 0, Эквайринг: 0, Перевод: 0, Расчетный_счет: 0, comment: , office: S4, Менеджер: Сонина Наталья 👩‍💼 S4
[2025-08-27 14:30:02] Операция: Обновление баланса клиента в таблице Клиенты
id Клиента: 9, Баланс_новый: -261920
[2025-08-28 09:36:08] Операция: Внесение данных в таблицу Касса
id клиента: 156505533, Нал: 0, Касса: 0, Эквайринг: -1050, Перевод: 0, Расчетный_счет: 0, comment: Возврат - 226846639, office: P5, Менеджер: Фролова Ирина 👩‍💼 P5
[2025-08-28 09:36:08] Операция: Обновление баланса клиента в таблице Клиенты
id Клиента: 156505533, Баланс_новый: 10450
[2025-08-28 10:28:08] Операция: Внесение данных в таблицу Касса
id клиента: 9, Нал: -1000, Касса: 0, Эквайринг: 0, Перевод: 0, Расчетный_счет: 0, comment: Уборка, office: S8, Менеджер: Гирчева Ольга 👩‍💼 S8
[2025-08-28 10:28:08] Операция: Обновление баланса клиента в таблице Клиенты
id Клиента: 9, Баланс_новый: -262920
[2025-08-28 10:44:11] Операция: Внесение данных в таблицу Касса
id клиента: 4, Нал: -305000, Касса: 0, Эквайринг: 0, Перевод: 0, Расчетный_счет: 0, comment: P1-P5, office: P1, Менеджер: Максимкина Татьяна 👩‍💼 P1
[2025-08-28 10:44:11] Операция: Обновление баланса клиента в таблице Клиенты
id Клиента: 4, Баланс_новый: -305000
[2025-08-28 11:00:19] Операция: Внесение данных в таблицу Касса
id клиента: 4, Нал: -150000, Касса: 0, Эквайринг: 0, Перевод: 0, Расчетный_счет: 0, comment: P2-P5, office: P2, Менеджер: Анискина Ольга 👩‍💼 P2
[2025-08-28 11:00:19] Операция: Обновление баланса клиента в таблице Клиенты
id Клиента: 4, Баланс_новый: -455000
[2025-08-28 15:24:46] Операция: Внесение данных в таблицу Касса
id клиента: 1, Нал: -10000, Касса: 0, Эквайринг: 0, Перевод: 0, Расчетный_счет: 0, comment: Емелин Антон, office: P7, Менеджер: Алпатова Оксана 👩‍💼 P7
[2025-08-28 15:24:46] Операция: Обновление баланса клиента в таблице Клиенты
id Клиента: 1, Баланс_новый: -4937150
[2025-08-28 15:25:09] Операция: Внесение данных в таблицу Касса
id клиента: 156537852, Нал: -400, Касса: 0, Эквайринг: 0, Перевод: 0, Расчетный_счет: 0, comment: Т/б,салфетки для уборки, office: P11, Менеджер: Голубева Мария 👩‍💼 P11
[2025-08-28 15:25:09] Операция: Обновление баланса клиента в таблице Клиенты
id Клиента: 156537852, Баланс_новый: -132943
[2025-08-28 17:01:19] Операция: Внесение данных в таблицу Касса
id клиента: 10, Нал: -1760000, Касса: 0, Эквайринг: 0, Перевод: 0, Расчетный_счет: 0, comment: Наш друг (К) 👩, office: P5, Менеджер: Фролова Ирина 👩‍💼 P5
[2025-08-28 17:01:19] Операция: Обновление баланса клиента в таблице Клиенты
id Клиента: 10, Баланс_новый: -118032280
[2025-08-28 17:01:50] Операция: Внесение данных в таблицу Касса
id клиента: 10, Нал: -100000, Касса: 0, Эквайринг: 0, Перевод: 0, Расчетный_счет: 0, comment: Мирен (сотки), office: P5, Менеджер: Фролова Ирина 👩‍💼 P5
[2025-08-28 17:01:50] Операция: Обновление баланса клиента в таблице Клиенты
id Клиента: 10, Баланс_новый: -118132280
[2025-08-29 09:00:37] Операция: Внесение данных в таблицу Касса
id клиента: 1, Нал: -10800, Касса: 0, Эквайринг: 0, Перевод: 0, Расчетный_счет: 0, comment: Доставка Саранск, office: P5, Менеджер: Фролова Ирина 👩‍💼 P5
[2025-08-29 09:00:37] Операция: Обновление баланса клиента в таблице Клиенты
id Клиента: 1, Баланс_новый: -4947950
[2025-08-29 09:33:35] Операция: Внесение данных в таблицу Касса
id клиента: 1, Нал: -1200, Касса: 0, Эквайринг: 0, Перевод: 0, Расчетный_счет: 0, comment: Кибиткин Денис, office: P7, Менеджер: Алпатова Оксана 👩‍💼 P7
[2025-08-29 09:33:35] Операция: Обновление баланса клиента в таблице Клиенты
id Клиента: 1, Баланс_новый: -4949150
[2025-08-29 10:29:44] Операция: Внесение данных в таблицу Касса
id клиента: 1, Нал: -10000, Касса: 0, Эквайринг: 0, Перевод: 0, Расчетный_счет: 0, comment: Емелин Антон, office: P7, Менеджер: Алпатова Оксана 👩‍💼 P7
[2025-08-29 10:29:44] Операция: Обновление баланса клиента в таблице Клиенты
id Клиента: 1, Баланс_новый: -4959150
[2025-08-29 10:52:44] Операция: Внесение данных в таблицу Касса
id клиента: 4, Нал: -787000, Касса: 0, Эквайринг: 0, Перевод: 0, Расчетный_счет: 0, comment: S8->P5, office: S8, Менеджер: Гирчева Ольга 👩‍💼 S8
[2025-08-29 10:52:44] Операция: Обновление баланса клиента в таблице Клиенты
id Клиента: 4, Баланс_новый: -787000
[2025-08-29 11:06:46] Операция: Внесение данных в таблицу Касса
id клиента: 4, Нал: -650000, Касса: 0, Эквайринг: 0, Перевод: 0, Расчетный_счет: 0, comment: S4-P5, office: S4, Менеджер: Сонина Наталья 👩‍💼 S4
[2025-08-29 11:06:46] Операция: Обновление баланса клиента в таблице Клиенты
id Клиента: 4, Баланс_новый: -1437000
[2025-08-29 11:07:03] Операция: Внесение данных в таблицу Касса
id клиента: 4, Нал: 0, Касса: -20000, Эквайринг: 0, Перевод: 0, Расчетный_счет: 0, comment: S4-P5, office: S4, Менеджер: Сонина Наталья 👩‍💼 S4
[2025-08-29 11:07:03] Операция: Обновление баланса клиента в таблице Клиенты
id Клиента: 4, Баланс_новый: -1457000
[2025-08-29 11:07:39] Операция: Внесение данных в таблицу Касса
id клиента: 1, Нал: -300, Касса: 0, Эквайринг: 0, Перевод: 0, Расчетный_счет: 0, comment: Инкассация, office: S4, Менеджер: Сонина Наталья 👩‍💼 S4
[2025-08-29 11:07:39] Операция: Обновление баланса клиента в таблице Клиенты
id Клиента: 1, Баланс_новый: -4959450
[2025-08-29 11:07:51] Операция: Внесение данных в таблицу Касса
id клиента: 4, Нал: -100000, Касса: 0, Эквайринг: 0, Перевод: 0, Расчетный_счет: 0, comment: Z6-P7, office: Z6, Менеджер: Соловков Александр 👨‍💼 Z6
[2025-08-29 11:07:51] Операция: Обновление баланса клиента в таблице Клиенты
id Клиента: 4, Баланс_новый: -1557000
[2025-08-29 13:36:16] Операция: Внесение данных в таблицу Касса
id клиента: 1, Нал: -1800, Касса: 0, Эквайринг: 0, Перевод: 0, Расчетный_счет: 0, comment: Евгений ( 6 точек за 2 дня), office: K12, Менеджер: Гришина Надежда 👩‍💼 K12
[2025-08-29 13:36:16] Операция: Обновление баланса клиента в таблице Клиенты
id Клиента: 1, Баланс_новый: -4961250
[2025-08-29 14:21:48] Операция: Внесение данных в таблицу Касса
id клиента: 157527826, Нал: -1525, Касса: 0, Эквайринг: 0, Перевод: 0, Расчетный_счет: 0, comment: 228027294, возврат, office: P2, Менеджер: Анискина Ольга 👩‍💼 P2
[2025-08-29 14:21:48] Операция: Обновление баланса клиента в таблице Клиенты
id Клиента: 157527826, Баланс_новый: 0
[2025-08-29 15:01:26] Операция: Внесение данных в таблицу Касса
id клиента: 1, Нал: -18000, Касса: 0, Эквайринг: 0, Перевод: 0, Расчетный_счет: 0, comment: Юркалов Дмитрий Р5, office: P5, Менеджер: Фролова Ирина 👩‍💼 P5
[2025-08-29 15:01:26] Операция: Обновление баланса клиента в таблице Клиенты
id Клиента: 1, Баланс_новый: -4979250
[2025-08-29 15:07:42] Операция: Внесение данных в таблицу Касса
id клиента: 1, Нал: -31800, Касса: 0, Эквайринг: 0, Перевод: 0, Расчетный_счет: 0, comment: Возвраты за август 2025г
, office: P5, Менеджер: Фролова Ирина 👩‍💼 P5
[2025-08-29 15:07:42] Операция: Обновление баланса клиента в таблице Клиенты
id Клиента: 1, Баланс_новый: -5011050
[2025-08-29 15:16:54] Операция: Внесение данных в таблицу Касса
id клиента: 9, Нал: -2500, Касса: 0, Эквайринг: 0, Перевод: 0, Расчетный_счет: 0, comment: , office: K12, Менеджер: Гришина Надежда 👩‍💼 K12
[2025-08-29 15:16:54] Операция: Обновление баланса клиента в таблице Клиенты
id Клиента: 9, Баланс_новый: -265420
[2025-08-29 17:55:00] Операция: Внесение данных в таблицу Касса
id клиента: 156537852, Нал: -250, Касса: 0, Эквайринг: 0, Перевод: 0, Расчетный_счет: 0, comment: Доставка воды, office: S8, Менеджер: Гирчева Ольга 👩‍💼 S8
[2025-08-29 17:55:00] Операция: Обновление баланса клиента в таблице Клиенты
id Клиента: 156537852, Баланс_новый: -133193
[2025-08-30 09:46:59] Операция: Внесение данных в таблицу Касса
id клиента: 4, Нал: -110000, Касса: 0, Эквайринг: 0, Перевод: 0, Расчетный_счет: 0, comment: К12-Р5, office: K12, Менеджер: Гришина Надежда 👩‍💼 K12
[2025-08-30 09:46:59] Операция: Обновление баланса клиента в таблице Клиенты
id Клиента: 4, Баланс_новый: -1567000
[2025-08-30 10:24:12] Операция: Внесение данных в таблицу kassa
id клиента: 1, Нал: -1500, Касса: 0, Эквайринг: 0, Перевод: 0, Расчетный_счет: 0, comment: Водитель Сергей, office: S8, Менеджер: Гирчев Роман 👨‍💼 (Админ)
[2025-08-30 10:24:12] Операция: Обновление баланса клиента в таблице users
id Клиента: 1, Баланс_новый: -5012550, Баланс_старый: -5011050
[2025-08-30 10:24:41] Операция: Внесение данных в таблицу kassa
id клиента: 1, Нал: -14400, Касса: 0, Эквайринг: 0, Перевод: 0, Расчетный_счет: 0, comment: Доставка OS, office: S8, Менеджер: Гирчев Роман 👨‍💼 (Админ)
[2025-08-30 10:24:41] Операция: Обновление баланса клиента в таблице users
id Клиента: 1, Баланс_новый: -5026950, Баланс_старый: -5012550
[2025-08-30 10:56:58] Операция: Внесение данных в таблицу Касса
id клиента: 156701390, Нал: -900, Касса: 0, Эквайринг: 0, Перевод: 0, Расчетный_счет: 0, comment: Возврат - 227690635, office: P5, Менеджер: Фролова Ирина 👩‍💼 P5
[2025-08-30 10:56:58] Операция: Обновление баланса клиента в таблице Клиенты
id Клиента: 156701390, Баланс_новый: 6950
[2025-08-30 12:28:21] Операция: Внесение данных в таблицу Касса
id клиента: 1, Нал: -2500, Касса: 0, Эквайринг: 0, Перевод: 0, Расчетный_счет: 0, comment: Разгрузка 4 дня, office: S4, Менеджер: Сонина Наталья 👩‍💼 S4
[2025-08-30 12:28:21] Операция: Обновление баланса клиента в таблице Клиенты
id Клиента: 1, Баланс_новый: -5029450
[2025-08-30 12:53:06] Операция: Внесение данных в таблицу Касса
id клиента: 156516428, Нал: -18700, Касса: 0, Эквайринг: 0, Перевод: 0, Расчетный_счет: 0, comment: 227067253, office: P1, Менеджер: Максимкина Татьяна 👩‍💼 P1
[2025-08-30 12:53:06] Операция: Обновление баланса клиента в таблице Клиенты
id Клиента: 156516428, Баланс_новый: 0
[2025-09-01 09:20:39] Операция: Внесение данных в таблицу Касса
id клиента: 156984588, Нал: 0, Касса: 0, Эквайринг: -9800, Перевод: 0, Расчетный_счет: 0, comment: 227460526, office: P5, Менеджер: Фролова Ирина 👩‍💼 P5
[2025-09-01 09:20:39] Операция: Обновление баланса клиента в таблице Клиенты
id Клиента: 156984588, Баланс_новый: -9800
[2025-09-01 09:30:01] Операция: Внесение данных в таблицу Касса
id клиента: 1, Нал: -20000, Касса: 0, Эквайринг: 0, Перевод: 0, Расчетный_счет: 0, comment: Ежов Дмитрий, office: P7, Менеджер: Алпатова Оксана 👩‍💼 P7
[2025-09-01 09:30:01] Операция: Обновление баланса клиента в таблице Клиенты
id Клиента: 1, Баланс_новый: -5049450
[2025-09-01 10:25:37] Операция: Внесение данных в таблицу Касса
id клиента: 157385198, Нал: 0, Касса: 0, Эквайринг: -5200, Перевод: 0, Расчетный_счет: 0, comment: 227718376, office: P5, Менеджер: Фролова Ирина 👩‍💼 P5
[2025-09-01 10:25:37] Операция: Обновление баланса клиента в таблице Клиенты
id Клиента: 157385198, Баланс_новый: -5200
[2025-09-01 10:41:00] Операция: Внесение данных в таблицу Касса
id клиента: 3, Нал: -25000, Касса: 0, Эквайринг: 0, Перевод: 0, Расчетный_счет: 0, comment: сентябрь, office: K12, Менеджер: Гришина Надежда 👩‍💼 K12
[2025-09-01 10:41:00] Операция: Обновление баланса клиента в таблице Клиенты
id Клиента: 3, Баланс_новый: -333000
[2025-09-01 10:45:16] Операция: Внесение данных в таблицу Касса
id клиента: 10, Нал: -1760000, Касса: 0, Эквайринг: 0, Перевод: 0, Расчетный_счет: 0, comment: Наш друг (К) 👩, office: P5, Менеджер: Фролова Ирина 👩‍💼 P5
[2025-09-01 10:45:16] Операция: Обновление баланса клиента в таблице Клиенты
id Клиента: 10, Баланс_новый: -119892280
[2025-09-01 11:11:37] Операция: Внесение данных в таблицу Касса
id клиента: 1, Нал: -12000, Касса: 0, Эквайринг: 0, Перевод: 0, Расчетный_счет: 0, comment: Соловков Александр, office: Z6, Менеджер: Соловков Александр 👨‍💼 Z6
[2025-09-01 11:11:37] Операция: Обновление баланса клиента в таблице Клиенты
id Клиента: 1, Баланс_новый: -5061450
[2025-09-01 11:24:09] Операция: Внесение данных в таблицу Касса
id клиента: 1, Нал: -1200, Касса: 0, Эквайринг: 0, Перевод: 0, Расчетный_счет: 0, comment: Кибиткин Денис, office: P7, Менеджер: Алпатова Оксана 👩‍💼 P7
[2025-09-01 11:24:09] Операция: Обновление баланса клиента в таблице Клиенты
id Клиента: 1, Баланс_новый: -5062650
[2025-09-01 11:27:56] Операция: Внесение данных в таблицу Касса
id клиента: 4, Нал: -100000, Касса: 0, Эквайринг: 0, Перевод: 0, Расчетный_счет: 0, comment: Z6-P7, office: Z6, Менеджер: Соловков Александр 👨‍💼 Z6
[2025-09-01 11:27:56] Операция: Обновление баланса клиента в таблице Клиенты
id Клиента: 4, Баланс_новый: -100000
[2025-09-01 11:58:07] Операция: Внесение данных в таблицу Касса
id клиента: 156907421, Нал: -1500, Касса: 0, Эквайринг: 0, Перевод: 0, Расчетный_счет: 0, comment: 227469753, office: P1, Менеджер: Максимкина Татьяна 👩‍💼 P1
[2025-09-01 11:58:07] Операция: Обновление баланса клиента в таблице Клиенты
id Клиента: 156907421, Баланс_новый: 0
[2025-09-01 12:07:09] Операция: Внесение данных в таблицу Касса
id клиента: 9, Нал: -5000, Касса: 0, Эквайринг: 0, Перевод: 0, Расчетный_счет: 0, comment: P1, office: P1, Менеджер: Максимкина Татьяна 👩‍💼 P1
[2025-09-01 12:07:09] Операция: Обновление баланса клиента в таблице Клиенты
id Клиента: 9, Баланс_новый: -270420
[2025-09-01 12:29:54] Операция: Внесение данных в таблицу Касса
id клиента: 1, Нал: -10000, Касса: 0, Эквайринг: 0, Перевод: 0, Расчетный_счет: 0, comment: Емелин Антон, office: P7, Менеджер: Алпатова Оксана 👩‍💼 P7
[2025-09-01 12:29:54] Операция: Обновление баланса клиента в таблице Клиенты
id Клиента: 1, Баланс_новый: -5072650
[2025-09-01 13:35:29] Операция: Внесение данных в таблицу Касса
id клиента: 1, Нал: -17500, Касса: 0, Эквайринг: 0, Перевод: 0, Расчетный_счет: 0, comment: Дасаев Ринат, office: P7, Менеджер: Алпатова Оксана 👩‍💼 P7
[2025-09-01 13:35:29] Операция: Обновление баланса клиента в таблице Клиенты
id Клиента: 1, Баланс_новый: -5090150
[2025-09-01 15:50:50] Операция: Внесение данных в таблицу kassa
id клиента: 1683676, Нал: -1880, Касса: 0, Эквайринг: 0, Перевод: 0, Расчетный_счет: 0, comment: Поставщик OS, office: S8, Менеджер: Гирчев Роман 👨‍💼 (Админ)
[2025-09-01 15:50:50] Операция: Обновление баланса клиента в таблице users
id Клиента: 1683676, Баланс_новый: -183420, Баланс_старый: -181540
[2025-09-01 16:26:59] Операция: Внесение данных в таблицу Касса
id клиента: 9, Нал: -7000, Касса: 0, Эквайринг: 0, Перевод: 0, Расчетный_счет: 0, comment: Валентина Петровна Р5, office: P5, Менеджер: Фролова Ирина 👩‍💼 P5
[2025-09-01 16:26:59] Операция: Обновление баланса клиента в таблице Клиенты
id Клиента: 9, Баланс_новый: -277420
[2025-09-01 17:35:20] Операция: Внесение данных в таблицу Касса
id клиента: 156793563, Нал: -2996, Касса: 0, Эквайринг: 0, Перевод: 0, Расчетный_счет: 0, comment: 226776269, Возврат, office: P2, Менеджер: Анискина Ольга 👩‍💼 P2
[2025-09-01 17:35:20] Операция: Обновление баланса клиента в таблице Клиенты
id Клиента: 156793563, Баланс_новый: 0
[2025-09-01 17:38:50] Операция: Внесение данных в таблицу Касса
id клиента: 157531820, Нал: -7000, Касса: 0, Эквайринг: 0, Перевод: 0, Расчетный_счет: 0, comment: 228006613, office: P1, Менеджер: Максимкина Татьяна 👩‍💼 P1
[2025-09-01 17:38:50] Операция: Обновление баланса клиента в таблице Клиенты
id Клиента: 157531820, Баланс_новый: 0
[2025-09-02 09:10:30] Операция: Внесение данных в таблицу Касса
id клиента: 1, Нал: -1200, Касса: 0, Эквайринг: 0, Перевод: 0, Расчетный_счет: 0, comment: Кибиткин Денис, office: P7, Менеджер: Алпатова Оксана 👩‍💼 P7
[2025-09-02 09:10:30] Операция: Обновление баланса клиента в таблице Клиенты
id Клиента: 1, Баланс_новый: -5091350
[2025-09-02 10:46:16] Операция: Внесение данных в таблицу Касса
id клиента: 2, Нал: -27300, Касса: 0, Эквайринг: 0, Перевод: 0, Расчетный_счет: 0, comment: %emex_N13 _09/24-07/25, office: P7, Менеджер: Алпатова Оксана 👩‍💼 P7
[2025-09-02 10:46:16] Операция: Обновление баланса клиента в таблице Клиенты
id Клиента: 2, Баланс_новый: -60050
[2025-09-02 11:34:56] Операция: Внесение данных в таблицу Касса
id клиента: 1, Нал: -10000, Касса: 0, Эквайринг: 0, Перевод: 0, Расчетный_счет: 0, comment: Емелин Антон, office: P7, Менеджер: Алпатова Оксана 👩‍💼 P7
[2025-09-02 11:34:56] Операция: Обновление баланса клиента в таблице Клиенты
id Клиента: 1, Баланс_новый: -5101350
[2025-09-02 14:04:58] Операция: Внесение данных в таблицу Касса
id клиента: 157507359, Нал: -1750, Касса: 0, Эквайринг: 0, Перевод: 0, Расчетный_счет: 0, comment: 226671259, office: P1, Менеджер: Бунчина Ирина 👩‍💼 P1
[2025-09-02 14:04:58] Операция: Обновление баланса клиента в таблице Клиенты
id Клиента: 157507359, Баланс_новый: 2000
[2025-09-02 14:38:52] Операция: Внесение данных в таблицу Касса
id клиента: 1683676, Нал: -3760, Касса: 0, Эквайринг: 0, Перевод: 0, Расчетный_счет: 0, comment: Поставщик OS, office: S8, Менеджер: Гирчева Ольга 👩‍💼 S8
[2025-09-02 14:38:52] Операция: Обновление баланса клиента в таблице Клиенты
id Клиента: 1683676, Баланс_новый: -187180
[2025-09-02 15:25:40] Операция: Внесение данных в таблицу Касса
id клиента: 156535668, Нал: -2050, Касса: 0, Эквайринг: 0, Перевод: 0, Расчетный_счет: 0, comment: 221495574, office: K12, Менеджер: Гришина Надежда 👩‍💼 K12
[2025-09-02 15:25:40] Операция: Обновление баланса клиента в таблице Клиенты
id Клиента: 156535668, Баланс_новый: 0
[2025-09-03 08:46:01] Операция: Внесение данных в таблицу Касса
id клиента: 4, Нал: -150000, Касса: 0, Эквайринг: 0, Перевод: 0, Расчетный_счет: 0, comment: К12-Р5, office: K12, Менеджер: Гришина Надежда 👩‍💼 K12
[2025-09-03 08:46:01] Операция: Обновление баланса клиента в таблице Клиенты
id Клиента: 4, Баланс_новый: -150000
[2025-09-03 10:25:12] Операция: Внесение данных в таблицу Касса
id клиента: 1, Нал: -10000, Касса: 0, Эквайринг: 0, Перевод: 0, Расчетный_счет: 0, comment: Емелин Антон, office: P7, Менеджер: Алпатова Оксана 👩‍💼 P7
[2025-09-03 10:25:12] Операция: Обновление баланса клиента в таблице Клиенты
id Клиента: 1, Баланс_новый: -5111350
[2025-09-03 10:33:50] Операция: Внесение данных в таблицу Касса
id клиента: 1, Нал: -1200, Касса: 0, Эквайринг: 0, Перевод: 0, Расчетный_счет: 0, comment: Кибиткин Денис, office: P7, Менеджер: Алпатова Оксана 👩‍💼 P7
[2025-09-03 10:33:50] Операция: Обновление баланса клиента в таблице Клиенты
id Клиента: 1, Баланс_новый: -5112550
[2025-09-03 10:55:22] Операция: Внесение данных в таблицу Касса
id клиента: 4, Нал: -90000, Касса: 0, Эквайринг: 0, Перевод: 0, Расчетный_счет: 0, comment: Z6-P7, office: Z6, Менеджер: Соловков Александр 👨‍💼 Z6
[2025-09-03 10:55:22] Операция: Обновление баланса клиента в таблице Клиенты
id Клиента: 4, Баланс_новый: -240000
[2025-09-03 12:13:41] Операция: Внесение данных в таблицу Касса
id клиента: 1111112, Нал: -152, Касса: 0, Эквайринг: 0, Перевод: 0, Расчетный_счет: 0, comment: Чек №1712 от 2 сентября 2025г, office: P1, Менеджер: Максимкина Татьяна 👩‍💼 P1
[2025-09-03 12:13:41] Операция: Обновление баланса клиента в таблице Клиенты
id Клиента: 1111112, Баланс_новый: -15460
[2025-09-03 12:18:02] Операция: Внесение данных в таблицу Касса
id клиента: 156551159, Нал: 0, Касса: 0, Эквайринг: -8963, Перевод: 0, Расчетный_счет: 0, comment: 227448201, office: P5, Менеджер: Фролова Ирина 👩‍💼 P5
[2025-09-03 12:18:02] Операция: Обновление баланса клиента в таблице Клиенты
id Клиента: 156551159, Баланс_новый: -8825
[2025-09-03 14:27:01] Операция: Внесение данных в таблицу Касса
id клиента: 4, Нал: 0, Касса: -24000, Эквайринг: 0, Перевод: 0, Расчетный_счет: 0, comment: , office: Z6, Менеджер: Соловков Александр 👨‍💼 Z6
[2025-09-03 14:27:01] Операция: Обновление баланса клиента в таблице Клиенты
id Клиента: 4, Баланс_новый: -174000
[2025-09-04 11:17:45] Операция: Внесение данных в таблицу Касса
id клиента: 9, Нал: -2000, Касса: 0, Эквайринг: 0, Перевод: 0, Расчетный_счет: 0, comment: Уборка территории, office: P2, Менеджер: Анискина Ольга 👩‍💼 P2
[2025-09-04 11:17:45] Операция: Обновление баланса клиента в таблице Клиенты
id Клиента: 9, Баланс_новый: -279420
[2025-09-04 11:20:57] Операция: Внесение данных в таблицу Касса
id клиента: 1, Нал: -1200, Касса: 0, Эквайринг: 0, Перевод: 0, Расчетный_счет: 0, comment: Кибиткин Денис, office: P7, Менеджер: Алпатова Оксана 👩‍💼 P7
[2025-09-04 11:20:57] Операция: Обновление баланса клиента в таблице Клиенты
id Клиента: 1, Баланс_новый: -5113750
[2025-09-04 11:21:14] Операция: Внесение данных в таблицу Касса
id клиента: 1, Нал: -10000, Касса: 0, Эквайринг: 0, Перевод: 0, Расчетный_счет: 0, comment: Емелин Антон, office: P7, Менеджер: Алпатова Оксана 👩‍💼 P7
[2025-09-04 11:21:14] Операция: Обновление баланса клиента в таблице Клиенты
id Клиента: 1, Баланс_новый: -5123750
[2025-09-04 12:40:17] Операция: Внесение данных в таблицу Касса
id клиента: 4, Нал: -350000, Касса: 0, Эквайринг: 0, Перевод: 0, Расчетный_счет: 0, comment: P11->P5, office: P11, Менеджер: Голубева Мария 👩‍💼 P11
[2025-09-04 12:40:17] Операция: Обновление баланса клиента в таблице Клиенты
id Клиента: 4, Баланс_новый: -350000
[2025-09-04 13:15:42] Операция: Внесение данных в таблицу Касса
id клиента: 156537852, Нал: -100, Касса: 0, Эквайринг: 0, Перевод: 0, Расчетный_счет: 0, comment: Влаж. салфетки, office: P2, Менеджер: Анискина Ольга 👩‍💼 P2
[2025-09-04 13:15:42] Операция: Обновление баланса клиента в таблице Клиенты
id Клиента: 156537852, Баланс_новый: -133293
[2025-09-04 13:23:42] Операция: Внесение данных в таблицу Касса
id клиента: 156537852, Нал: -149, Касса: 0, Эквайринг: 0, Перевод: 0, Расчетный_счет: 0, comment: Туал. бумага, office: P7, Менеджер: Алпатова Оксана 👩‍💼 P7
[2025-09-04 13:23:42] Операция: Обновление баланса клиента в таблице Клиенты
id Клиента: 156537852, Баланс_новый: -133442
[2025-09-04 14:39:33] Операция: Внесение данных в таблицу Касса
id клиента: 10, Нал: -1760000, Касса: 0, Эквайринг: 0, Перевод: 0, Расчетный_счет: 0, comment: Наш друг (К) 👩, office: P5, Менеджер: Фролова Ирина 👩‍💼 P5
[2025-09-04 14:39:33] Операция: Обновление баланса клиента в таблице Клиенты
id Клиента: 10, Баланс_новый: -121652280
[2025-09-05 08:58:07] Операция: Внесение данных в таблицу Касса
id клиента: 4, Нал: -100000, Касса: 0, Эквайринг: 0, Перевод: 0, Расчетный_счет: 0, comment: К12-Р5, office: K12, Менеджер: Гришина Надежда 👩‍💼 K12
[2025-09-05 08:58:07] Операция: Обновление баланса клиента в таблице Клиенты
id Клиента: 4, Баланс_новый: -100000
[2025-09-05 09:21:21] Операция: Внесение данных в таблицу Касса
id клиента: 4, Нал: -585000, Касса: 0, Эквайринг: 0, Перевод: 0, Расчетный_счет: 0, comment: S4-P5, office: S4, Менеджер: Сонина Наталья 👩‍💼 S4
[2025-09-05 09:21:21] Операция: Обновление баланса клиента в таблице Клиенты
id Клиента: 4, Баланс_новый: -685000
[2025-09-05 09:21:31] Операция: Внесение данных в таблицу Касса
id клиента: 1, Нал: -1200, Касса: 0, Эквайринг: 0, Перевод: 0, Расчетный_счет: 0, comment: Кибиткин Денис, office: P7, Менеджер: Алпатова Оксана 👩‍💼 P7
[2025-09-05 09:21:31] Операция: Обновление баланса клиента в таблице Клиенты
id Клиента: 1, Баланс_новый: -5124950
[2025-09-05 09:42:18] Операция: Внесение данных в таблицу kassa
id клиента: 10, Нал: -50000, Касса: 0, Эквайринг: 0, Перевод: 0, Расчетный_счет: 0, comment: О.Н., office: P2, Менеджер: Бахтибекова Елена 👩‍💼 (Админ)
[2025-09-05 09:42:18] Операция: Обновление баланса клиента в таблице users
id Клиента: 10, Баланс_новый: -121702280, Баланс_старый: -121652280
[2025-09-05 09:43:32] Операция: Внесение данных в таблицу Касса
id клиента: 4, Нал: -200000, Касса: 0, Эквайринг: 0, Перевод: 0, Расчетный_счет: 0, comment: Z6-P7, office: Z6, Менеджер: Соловков Александр 👨‍💼 Z6
[2025-09-05 09:43:32] Операция: Обновление баланса клиента в таблице Клиенты
id Клиента: 4, Баланс_новый: -885000
[2025-09-05 10:40:58] Операция: Внесение данных в таблицу Касса
id клиента: 4, Нал: -585000, Касса: 0, Эквайринг: 0, Перевод: 0, Расчетный_счет: 0, comment: S8->P5, office: S8, Менеджер: Гирчева Ольга 👩‍💼 S8
[2025-09-05 10:40:58] Операция: Обновление баланса клиента в таблице Клиенты
id Клиента: 4, Баланс_новый: -1470000
[2025-09-05 11:23:59] Операция: Внесение данных в таблицу Касса
id клиента: 1, Нал: -10000, Касса: 0, Эквайринг: 0, Перевод: 0, Расчетный_счет: 0, comment: Емелин Антон, office: P7, Менеджер: Алпатова Оксана 👩‍💼 P7
[2025-09-05 11:23:59] Операция: Обновление баланса клиента в таблице Клиенты
id Клиента: 1, Баланс_новый: -5134950
[2025-09-05 11:56:04] Операция: Внесение данных в таблицу Касса
id клиента: 1, Нал: -3500, Касса: 0, Эквайринг: 0, Перевод: 0, Расчетный_счет: 0, comment: Ежов Дмитрий, office: P7, Менеджер: Алпатова Оксана 👩‍💼 P7
[2025-09-05 11:56:04] Операция: Обновление баланса клиента в таблице Клиенты
id Клиента: 1, Баланс_новый: -5138450
[2025-09-05 13:58:48] Операция: Внесение данных в таблицу Касса
id клиента: 1, Нал: -18000, Касса: 0, Эквайринг: 0, Перевод: 0, Расчетный_счет: 0, comment: Юркалов Дмитрий Р5, office: P5, Менеджер: Фролова Ирина 👩‍💼 P5
[2025-09-05 13:58:48] Операция: Обновление баланса клиента в таблице Клиенты
id Клиента: 1, Баланс_новый: -5156450
[2025-09-05 14:31:18] Операция: Внесение данных в таблицу Касса
id клиента: 157234950, Нал: 0, Касса: 0, Эквайринг: -2050, Перевод: 0, Расчетный_счет: 0, comment: 228619875, office: P1, Менеджер: Бунчина Ирина 👩‍💼 P1
[2025-09-05 14:31:18] Операция: Обновление баланса клиента в таблице Клиенты
id Клиента: 157234950, Баланс_новый: 6700
[2025-09-05 16:48:02] Операция: Внесение данных в таблицу Касса
id клиента: 1, Нал: -300, Касса: 0, Эквайринг: 0, Перевод: 0, Расчетный_счет: 0, comment: Инкассация, office: S4, Менеджер: Сонина Наталья 👩‍💼 S4
[2025-09-05 16:48:02] Операция: Обновление баланса клиента в таблице Клиенты
id Клиента: 1, Баланс_новый: -5156750
[2025-09-05 16:48:50] Операция: Внесение данных в таблицу Касса
id клиента: 156537852, Нал: -300, Касса: 0, Эквайринг: 0, Перевод: 0, Расчетный_счет: 0, comment: т.бумага+вл.салфетки, office: S4, Менеджер: Сонина Наталья 👩‍💼 S4
[2025-09-05 16:48:50] Операция: Обновление баланса клиента в таблице Клиенты
id Клиента: 156537852, Баланс_новый: -133742
[2025-09-05 17:13:54] Операция: Внесение данных в таблицу Касса
id клиента: 2839539, Нал: 0, Касса: 0, Эквайринг: -856, Перевод: 0, Расчетный_счет: 0, comment: 2839539 возврат, office: P2, Менеджер: Анискина Ольга 👩‍💼 P2
[2025-09-05 17:13:54] Операция: Обновление баланса клиента в таблице Клиенты
id Клиента: 2839539, Баланс_новый: 0
[2025-09-06 10:08:41] Операция: Внесение данных в таблицу Касса
id клиента: 1, Нал: -10800, Касса: 0, Эквайринг: 0, Перевод: 0, Расчетный_счет: 0, comment: Доставка Саранск, office: P5, Менеджер: Фролова Ирина 👩‍💼 P5
[2025-09-06 10:08:41] Операция: Обновление баланса клиента в таблице Клиенты
id Клиента: 1, Баланс_новый: -5167550
[2025-09-06 10:16:57] Операция: Внесение данных в таблицу Касса
id клиента: 1, Нал: -2500, Касса: 0, Эквайринг: 0, Перевод: 0, Расчетный_счет: 0, comment: Разгрузка 5 дней, office: S4, Менеджер: Сонина Наталья 👩‍💼 S4
[2025-09-06 10:16:57] Операция: Обновление баланса клиента в таблице Клиенты
id Клиента: 1, Баланс_новый: -5170050
[2025-09-06 10:23:50] Операция: Внесение данных в таблицу kassa
id клиента: 1, Нал: -1500, Касса: 0, Эквайринг: 0, Перевод: 0, Расчетный_счет: 0, comment: Водитель Сергей, office: S8, Менеджер: Гирчев Роман 👨‍💼 (Админ)
[2025-09-06 10:23:50] Операция: Обновление баланса клиента в таблице users
id Клиента: 1, Баланс_новый: -5171550, Баланс_старый: -5170050
[2025-09-06 10:24:31] Операция: Внесение данных в таблицу kassa
id клиента: 1, Нал: -14400, Касса: 0, Эквайринг: 0, Перевод: 0, Расчетный_счет: 0, comment: Доставка OS, office: S8, Менеджер: Гирчев Роман 👨‍💼 (Админ)
[2025-09-06 10:24:31] Операция: Обновление баланса клиента в таблице users
id Клиента: 1, Баланс_новый: -5185950, Баланс_старый: -5171550
[2025-09-06 11:02:27] Операция: Внесение данных в таблицу Касса
id клиента: 156875911, Нал: 0, Касса: 0, Эквайринг: -6820, Перевод: 0, Расчетный_счет: 0, comment: 228408071, возврат, office: P2, Менеджер: Анискина Ольга 👩‍💼 P2
[2025-09-06 11:02:27] Операция: Обновление баланса клиента в таблице Клиенты
id Клиента: 156875911, Баланс_новый: 3218
[2025-09-06 11:02:53] Операция: Внесение данных в таблицу Касса
id клиента: 156875911, Нал: 0, Касса: 0, Эквайринг: -3218, Перевод: 0, Расчетный_счет: 0, comment: 228300142, Возврат 1 позиции, office: P2, Менеджер: Анискина Ольга 👩‍💼 P2
[2025-09-06 11:02:53] Операция: Обновление баланса клиента в таблице Клиенты
id Клиента: 156875911, Баланс_новый: 0
[2025-09-06 11:33:52] Операция: Внесение данных в таблицу Касса
id клиента: 4, Нал: -1450000, Касса: 0, Эквайринг: 0, Перевод: 0, Расчетный_счет: 0, comment: P7-P5, office: P7, Менеджер: Алпатова Оксана 👩‍💼 P7
[2025-09-06 11:33:52] Операция: Обновление баланса клиента в таблице Клиенты
id Клиента: 4, Баланс_новый: -2720000
[2025-09-06 13:25:31] Операция: Внесение данных в таблицу Касса
id клиента: 10, Нал: -1760000, Касса: 0, Эквайринг: 0, Перевод: 0, Расчетный_счет: 0, comment: Наш друг (К), office: P5, Менеджер: Фролова Ирина 👩‍💼 P5
[2025-09-06 13:25:31] Операция: Обновление баланса клиента в таблице Клиенты
id Клиента: 10, Баланс_новый: -123462280
[2025-09-06 14:27:45] Операция: Внесение данных в таблицу Касса
id клиента: 1, Нал: -10000, Касса: 0, Эквайринг: 0, Перевод: 0, Расчетный_счет: 0, comment: Соловков Александр, office: Z6, Менеджер: Соловков Александр 👨‍💼 Z6
[2025-09-06 14:27:45] Операция: Обновление баланса клиента в таблице Клиенты
id Клиента: 1, Баланс_новый: -5195950
[2025-09-06 14:37:00] Операция: Внесение данных в таблицу kassa
id клиента: 1683676, Нал: -1880, Касса: 0, Эквайринг: 0, Перевод: 0, Расчетный_счет: 0, comment: Поставщик OS, office: S8, Менеджер: Гирчев Роман 👨‍💼 (Админ)
[2025-09-06 14:37:00] Операция: Обновление баланса клиента в таблице users
id Клиента: 1683676, Баланс_новый: -189060, Баланс_старый: -187180
[2025-09-06 15:02:19] Операция: Внесение данных в таблицу Касса
id клиента: 156537852, Нал: -150, Касса: 0, Эквайринг: 0, Перевод: 0, Расчетный_счет: 0, comment: Салфетки, office: P11, Менеджер: Голубева Мария 👩‍💼 P11
[2025-09-06 15:02:19] Операция: Обновление баланса клиента в таблице Клиенты
id Клиента: 156537852, Баланс_новый: -133877
[2025-09-08 09:58:17] Операция: Внесение данных в таблицу Касса
id клиента: 4, Нал: -100000, Касса: 0, Эквайринг: 0, Перевод: 0, Расчетный_счет: 0, comment: Z6-P7, office: Z6, Менеджер: Соловков Александр 👨‍💼 Z6
[2025-09-08 09:58:17] Операция: Обновление баланса клиента в таблице Клиенты
id Клиента: 4, Баланс_новый: -100000
[2025-09-08 11:10:33] Операция: Внесение данных в таблицу Касса
id клиента: 1, Нал: -2000, Касса: 0, Эквайринг: 0, Перевод: 0, Расчетный_счет: 0, comment: Доставка с Р5, office: K12, Менеджер: Гришина Надежда 👩‍💼 K12
[2025-09-08 11:10:33] Операция: Обновление баланса клиента в таблице Клиенты
id Клиента: 1, Баланс_новый: -5197950
[2025-09-08 12:55:22] Операция: Внесение данных в таблицу Касса
id клиента: 1, Нал: -1200, Касса: 0, Эквайринг: 0, Перевод: 0, Расчетный_счет: 0, comment: Кибиткин Денис, office: P7, Менеджер: Алпатова Оксана 👩‍💼 P7
[2025-09-08 12:55:22] Операция: Обновление баланса клиента в таблице Клиенты
id Клиента: 1, Баланс_новый: -5199150
[2025-09-08 12:55:40] Операция: Внесение данных в таблицу Касса
id клиента: 1, Нал: -10000, Касса: 0, Эквайринг: 0, Перевод: 0, Расчетный_счет: 0, comment: Емелин Антон, office: P7, Менеджер: Алпатова Оксана 👩‍💼 P7
[2025-09-08 12:55:40] Операция: Обновление баланса клиента в таблице Клиенты
id Клиента: 1, Баланс_новый: -5209150
[2025-09-08 12:55:58] Операция: Внесение данных в таблицу Касса
id клиента: 1, Нал: -3500, Касса: 0, Эквайринг: 0, Перевод: 0, Расчетный_счет: 0, comment: Ежов Дмитрий, office: P7, Менеджер: Алпатова Оксана 👩‍💼 P7
[2025-09-08 12:55:58] Операция: Обновление баланса клиента в таблице Клиенты
id Клиента: 1, Баланс_новый: -5212650
[2025-09-08 13:45:51] Операция: Внесение данных в таблицу Касса
id клиента: 1, Нал: -17500, Касса: 0, Эквайринг: 0, Перевод: 0, Расчетный_счет: 0, comment: Дасаев Ренат, office: P7, Менеджер: Алпатова Оксана 👩‍💼 P7
[2025-09-08 13:45:51] Операция: Обновление баланса клиента в таблице Клиенты
id Клиента: 1, Баланс_новый: -5230150
[2025-09-08 13:58:31] Операция: Внесение данных в таблицу Касса
id клиента: 156609805, Нал: 0, Касса: 0, Эквайринг: -1200, Перевод: 0, Расчетный_счет: 0, comment: Возврат 224982008, office: S8, Менеджер: Гирчева Ольга 👩‍💼 S8
[2025-09-08 13:58:31] Операция: Обновление баланса клиента в таблице Клиенты
id Клиента: 156609805, Баланс_новый: 0
[2025-09-08 14:34:30] Операция: Внесение данных в таблицу Касса
id клиента: 156648927, Нал: -4200, Касса: 0, Эквайринг: 0, Перевод: 0, Расчетный_счет: 0, comment: 228986440(возврат), office: P1, Менеджер: Максимкина Татьяна 👩‍💼 P1
[2025-09-08 14:34:30] Операция: Обновление баланса клиента в таблице Клиенты
id Клиента: 156648927, Баланс_новый: 0
[2025-09-09 08:50:50] Операция: Внесение данных в таблицу Касса
id клиента: 156537852, Нал: -100, Касса: 0, Эквайринг: 0, Перевод: 0, Расчетный_счет: 0, comment: Влаж салфетки, office: P2, Менеджер: Анискина Ольга 👩‍💼 P2
[2025-09-09 08:50:50] Операция: Обновление баланса клиента в таблице Клиенты
id Клиента: 156537852, Баланс_новый: -133977
[2025-09-09 08:51:31] Операция: Внесение данных в таблицу Касса
id клиента: 4, Нал: -150000, Касса: 0, Эквайринг: 0, Перевод: 0, Расчетный_счет: 0, comment: P2-P7, office: P2, Менеджер: Анискина Ольга 👩‍💼 P2
[2025-09-09 08:51:31] Операция: Обновление баланса клиента в таблице Клиенты
id Клиента: 4, Баланс_новый: -150000
[2025-09-09 09:27:36] Операция: Внесение данных в таблицу Касса
id клиента: 157594130, Нал: -3990, Касса: 0, Эквайринг: 0, Перевод: 0, Расчетный_счет: 0, comment: 228294884, office: P1, Менеджер: Максимкина Татьяна 👩‍💼 P1
[2025-09-09 09:27:36] Операция: Обновление баланса клиента в таблице Клиенты
id Клиента: 157594130, Баланс_новый: 0
[2025-09-09 09:45:49] Операция: Внесение данных в таблицу Касса
id клиента: 156537852, Нал: -150, Касса: 0, Эквайринг: 0, Перевод: 0, Расчетный_счет: 0, comment: полотенца, office: P11, Менеджер: Голубева Мария 👩‍💼 P11
[2025-09-09 09:45:49] Операция: Обновление баланса клиента в таблице Клиенты
id Клиента: 156537852, Баланс_новый: -134127
[2025-09-09 09:45:50] Операция: Внесение данных в таблицу Касса
id клиента: 156537852, Нал: -150, Касса: 0, Эквайринг: 0, Перевод: 0, Расчетный_счет: 0, comment: полотенца, office: P11, Менеджер: Голубева Мария 👩‍💼 P11
[2025-09-09 09:45:50] Операция: Обновление баланса клиента в таблице Клиенты
id Клиента: 156537852, Баланс_новый: -134277
[2025-09-09 10:23:09] Операция: Внесение данных в таблицу Касса
id клиента: 1, Нал: -1200, Касса: 0, Эквайринг: 0, Перевод: 0, Расчетный_счет: 0, comment: Кибиткин Денис, office: P7, Менеджер: Алпатова Оксана 👩‍💼 P7
[2025-09-09 10:23:09] Операция: Обновление баланса клиента в таблице Клиенты
id Клиента: 1, Баланс_новый: -5231350
[2025-09-09 10:23:26] Операция: Внесение данных в таблицу Касса
id клиента: 1, Нал: -5000, Касса: 0, Эквайринг: 0, Перевод: 0, Расчетный_счет: 0, comment: Никольск, office: P7, Менеджер: Алпатова Оксана 👩‍💼 P7
[2025-09-09 10:23:26] Операция: Обновление баланса клиента в таблице Клиенты
id Клиента: 1, Баланс_новый: -5236350
[2025-09-09 14:08:19] Операция: Внесение данных в таблицу Касса
id клиента: 1683676, Нал: -1880, Касса: 0, Эквайринг: 0, Перевод: 0, Расчетный_счет: 0, comment: Поставщик OS, office: S8, Менеджер: Гирчева Ольга 👩‍💼 S8
[2025-09-09 14:08:19] Операция: Обновление баланса клиента в таблице Клиенты
id Клиента: 1683676, Баланс_новый: -190940
[2025-09-09 14:15:18] Операция: Внесение данных в таблицу Касса
id клиента: 156987422, Нал: -12100, Касса: 0, Эквайринг: 0, Перевод: 0, Расчетный_счет: 0, comment: Возврат 227710436, office: P5, Менеджер: Фролова Ирина 👩‍💼 P5
[2025-09-09 14:15:18] Операция: Обновление баланса клиента в таблице Клиенты
id Клиента: 156987422, Баланс_новый: -12100
[2025-09-09 17:49:38] Операция: Внесение данных в таблицу Касса
id клиента: 1, Нал: -10000, Касса: 0, Эквайринг: 0, Перевод: 0, Расчетный_счет: 0, comment: Емелин Антон, office: P7, Менеджер: Алпатова Оксана 👩‍💼 P7
[2025-09-09 17:49:38] Операция: Обновление баланса клиента в таблице Клиенты
id Клиента: 1, Баланс_новый: -5246350
[2025-09-09 17:49:59] Операция: Внесение данных в таблицу Касса
id клиента: 1, Нал: -3500, Касса: 0, Эквайринг: 0, Перевод: 0, Расчетный_счет: 0, comment: Ежов Дмитрий, office: P7, Менеджер: Алпатова Оксана 👩‍💼 P7
[2025-09-09 17:49:59] Операция: Обновление баланса клиента в таблице Клиенты
id Клиента: 1, Баланс_новый: -5249850
[2025-09-09 18:02:03] Операция: Внесение данных в таблицу Касса
id клиента: 7, Нал: -1000, Касса: 0, Эквайринг: 0, Перевод: 0, Расчетный_счет: 0, comment: Коммуналка силикатная за свет, office: P1, Менеджер: Максимкина Татьяна 👩‍💼 P1
[2025-09-09 18:02:03] Операция: Обновление баланса клиента в таблице Клиенты
id Клиента: 7, Баланс_новый: -158056
[2025-09-09 18:40:53] Операция: Внесение данных в таблицу Касса
id клиента: 157619839, Нал: 0, Касса: 0, Эквайринг: -5000, Перевод: 0, Расчетный_счет: 0, comment: 229081574, возврат, office: P2, Менеджер: Анискина Ольга 👩‍💼 P2
[2025-09-09 18:40:53] Операция: Обновление баланса клиента в таблице Клиенты
id Клиента: 157619839, Баланс_новый: 0
[2025-09-10 10:14:16] Операция: Внесение данных в таблицу Касса
id клиента: 4, Нал: -150000, Касса: 0, Эквайринг: 0, Перевод: 0, Расчетный_счет: 0, comment: Z6-P7, office: Z6, Менеджер: Соловков Александр 👨‍💼 Z6
[2025-09-10 10:14:16] Операция: Обновление баланса клиента в таблице Клиенты
id Клиента: 4, Баланс_новый: -150000
[2025-09-10 11:23:44] Операция: Внесение данных в таблицу Касса
id клиента: 1, Нал: -1200, Касса: 0, Эквайринг: 0, Перевод: 0, Расчетный_счет: 0, comment: Кибиткин Денис, office: P7, Менеджер: Алпатова Оксана 👩‍💼 P7
[2025-09-10 11:23:44] Операция: Обновление баланса клиента в таблице Клиенты
id Клиента: 1, Баланс_новый: -5251050
[2025-09-10 11:24:01] Операция: Внесение данных в таблицу Касса
id клиента: 1, Нал: -10000, Касса: 0, Эквайринг: 0, Перевод: 0, Расчетный_счет: 0, comment: Емелин Антон, office: P7, Менеджер: Алпатова Оксана 👩‍💼 P7
[2025-09-10 11:24:01] Операция: Обновление баланса клиента в таблице Клиенты
id Клиента: 1, Баланс_новый: -5261050
[2025-09-10 11:24:29] Операция: Внесение данных в таблицу Касса
id клиента: 1, Нал: -3500, Касса: 0, Эквайринг: 0, Перевод: 0, Расчетный_счет: 0, comment: Ежов Дмитрий, office: P7, Менеджер: Алпатова Оксана 👩‍💼 P7
[2025-09-10 11:24:29] Операция: Обновление баланса клиента в таблице Клиенты
id Клиента: 1, Баланс_новый: -5264550
[2025-09-10 12:23:38] Операция: Внесение данных в таблицу Касса
id клиента: 156487739, Нал: 0, Касса: 0, Эквайринг: -350, Перевод: 0, Расчетный_счет: 0, comment: 228116677, office: P5, Менеджер: Фролова Ирина 👩‍💼 P5
[2025-09-10 12:23:38] Операция: Обновление баланса клиента в таблице Клиенты
id Клиента: 156487739, Баланс_новый: 1030
[2025-09-10 12:47:55] Операция: Внесение данных в таблицу Касса
id клиента: 157527826, Нал: 0, Касса: 0, Эквайринг: -10648, Перевод: 0, Расчетный_счет: 0, comment: 228326212, Возврат 2 подкрылка, office: P2, Менеджер: Анискина Ольга 👩‍💼 P2
[2025-09-10 12:47:55] Операция: Обновление баланса клиента в таблице Клиенты
id Клиента: 157527826, Баланс_новый: 0
[2025-09-10 13:03:53] Операция: Внесение данных в таблицу Касса
id клиента: 9, Нал: -14000, Касса: 0, Эквайринг: 0, Перевод: 0, Расчетный_счет: 0, comment: , office: P7, Менеджер: Алпатова Оксана 👩‍💼 P7
[2025-09-10 13:03:53] Операция: Обновление баланса клиента в таблице Клиенты
id Клиента: 9, Баланс_новый: -293420
[2025-09-10 14:31:20] Операция: Внесение данных в таблицу Касса
id клиента: 156531842, Нал: 0, Касса: 0, Эквайринг: -7086, Перевод: 0, Расчетный_счет: 0, comment: 228886672, возврат, office: P2, Менеджер: Анискина Ольга 👩‍💼 P2
[2025-09-10 14:31:20] Операция: Обновление баланса клиента в таблице Клиенты
id Клиента: 156531842, Баланс_новый: 0
[2025-09-10 17:27:53] Операция: Внесение данных в таблицу Касса
id клиента: 8, Нал: 0, Касса: -4259, Эквайринг: 0, Перевод: 0, Расчетный_счет: 0, comment: 632638, office: P1, Менеджер: Бунчина Ирина 👩‍💼 P1
[2025-09-10 17:27:53] Операция: Обновление баланса клиента в таблице Клиенты
id Клиента: 8, Баланс_новый: 1511035
[2025-09-11 09:17:24] Операция: Внесение данных в таблицу Касса
id клиента: 1, Нал: -1200, Касса: 0, Эквайринг: 0, Перевод: 0, Расчетный_счет: 0, comment: Кибиткин Денис, office: P7, Менеджер: Алпатова Оксана 👩‍💼 P7
[2025-09-11 09:17:24] Операция: Обновление баланса клиента в таблице Клиенты
id Клиента: 1, Баланс_новый: -5265750
[2025-09-11 09:17:42] Операция: Внесение данных в таблицу Касса
id клиента: 1, Нал: -10000, Касса: 0, Эквайринг: 0, Перевод: 0, Расчетный_счет: 0, comment: Емелин Антон, office: P7, Менеджер: Алпатова Оксана 👩‍💼 P7
[2025-09-11 09:17:42] Операция: Обновление баланса клиента в таблице Клиенты
id Клиента: 1, Баланс_новый: -5275750
[2025-09-11 09:18:01] Операция: Внесение данных в таблицу Касса
id клиента: 1, Нал: -3500, Касса: 0, Эквайринг: 0, Перевод: 0, Расчетный_счет: 0, comment: Ежов Дмитрий, office: P7, Менеджер: Алпатова Оксана 👩‍💼 P7
[2025-09-11 09:18:01] Операция: Обновление баланса клиента в таблице Клиенты
id Клиента: 1, Баланс_новый: -5279250
[2025-09-11 09:24:05] Операция: Внесение данных в таблицу Касса
id клиента: 4, Нал: -270000, Касса: 0, Эквайринг: 0, Перевод: 0, Расчетный_счет: 0, comment: К12-Р5, office: K12, Менеджер: Гришина Надежда 👩‍💼 K12
[2025-09-11 09:24:05] Операция: Обновление баланса клиента в таблице Клиенты
id Клиента: 4, Баланс_новый: -270000
[2025-09-11 11:19:45] Операция: Внесение данных в таблицу Касса
id клиента: 10, Нал: -1760000, Касса: 0, Эквайринг: 0, Перевод: 0, Расчетный_счет: 0, comment: Наш друг (К) 👩, office: P5, Менеджер: Фролова Ирина 👩‍💼 P5
[2025-09-11 11:19:45] Операция: Обновление баланса клиента в таблице Клиенты
id Клиента: 10, Баланс_новый: -125222280
[2025-09-11 14:11:22] Операция: Внесение данных в таблицу Касса
id клиента: 156804971, Нал: 0, Касса: 0, Эквайринг: -534, Перевод: 0, Расчетный_счет: 0, comment: 228768943, office: P5, Менеджер: Фролова Ирина 👩‍💼 P5
[2025-09-11 14:11:22] Операция: Обновление баланса клиента в таблице Клиенты
id Клиента: 156804971, Баланс_новый: -534
[2025-09-11 14:39:39] Операция: Внесение данных в таблицу Касса
id клиента: 157124969, Нал: 0, Касса: 0, Эквайринг: -3300, Перевод: 0, Расчетный_счет: 0, comment: 229762401, office: P11, Менеджер: Голубева Мария 👩‍💼 P11
[2025-09-11 14:39:39] Операция: Обновление баланса клиента в таблице Клиенты
id Клиента: 157124969, Баланс_новый: 0
[2025-09-11 15:03:34] Операция: Внесение данных в таблицу Касса
id клиента: 155757305, Нал: 0, Касса: 0, Эквайринг: -10010, Перевод: 0, Расчетный_счет: 0, comment: Возврат 229155872, office: S8, Менеджер: Гирчева Ольга 👩‍💼 S8
[2025-09-11 15:03:34] Операция: Обновление баланса клиента в таблице Клиенты
id Клиента: 155757305, Баланс_новый: -10010
[2025-09-11 16:01:07] Операция: Внесение данных в таблицу Касса
id клиента: 156537852, Нал: -650, Касса: 0, Эквайринг: 0, Перевод: 0, Расчетный_счет: 0, comment: Чистящий крем(для раковины),средство для мытья полов,средство для чистки сантехники,освежитель воздуха., office: P7, Менеджер: Алпатова Оксана 👩‍💼 P7
[2025-09-11 16:01:07] Операция: Обновление баланса клиента в таблице Клиенты
id Клиента: 156537852, Баланс_новый: -134777
[2025-09-11 17:07:57] Операция: Внесение данных в таблицу Касса
id клиента: 156452367, Нал: -5180, Касса: 0, Эквайринг: 0, Перевод: 0, Расчетный_счет: 0, comment: 228795842, office: P5, Менеджер: Фролова Ирина 👩‍💼 P5
[2025-09-11 17:07:57] Операция: Обновление баланса клиента в таблице Клиенты
id Клиента: 156452367, Баланс_новый: 62220
[2025-09-12 08:44:58] Операция: Внесение данных в таблицу Касса
id клиента: 4, Нал: -180000, Касса: 0, Эквайринг: 0, Перевод: 0, Расчетный_счет: 0, comment: К12-Р5, office: K12, Менеджер: Гришина Надежда 👩‍💼 K12
[2025-09-12 08:44:58] Операция: Обновление баланса клиента в таблице Клиенты
id Клиента: 4, Баланс_новый: -180000
[2025-09-12 09:17:50] Операция: Внесение данных в таблицу Касса
id клиента: 156452367, Нал: -1990, Касса: 0, Эквайринг: 0, Перевод: 0, Расчетный_счет: 0, comment: 228795842, office: P5, Менеджер: Фролова Ирина 👩‍💼 P5
[2025-09-12 09:17:50] Операция: Обновление баланса клиента в таблице Клиенты
id Клиента: 156452367, Баланс_новый: 65410
[2025-09-12 09:26:32] Операция: Внесение данных в таблицу Касса
id клиента: 4, Нал: -806000, Касса: 0, Эквайринг: 0, Перевод: 0, Расчетный_счет: 0, comment: S8->P5, office: S8, Менеджер: Гирчева Ольга 👩‍💼 S8
[2025-09-12 09:26:32] Операция: Обновление баланса клиента в таблице Клиенты
id Клиента: 4, Баланс_новый: -986000
[2025-09-12 09:31:14] Операция: Внесение данных в таблицу Касса
id клиента: 1, Нал: -1200, Касса: 0, Эквайринг: 0, Перевод: 0, Расчетный_счет: 0, comment: Кибиткин Денис, office: P7, Менеджер: Алпатова Оксана 👩‍💼 P7
[2025-09-12 09:31:14] Операция: Обновление баланса клиента в таблице Клиенты
id Клиента: 1, Баланс_новый: -5280450
[2025-09-12 09:31:34] Операция: Внесение данных в таблицу Касса
id клиента: 1, Нал: -10000, Касса: 0, Эквайринг: 0, Перевод: 0, Расчетный_счет: 0, comment: Емелин Антон, office: P7, Менеджер: Алпатова Оксана 👩‍💼 P7
[2025-09-12 09:31:34] Операция: Обновление баланса клиента в таблице Клиенты
id Клиента: 1, Баланс_новый: -5290450
[2025-09-12 09:31:54] Операция: Внесение данных в таблицу Касса
id клиента: 1, Нал: -3500, Касса: 0, Эквайринг: 0, Перевод: 0, Расчетный_счет: 0, comment: Ежов Дмитрий, office: P7, Менеджер: Алпатова Оксана 👩‍💼 P7
[2025-09-12 09:31:54] Операция: Обновление баланса клиента в таблице Клиенты
id Клиента: 1, Баланс_новый: -5293950
[2025-09-12 09:42:54] Операция: Внесение данных в таблицу Касса
id клиента: 4, Нал: -200000, Касса: 0, Эквайринг: 0, Перевод: 0, Расчетный_счет: 0, comment: Z6-P7, office: Z6, Менеджер: Соловков Александр 👨‍💼 Z6
[2025-09-12 09:42:54] Операция: Обновление баланса клиента в таблице Клиенты
id Клиента: 4, Баланс_новый: -1186000
[2025-09-12 10:39:10] Операция: Внесение данных в таблицу Касса
id клиента: 156537852, Нал: -1000, Касса: 0, Эквайринг: 0, Перевод: 0, Расчетный_счет: 0, comment: Чист.сре-ва.туал.бумага,канц товары, office: K12, Менеджер: Гришина Надежда 👩‍💼 K12
[2025-09-12 10:39:10] Операция: Обновление баланса клиента в таблице Клиенты
id Клиента: 156537852, Баланс_новый: -135777
[2025-09-12 10:48:04] Операция: Внесение данных в таблицу Касса
id клиента: 10, Нал: -448850, Касса: 0, Эквайринг: 0, Перевод: 0, Расчетный_счет: 0, comment:  Наш друг (С) 👨, office: P7, Менеджер: Алпатова Оксана 👩‍💼 P7
[2025-09-12 10:48:04] Операция: Обновление баланса клиента в таблице Клиенты
id Клиента: 10, Баланс_новый: -125671130
[2025-09-12 11:56:54] Операция: Внесение данных в таблицу Касса
id клиента: 10, Нал: -693000, Касса: 0, Эквайринг: 0, Перевод: 0, Расчетный_счет: 0, comment: Мирен->Салоны, office: P5, Менеджер: Фролова Ирина 👩‍💼 P5
[2025-09-12 11:56:54] Операция: Обновление баланса клиента в таблице Клиенты
id Клиента: 10, Баланс_новый: -126364130
[2025-09-12 11:58:07] Операция: Внесение данных в таблицу Касса
id клиента: 10, Нал: -100000, Касса: 0, Эквайринг: 0, Перевод: 0, Расчетный_счет: 0, comment: Сотки, office: P5, Менеджер: Фролова Ирина 👩‍💼 P5
[2025-09-12 11:58:07] Операция: Обновление баланса клиента в таблице Клиенты
id Клиента: 10, Баланс_новый: -126464130
[2025-09-12 13:01:58] Операция: Внесение данных в таблицу Касса
id клиента: 10, Нал: -500000, Касса: 0, Эквайринг: 0, Перевод: 0, Расчетный_счет: 0, comment: Мирен, office: P7, Менеджер: Алпатова Оксана 👩‍💼 P7
[2025-09-12 13:01:58] Операция: Обновление баланса клиента в таблице Клиенты
id Клиента: 10, Баланс_новый: -126964130
[2025-09-12 13:46:17] Операция: Внесение данных в таблицу Касса
id клиента: 4, Нал: -690000, Касса: 0, Эквайринг: 0, Перевод: 0, Расчетный_счет: 0, comment: S4-P5, office: S4, Менеджер: Сонина Наталья 👩‍💼 S4
[2025-09-12 13:46:17] Операция: Обновление баланса клиента в таблице Клиенты
id Клиента: 4, Баланс_новый: -1876000
[2025-09-12 13:46:49] Операция: Внесение данных в таблицу Касса
id клиента: 1, Нал: -300, Касса: 0, Эквайринг: 0, Перевод: 0, Расчетный_счет: 0, comment: Инкассация, office: S4, Менеджер: Сонина Наталья 👩‍💼 S4
[2025-09-12 13:46:49] Операция: Обновление баланса клиента в таблице Клиенты
id Клиента: 1, Баланс_новый: -5294250
[2025-09-12 14:11:34] Операция: Внесение данных в таблицу Касса
id клиента: 156751394, Нал: -4343, Касса: 0, Эквайринг: 0, Перевод: 0, Расчетный_счет: 0, comment: 229240240
229403592
229796011, office: P5, Менеджер: Фролова Ирина 👩‍💼 P5
[2025-09-12 14:11:34] Операция: Обновление баланса клиента в таблице Клиенты
id Клиента: 156751394, Баланс_новый: 2211
[2025-09-12 14:34:29] Операция: Внесение данных в таблицу Касса
id клиента: 1, Нал: -18000, Касса: 0, Эквайринг: 0, Перевод: 0, Расчетный_счет: 0, comment: Юркалов Дмитрий, office: P5, Менеджер: Фролова Ирина 👩‍💼 P5
[2025-09-12 14:34:29] Операция: Обновление баланса клиента в таблице Клиенты
id Клиента: 1, Баланс_новый: -5312250
[2025-09-13 09:06:08] Операция: Внесение данных в таблицу Касса
id клиента: 4, Нал: -180000, Касса: 0, Эквайринг: 0, Перевод: 0, Расчетный_счет: 0, comment: К12-Р5, office: K12, Менеджер: Гришина Надежда 👩‍💼 K12
[2025-09-13 09:06:08] Операция: Обновление баланса клиента в таблице Клиенты
id Клиента: 4, Баланс_новый: -1856000
[2025-09-13 10:19:05] Операция: Внесение данных в таблицу kassa
id клиента: 1, Нал: -1500, Касса: 0, Эквайринг: 0, Перевод: 0, Расчетный_счет: 0, comment: Водитель Сергей, office: S8, Менеджер: Гирчев Роман 👨‍💼 (Админ)
[2025-09-13 10:19:05] Операция: Обновление баланса клиента в таблице users
id Клиента: 1, Баланс_новый: -5313750, Баланс_старый: -5312250
[2025-09-13 10:19:28] Операция: Внесение данных в таблицу kassa
id клиента: 1, Нал: -14400, Касса: 0, Эквайринг: 0, Перевод: 0, Расчетный_счет: 0, comment: Доставка OS, office: S8, Менеджер: Гирчев Роман 👨‍💼 (Админ)
[2025-09-13 10:19:28] Операция: Обновление баланса клиента в таблице users
id Клиента: 1, Баланс_новый: -5328150, Баланс_старый: -5313750
[2025-09-13 11:54:34] Операция: Внесение данных в таблицу Касса
id клиента: 10, Нал: -1760000, Касса: 0, Эквайринг: 0, Перевод: 0, Расчетный_счет: 0, comment: Наш друг (К) 👩, office: P5, Менеджер: Фролова Ирина 👩‍💼 P5
[2025-09-13 11:54:34] Операция: Обновление баланса клиента в таблице Клиенты
id Клиента: 10, Баланс_новый: -128724130
[2025-09-13 12:14:52] Операция: Внесение данных в таблицу Касса
id клиента: 1, Нал: -10200, Касса: 0, Эквайринг: 0, Перевод: 0, Расчетный_счет: 0, comment: Доставка Саранск, office: P5, Менеджер: Фролова Ирина 👩‍💼 P5
[2025-09-13 12:14:52] Операция: Обновление баланса клиента в таблице Клиенты
id Клиента: 1, Баланс_новый: -5338350
[2025-09-13 12:16:40] Операция: Внесение данных в таблицу Касса
id клиента: 156537852, Нал: -3000, Касса: 0, Эквайринг: 0, Перевод: 0, Расчетный_счет: 0, comment: Савушкин, топливо, office: P5, Менеджер: Фролова Ирина 👩‍💼 P5
[2025-09-13 12:16:40] Операция: Обновление баланса клиента в таблице Клиенты
id Клиента: 156537852, Баланс_новый: -138777
[2025-09-13 13:26:59] Операция: Внесение данных в таблицу Касса
id клиента: 4, Нал: -455000, Касса: 0, Эквайринг: 0, Перевод: 0, Расчетный_счет: 0, comment: P1-P7, office: P1, Менеджер: Максимкина Татьяна 👩‍💼 P1
[2025-09-13 13:26:59] Операция: Обновление баланса клиента в таблице Клиенты
id Клиента: 4, Баланс_новый: -455000
[2025-09-13 13:58:20] Операция: Внесение данных в таблицу Касса
id клиента: 157584911, Нал: 0, Касса: 0, Эквайринг: -1650, Перевод: 0, Расчетный_счет: 0, comment: 157584911, office: P5, Менеджер: Фролова Ирина 👩‍💼 P5
[2025-09-13 13:58:20] Операция: Обновление баланса клиента в таблице Клиенты
id Клиента: 157584911, Баланс_новый: 0
[2025-09-13 13:59:40] Операция: Внесение данных в таблицу Касса
id клиента: 157584911, Нал: 0, Касса: 0, Эквайринг: -1700, Перевод: 0, Расчетный_счет: 0, comment: 227966345, office: P5, Менеджер: Фролова Ирина 👩‍💼 P5
[2025-09-13 13:59:40] Операция: Обновление баланса клиента в таблице Клиенты
id Клиента: 157584911, Баланс_новый: 0
[2025-09-13 14:42:06] Операция: Внесение данных в таблицу Касса
id клиента: 1, Нал: -12000, Касса: 0, Эквайринг: 0, Перевод: 0, Расчетный_счет: 0, comment: Соловков Александр, office: Z6, Менеджер: Соловков Александр 👨‍💼 Z6
[2025-09-13 14:42:06] Операция: Обновление баланса клиента в таблице Клиенты
id Клиента: 1, Баланс_новый: -5350350
[2025-09-13 15:50:17] Операция: Внесение данных в таблицу Касса
id клиента: 156537852, Нал: -200, Касса: 0, Эквайринг: 0, Перевод: 0, Расчетный_счет: 0, comment: Т/бумага, office: P1, Менеджер: Максимкина Татьяна 👩‍💼 P1
[2025-09-13 15:50:17] Операция: Обновление баланса клиента в таблице Клиенты
id Клиента: 156537852, Баланс_новый: -138977
[2025-09-15 09:59:07] Операция: Внесение данных в таблицу Касса
id клиента: 4, Нал: -250000, Касса: 0, Эквайринг: 0, Перевод: 0, Расчетный_счет: 0, comment: Z6-P7, office: Z6, Менеджер: Соловков Александр 👨‍💼 Z6
[2025-09-15 09:59:07] Операция: Обновление баланса клиента в таблице Клиенты
id Клиента: 4, Баланс_новый: -250000
[2025-09-15 10:06:41] Операция: Внесение данных в таблицу Касса
id клиента: 1, Нал: -1200, Касса: 0, Эквайринг: 0, Перевод: 0, Расчетный_счет: 0, comment: Кибиткин Денис, office: P7, Менеджер: Алпатова Оксана 👩‍💼 P7
[2025-09-15 10:06:41] Операция: Обновление баланса клиента в таблице Клиенты
id Клиента: 1, Баланс_новый: -5351550
[2025-09-15 10:06:58] Операция: Внесение данных в таблицу Касса
id клиента: 1, Нал: -10000, Касса: 0, Эквайринг: 0, Перевод: 0, Расчетный_счет: 0, comment: Емелин Антон, office: P7, Менеджер: Алпатова Оксана 👩‍💼 P7
[2025-09-15 10:06:58] Операция: Обновление баланса клиента в таблице Клиенты
id Клиента: 1, Баланс_новый: -5361550
[2025-09-15 10:09:09] Операция: Внесение данных в таблицу Касса
id клиента: 11111114, Нал: -17900, Касса: 0, Эквайринг: 0, Перевод: 0, Расчетный_счет: 0, comment: За август 2025, office: P5, Менеджер: Фролова Ирина 👩‍💼 P5
[2025-09-15 10:09:09] Операция: Обновление баланса клиента в таблице Клиенты
id Клиента: 11111114, Баланс_новый: -442600
[2025-09-15 10:22:19] Операция: Внесение данных в таблицу Касса
id клиента: 9, Нал: -1000, Касса: 0, Эквайринг: 0, Перевод: 0, Расчетный_счет: 0, comment: Уборка, office: S8, Менеджер: Гирчева Ольга 👩‍💼 S8
[2025-09-15 10:22:19] Операция: Обновление баланса клиента в таблице Клиенты
id Клиента: 9, Баланс_новый: -294420
[2025-09-15 10:45:20] Операция: Внесение данных в таблицу Касса
id клиента: 1, Нал: -2000, Касса: 0, Эквайринг: 0, Перевод: 0, Расчетный_счет: 0, comment: Доставка с Р5, office: K12, Менеджер: Гришина Надежда 👩‍💼 K12
[2025-09-15 10:45:20] Операция: Обновление баланса клиента в таблице Клиенты
id Клиента: 1, Баланс_новый: -5363550
[2025-09-15 11:10:15] Операция: Внесение данных в таблицу Касса
id клиента: 1, Нал: -17500, Касса: 0, Эквайринг: 0, Перевод: 0, Расчетный_счет: 0, comment: Дасаев Ренат, office: P7, Менеджер: Алпатова Оксана 👩‍💼 P7
[2025-09-15 11:10:15] Операция: Обновление баланса клиента в таблице Клиенты
id Клиента: 1, Баланс_новый: -5381050
[2025-09-15 12:36:26] Операция: Внесение данных в таблицу Касса
id клиента: 1, Нал: -16000, Касса: 0, Эквайринг: 0, Перевод: 0, Расчетный_счет: 0, comment: Ежов Дмитрий, office: P7, Менеджер: Алпатова Оксана 👩‍💼 P7
[2025-09-15 12:36:26] Операция: Обновление баланса клиента в таблице Клиенты
id Клиента: 1, Баланс_новый: -5397050
[2025-09-15 16:07:42] Операция: Внесение данных в таблицу Касса
id клиента: 4, Нал: -600000, Касса: 0, Эквайринг: 0, Перевод: 0, Расчетный_счет: 0, comment: P7-P5, office: P7, Менеджер: Алпатова Оксана 👩‍💼 P7
[2025-09-15 16:07:42] Операция: Обновление баланса клиента в таблице Клиенты
id Клиента: 4, Баланс_новый: -600000
[2025-09-16 10:05:03] Операция: Внесение данных в таблицу Касса
id клиента: 4, Нал: -40813, Касса: -40813, Эквайринг: 0, Перевод: 0, Расчетный_счет: 0, comment: , office: K12, Менеджер: Гришина Надежда 👩‍💼 K12
[2025-09-16 10:05:03] Операция: Обновление баланса клиента в таблице Клиенты
id Клиента: 4, Баланс_новый: -681626
[2025-09-16 10:07:21] Операция: Внесение данных в таблицу Касса
id клиента: 1, Нал: -1200, Касса: 0, Эквайринг: 0, Перевод: 0, Расчетный_счет: 0, comment: Кибиткин Денис, office: P7, Менеджер: Алпатова Оксана 👩‍💼 P7
[2025-09-16 10:07:21] Операция: Обновление баланса клиента в таблице Клиенты
id Клиента: 1, Баланс_новый: -5401250
[2025-09-16 10:07:38] Операция: Внесение данных в таблицу Касса
id клиента: 1, Нал: -10000, Касса: 0, Эквайринг: 0, Перевод: 0, Расчетный_счет: 0, comment: Емелин Антон, office: P7, Менеджер: Алпатова Оксана 👩‍💼 P7
[2025-09-16 10:07:38] Операция: Обновление баланса клиента в таблице Клиенты
id Клиента: 1, Баланс_новый: -5411250
[2025-09-16 11:58:35] Операция: Внесение данных в таблицу Касса
id клиента: 1111112, Нал: -1035, Касса: 0, Эквайринг: 0, Перевод: 0, Расчетный_счет: 0, comment: Чек №1815 от 15.09.25, office: P5, Менеджер: Фролова Ирина 👩‍💼 P5
[2025-09-16 11:58:35] Операция: Обновление баланса клиента в таблице Клиенты
id Клиента: 1111112, Баланс_новый: -16495
[2025-09-16 18:44:20] Операция: Внесение данных в таблицу Касса
id клиента: 8, Нал: 0, Касса: 0, Эквайринг: -10670, Перевод: 0, Расчетный_счет: 0, comment: 2804368 , office: P5, Менеджер: Фролова Ирина 👩‍💼 P5
[2025-09-16 18:44:20] Операция: Обновление баланса клиента в таблице Клиенты
id Клиента: 8, Баланс_новый: 1566925
[2025-09-17 09:08:36] Операция: Внесение данных в таблицу Касса
id клиента: 4, Нал: -250000, Касса: 0, Эквайринг: 0, Перевод: 0, Расчетный_счет: 0, comment: К12-Р5, office: K12, Менеджер: Гришина Надежда 👩‍💼 K12
[2025-09-17 09:08:36] Операция: Обновление баланса клиента в таблице Клиенты
id Клиента: 4, Баланс_новый: -850000
[2025-09-17 09:17:17] Операция: Внесение данных в таблицу Касса
id клиента: 1, Нал: -1200, Касса: 0, Эквайринг: 0, Перевод: 0, Расчетный_счет: 0, comment: Кибиткин Денис, office: P7, Менеджер: Алпатова Оксана 👩‍💼 P7
[2025-09-17 09:17:17] Операция: Обновление баланса клиента в таблице Клиенты
id Клиента: 1, Баланс_новый: -5412450
[2025-09-17 09:17:39] Операция: Внесение данных в таблицу Касса
id клиента: 1, Нал: -10000, Касса: 0, Эквайринг: 0, Перевод: 0, Расчетный_счет: 0, comment: Емелин Антон, office: P7, Менеджер: Алпатова Оксана 👩‍💼 P7
[2025-09-17 09:17:39] Операция: Обновление баланса клиента в таблице Клиенты
id Клиента: 1, Баланс_новый: -5422450
[2025-09-17 09:55:15] Операция: Внесение данных в таблицу Касса
id клиента: 4, Нал: -100000, Касса: 0, Эквайринг: 0, Перевод: 0, Расчетный_счет: 0, comment: Z6-P7, office: Z6, Менеджер: Соловков Александр 👨‍💼 Z6
[2025-09-17 09:55:15] Операция: Обновление баланса клиента в таблице Клиенты
id Клиента: 4, Баланс_новый: -950000
[2025-09-17 10:40:17] Операция: Внесение данных в таблицу Касса
id клиента: 156537852, Нал: -250, Касса: 0, Эквайринг: 0, Перевод: 0, Расчетный_счет: 0, comment: Доставка воды, office: S8, Менеджер: Гирчева Ольга 👩‍💼 S8
[2025-09-17 10:40:17] Операция: Обновление баланса клиента в таблице Клиенты
id Клиента: 156537852, Баланс_новый: -139227
[2025-09-17 10:54:13] Операция: Внесение данных в таблицу Касса
id клиента: 155822993, Нал: 0, Касса: 0, Эквайринг: -160, Перевод: 0, Расчетный_счет: 0, comment: Возврат 10J1726 1шт, office: S4, Менеджер: Сонина Наталья 👩‍💼 S4
[2025-09-17 10:54:13] Операция: Обновление баланса клиента в таблице Клиенты
id Клиента: 155822993, Баланс_новый: 0
[2025-09-17 17:53:12] Операция: Внесение данных в таблицу Касса
id клиента: 156875893, Нал: 0, Касса: 0, Эквайринг: -600, Перевод: 0, Расчетный_счет: 0, comment: 230589503, office: P5, Менеджер: Фролова Ирина 👩‍💼 P5
[2025-09-17 17:53:12] Операция: Обновление баланса клиента в таблице Клиенты
id Клиента: 156875893, Баланс_новый: -600
[2025-09-18 09:20:32] Операция: Внесение данных в таблицу Касса
id клиента: 4, Нал: -250000, Касса: 0, Эквайринг: 0, Перевод: 0, Расчетный_счет: 0, comment: К12-Р5, office: K12, Менеджер: Гришина Надежда 👩‍💼 K12
[2025-09-18 09:20:32] Операция: Обновление баланса клиента в таблице Клиенты
id Клиента: 4, Баланс_новый: -500000
[2025-09-18 11:01:24] Операция: Внесение данных в таблицу Касса
id клиента: 156518495, Нал: -2000, Касса: 0, Эквайринг: 0, Перевод: 0, Расчетный_счет: 0, comment: 229871157(возврат), office: P1, Менеджер: Максимкина Татьяна 👩‍💼 P1
[2025-09-18 11:01:24] Операция: Обновление баланса клиента в таблице Клиенты
id Клиента: 156518495, Баланс_новый: 0
[2025-09-18 11:39:04] Операция: Внесение данных в таблицу Касса
id клиента: 157681844, Нал: -340, Касса: 0, Эквайринг: 0, Перевод: 0, Расчетный_счет: 0, comment: 229934240, office: P2, Менеджер: Анискина Ольга 👩‍💼 P2
[2025-09-18 11:39:04] Операция: Обновление баланса клиента в таблице Клиенты
id Клиента: 157681844, Баланс_новый: -340
[2025-09-18 11:45:04] Операция: Внесение данных в таблицу Касса
id клиента: 156537852, Нал: -250, Касса: 0, Эквайринг: 0, Перевод: 0, Расчетный_счет: 0, comment: Доставка воды, office: S4, Менеджер: Сонина Наталья 👩‍💼 S4
[2025-09-18 11:45:04] Операция: Обновление баланса клиента в таблице Клиенты
id Клиента: 156537852, Баланс_новый: -139477
[2025-09-18 13:53:44] Операция: Внесение данных в таблицу Касса
id клиента: 1, Нал: -10000, Касса: 0, Эквайринг: 0, Перевод: 0, Расчетный_счет: 0, comment: Емелин Антон, office: P7, Менеджер: Алпатова Оксана 👩‍💼 P7
[2025-09-18 13:53:44] Операция: Обновление баланса клиента в таблице Клиенты
id Клиента: 1, Баланс_новый: -5432450
[2025-09-18 15:27:50] Операция: Внесение данных в таблицу Касса
id клиента: 155676937, Нал: 0, Касса: 0, Эквайринг: -3500, Перевод: 0, Расчетный_счет: 0, comment: Возврат 230863542, office: S8, Менеджер: Гирчева Ольга 👩‍💼 S8
[2025-09-18 15:27:50] Операция: Обновление баланса клиента в таблице Клиенты
id Клиента: 155676937, Баланс_новый: -3500
[2025-09-18 15:37:19] Операция: Внесение данных в таблицу Касса
id клиента: 10, Нал: -1760000, Касса: 0, Эквайринг: 0, Перевод: 0, Расчетный_счет: 0, comment: Наш друг (К) 👩, office: P5, Менеджер: Фролова Ирина 👩‍💼 P5
[2025-09-18 15:37:19] Операция: Обновление баланса клиента в таблице Клиенты
id Клиента: 10, Баланс_новый: -130484130
[2025-09-18 17:03:06] Операция: Внесение данных в таблицу Касса
id клиента: 156537852, Нал: -180, Касса: 0, Эквайринг: 0, Перевод: 0, Расчетный_счет: 0, comment: Туалетная бумага, office: P7, Менеджер: Алпатова Оксана 👩‍💼 P7
[2025-09-18 17:03:06] Операция: Обновление баланса клиента в таблице Клиенты
id Клиента: 156537852, Баланс_новый: -139657
[2025-09-19 09:07:02] Операция: Внесение данных в таблицу Касса
id клиента: 1, Нал: -1200, Касса: 0, Эквайринг: 0, Перевод: 0, Расчетный_счет: 0, comment: Кибиткин Денис, office: P7, Менеджер: Алпатова Оксана 👩‍💼 P7
[2025-09-19 09:07:02] Операция: Обновление баланса клиента в таблице Клиенты
id Клиента: 1, Баланс_новый: -5433650
[2025-09-19 09:07:19] Операция: Внесение данных в таблицу Касса
id клиента: 1, Нал: -10000, Касса: 0, Эквайринг: 0, Перевод: 0, Расчетный_счет: 0, comment: Емелин Антон, office: P7, Менеджер: Алпатова Оксана 👩‍💼 P7
[2025-09-19 09:07:19] Операция: Обновление баланса клиента в таблице Клиенты
id Клиента: 1, Баланс_новый: -5443650
[2025-09-19 09:15:41] Операция: Внесение данных в таблицу Касса
id клиента: 4, Нал: -652000, Касса: 0, Эквайринг: 0, Перевод: 0, Расчетный_счет: 0, comment: S8->P5, office: S8, Менеджер: Гирчева Ольга 👩‍💼 S8
[2025-09-19 09:15:41] Операция: Обновление баланса клиента в таблице Клиенты
id Клиента: 4, Баланс_новый: -652000
[2025-09-19 09:19:33] Операция: Внесение данных в таблицу Касса
id клиента: 4, Нал: -140000, Касса: 0, Эквайринг: 0, Перевод: 0, Расчетный_счет: 0, comment: К12-Р5, office: K12, Менеджер: Гришина Надежда 👩‍💼 K12
[2025-09-19 09:19:33] Операция: Обновление баланса клиента в таблице Клиенты
id Клиента: 4, Баланс_новый: -792000
[2025-09-19 10:09:09] Операция: Внесение данных в таблицу Касса
id клиента: 3, Нал: -12000, Касса: 0, Эквайринг: 0, Перевод: 0, Расчетный_счет: 0, comment: Бессоновка(сентябрь), office: P11, Менеджер: Голубева Мария 👩‍💼 P11
[2025-09-19 10:09:09] Операция: Обновление баланса клиента в таблице Клиенты
id Клиента: 3, Баланс_новый: -345000
[2025-09-19 10:45:17] Операция: Внесение данных в таблицу Касса
id клиента: 10, Нал: -510500, Касса: 0, Эквайринг: 0, Перевод: 0, Расчетный_счет: 0, comment:  Наш друг (С) 👨, office: P7, Менеджер: Алпатова Оксана 👩‍💼 P7
[2025-09-19 10:45:17] Операция: Обновление баланса клиента в таблице Клиенты
id Клиента: 10, Баланс_новый: -130994630
[2025-09-19 10:46:11] Операция: Внесение данных в таблицу Касса
id клиента: 156727595, Нал: 0, Касса: 0, Эквайринг: -2962, Перевод: 0, Расчетный_счет: 0, comment: возврат  	230513458, office: P2, Менеджер: Анискина Ольга 👩‍💼 P2
[2025-09-19 10:46:11] Операция: Обновление баланса клиента в таблице Клиенты
id Клиента: 156727595, Баланс_новый: -2962
[2025-09-19 10:51:47] Операция: Внесение данных в таблицу Касса
id клиента: 4, Нал: -250000, Касса: 0, Эквайринг: 0, Перевод: 0, Расчетный_счет: 0, comment: Z6-P7, office: Z6, Менеджер: Соловков Александр 👨‍💼 Z6
[2025-09-19 10:51:47] Операция: Обновление баланса клиента в таблице Клиенты
id Клиента: 4, Баланс_новый: -1042000
[2025-09-19 11:40:28] Операция: Внесение данных в таблицу Касса
id клиента: 8, Нал: 0, Касса: 0, Эквайринг: -2217, Перевод: 0, Расчетный_счет: 0, comment: ID:3937156, office: P2, Менеджер: Анискина Ольга 👩‍💼 P2
[2025-09-19 11:40:28] Операция: Обновление баланса клиента в таблице Клиенты
id Клиента: 8, Баланс_новый: 1570338
[2025-09-19 11:43:00] Операция: Внесение данных в таблицу Касса
id клиента: 156487750, Нал: 0, Касса: 0, Эквайринг: -5100, Перевод: 0, Расчетный_счет: 0, comment: 229437987, office: P5, Менеджер: Фролова Ирина 👩‍💼 P5
[2025-09-19 11:43:00] Операция: Обновление баланса клиента в таблице Клиенты
id Клиента: 156487750, Баланс_новый: -3350
[2025-09-19 11:47:31] Операция: Внесение данных в таблицу Касса
id клиента: 10, Нал: -590000, Касса: 0, Эквайринг: 0, Перевод: 0, Расчетный_счет: 0, comment: S4-P5, office: S4, Менеджер: Сонина Наталья 👩‍💼 S4
[2025-09-19 11:47:31] Операция: Обновление баланса клиента в таблице Клиенты
id Клиента: 10, Баланс_новый: -131584630
[2025-09-19 11:47:57] Операция: Внесение данных в таблицу Касса
id клиента: 4, Нал: -300, Касса: 0, Эквайринг: 0, Перевод: 0, Расчетный_счет: 0, comment: Инкассация, office: S4, Менеджер: Сонина Наталья 👩‍💼 S4
[2025-09-19 11:47:57] Операция: Обновление баланса клиента в таблице Клиенты
id Клиента: 4, Баланс_новый: -1042300
[2025-09-19 11:48:27] Операция: Внесение данных в таблицу Касса
id клиента: 4, Нал: -590000, Касса: 0, Эквайринг: 0, Перевод: 0, Расчетный_счет: 0, comment: S4-P5, office: S4, Менеджер: Сонина Наталья 👩‍💼 S4
[2025-09-19 11:48:27] Операция: Обновление баланса клиента в таблице Клиенты
id Клиента: 4, Баланс_новый: -1632000
[2025-09-19 11:48:34] Операция: Внесение данных в таблицу Касса
id клиента: 4, Нал: -900000, Касса: 0, Эквайринг: 0, Перевод: 0, Расчетный_счет: 0, comment: P7-P5, office: P7, Менеджер: Алпатова Оксана 👩‍💼 P7
[2025-09-19 11:48:34] Операция: Обновление баланса клиента в таблице Клиенты
id Клиента: 4, Баланс_новый: -2532000
[2025-09-19 11:48:58] Операция: Внесение данных в таблицу Касса
id клиента: 1, Нал: -300, Касса: 0, Эквайринг: 0, Перевод: 0, Расчетный_счет: 0, comment: Инкассация, office: S4, Менеджер: Сонина Наталья 👩‍💼 S4
[2025-09-19 11:48:58] Операция: Обновление баланса клиента в таблице Клиенты
id Клиента: 1, Баланс_новый: -5443950
[2025-09-19 13:53:14] Операция: Внесение данных в таблицу Касса
id клиента: 156537852, Нал: -5250, Касса: 0, Эквайринг: 0, Перевод: 0, Расчетный_счет: 0, comment: Сантехнический ремонт на Р5, office: P5, Менеджер: Фролова Ирина 👩‍💼 P5
[2025-09-19 13:53:14] Операция: Обновление баланса клиента в таблице Клиенты
id Клиента: 156537852, Баланс_новый: -144907
[2025-09-19 14:02:37] Операция: Внесение данных в таблицу Касса
id клиента: 1, Нал: -18000, Касса: 0, Эквайринг: 0, Перевод: 0, Расчетный_счет: 0, comment: Юркалов Дмитрий, office: P5, Менеджер: Фролова Ирина 👩‍💼 P5
[2025-09-19 14:02:37] Операция: Обновление баланса клиента в таблице Клиенты
id Клиента: 1, Баланс_новый: -5461950
[2025-09-19 16:50:30] Операция: Внесение данных в таблицу Касса
id клиента: 157676980, Нал: -4100, Касса: 0, Эквайринг: 0, Перевод: 0, Расчетный_счет: 0, comment: 229905017 возврат GSP 659029 , office: P2, Менеджер: Анискина Ольга 👩‍💼 P2
[2025-09-19 16:50:30] Операция: Обновление баланса клиента в таблице Клиенты
id Клиента: 157676980, Баланс_новый: -4100
[2025-09-20 09:14:10] Операция: Внесение данных в таблицу Касса
id клиента: 4, Нал: -240000, Касса: 0, Эквайринг: 0, Перевод: 0, Расчетный_счет: 0, comment: К12-Р5, office: K12, Менеджер: Гришина Надежда 👩‍💼 K12
[2025-09-20 09:14:10] Операция: Обновление баланса клиента в таблице Клиенты
id Клиента: 4, Баланс_новый: -1622000
[2025-09-20 10:07:15] Операция: Внесение данных в таблицу Касса
id клиента: 1, Нал: -10500, Касса: 0, Эквайринг: 0, Перевод: 0, Расчетный_счет: 0, comment: Доставка Саранск, office: P5, Менеджер: Фролова Ирина 👩‍💼 P5
[2025-09-20 10:07:15] Операция: Обновление баланса клиента в таблице Клиенты
id Клиента: 1, Баланс_новый: -5472450
[2025-09-20 10:27:51] Операция: Внесение данных в таблицу kassa
id клиента: 1, Нал: -1500, Касса: 0, Эквайринг: 0, Перевод: 0, Расчетный_счет: 0, comment: Водитель Сергей, office: S8, Менеджер: Гирчев Роман 👨‍💼 (Админ)
[2025-09-20 10:27:51] Операция: Обновление баланса клиента в таблице users
id Клиента: 1, Баланс_новый: -5473950, Баланс_старый: -5472450
[2025-09-20 10:28:24] Операция: Внесение данных в таблицу kassa
id клиента: 1, Нал: -14400, Касса: 0, Эквайринг: 0, Перевод: 0, Расчетный_счет: 0, comment: Доставка OS, office: S8, Менеджер: Гирчев Роман 👨‍💼 (Админ)
[2025-09-20 10:28:24] Операция: Обновление баланса клиента в таблице users
id Клиента: 1, Баланс_новый: -5488350, Баланс_старый: -5473950
[2025-09-20 11:19:09] Операция: Внесение данных в таблицу Касса
id клиента: 10, Нал: -1760000, Касса: 0, Эквайринг: 0, Перевод: 0, Расчетный_счет: 0, comment: Наш друг(К), office: P5, Менеджер: Фролова Ирина 👩‍💼 P5
[2025-09-20 11:19:09] Операция: Обновление баланса клиента в таблице Клиенты
id Клиента: 10, Баланс_новый: -132754630
[2025-09-20 14:16:07] Операция: Внесение данных в таблицу Касса
id клиента: 1, Нал: -12000, Касса: 0, Эквайринг: 0, Перевод: 0, Расчетный_счет: 0, comment: Соловков Александр, office: Z6, Менеджер: Соловков Александр 👨‍💼 Z6
[2025-09-20 14:16:07] Операция: Обновление баланса клиента в таблице Клиенты
id Клиента: 1, Баланс_новый: -5500350
[2025-09-20 14:58:59] Операция: Внесение данных в таблицу Касса
id клиента: 1, Нал: -20000, Касса: 0, Эквайринг: 0, Перевод: 0, Расчетный_счет: 0, comment: Ежов Дмитрий, office: P7, Менеджер: Алпатова Оксана 👩‍💼 P7
[2025-09-20 14:58:59] Операция: Обновление баланса клиента в таблице Клиенты
id Клиента: 1, Баланс_новый: -5520350
[2025-09-22 09:49:24] Операция: Внесение данных в таблицу Касса
id клиента: 4, Нал: -150000, Касса: 0, Эквайринг: 0, Перевод: 0, Расчетный_счет: 0, comment: Z6-P7, office: Z6, Менеджер: Соловков Александр 👨‍💼 Z6
[2025-09-22 09:49:24] Операция: Обновление баланса клиента в таблице Клиенты
id Клиента: 4, Баланс_новый: -150000
[2025-09-22 10:50:38] Операция: Внесение данных в таблицу Касса
id клиента: 1, Нал: -2000, Касса: 0, Эквайринг: 0, Перевод: 0, Расчетный_счет: 0, comment: Доставка  с Р5, office: K12, Менеджер: Гришина Надежда 👩‍💼 K12
[2025-09-22 10:50:38] Операция: Обновление баланса клиента в таблице Клиенты
id Клиента: 1, Баланс_новый: -5522350
[2025-09-22 13:39:10] Операция: Внесение данных в таблицу Касса
id клиента: 1, Нал: -1200, Касса: 0, Эквайринг: 0, Перевод: 0, Расчетный_счет: 0, comment: Кибиткин Денис, office: P7, Менеджер: Алпатова Оксана 👩‍💼 P7
[2025-09-22 13:39:10] Операция: Обновление баланса клиента в таблице Клиенты
id Клиента: 1, Баланс_новый: -5523550
[2025-09-22 13:39:28] Операция: Внесение данных в таблицу Касса
id клиента: 1, Нал: -10000, Касса: 0, Эквайринг: 0, Перевод: 0, Расчетный_счет: 0, comment: Емелин Антон, office: P7, Менеджер: Алпатова Оксана 👩‍💼 P7
[2025-09-22 13:39:28] Операция: Обновление баланса клиента в таблице Клиенты
id Клиента: 1, Баланс_новый: -5533550
[2025-09-22 13:39:47] Операция: Внесение данных в таблицу Касса
id клиента: 1, Нал: -17500, Касса: 0, Эквайринг: 0, Перевод: 0, Расчетный_счет: 0, comment: Дасаев Ренат, office: P7, Менеджер: Алпатова Оксана 👩‍💼 P7
[2025-09-22 13:39:47] Операция: Обновление баланса клиента в таблице Клиенты
id Клиента: 1, Баланс_новый: -5551050
[2025-09-22 14:58:43] Операция: Внесение данных в таблицу Касса
id клиента: 8, Нал: 0, Касса: 0, Эквайринг: -10193, Перевод: 0, Расчетный_счет: 0, comment: Возврат 00УТ-004084, office: S8, Менеджер: Гирчева Ольга 👩‍💼 S8
[2025-09-22 14:58:43] Операция: Обновление баланса клиента в таблице Клиенты
id Клиента: 8, Баланс_новый: 1585571
[2025-09-23 09:12:57] Операция: Внесение данных в таблицу Касса
id клиента: 1111112, Нал: -120, Касса: 0, Эквайринг: 0, Перевод: 0, Расчетный_счет: 0, comment: Чек №1857 от 22.09.25, office: P5, Менеджер: Фролова Ирина 👩‍💼 P5
[2025-09-23 09:12:57] Операция: Обновление баланса клиента в таблице Клиенты
id Клиента: 1111112, Баланс_новый: -16615
[2025-09-23 11:19:48] Операция: Внесение данных в таблицу Касса
id клиента: 1, Нал: -2000, Касса: 0, Эквайринг: 0, Перевод: 0, Расчетный_счет: 0, comment: Доставка с Р5, office: K12, Менеджер: Гришина Надежда 👩‍💼 K12
[2025-09-23 11:19:48] Операция: Обновление баланса клиента в таблице Клиенты
id Клиента: 1, Баланс_новый: -5553050
[2025-09-23 12:28:11] Операция: Внесение данных в таблицу Касса
id клиента: 157713801, Нал: -1500, Касса: 0, Эквайринг: 0, Перевод: 0, Расчетный_счет: 0, comment: Возврат 230053472, office: P5, Менеджер: Фролова Ирина 👩‍💼 P5
[2025-09-23 12:28:11] Операция: Обновление баланса клиента в таблице Клиенты
id Клиента: 157713801, Баланс_новый: -1500
[2025-09-23 14:01:01] Операция: Внесение данных в таблицу Касса
id клиента: 1, Нал: -1200, Касса: 0, Эквайринг: 0, Перевод: 0, Расчетный_счет: 0, comment: Кибиткин Денис, office: P7, Менеджер: Алпатова Оксана 👩‍💼 P7
[2025-09-23 14:01:01] Операция: Обновление баланса клиента в таблице Клиенты
id Клиента: 1, Баланс_новый: -5554250
[2025-09-23 14:01:17] Операция: Внесение данных в таблицу Касса
id клиента: 1, Нал: -10000, Касса: 0, Эквайринг: 0, Перевод: 0, Расчетный_счет: 0, comment: Емелин Антон, office: P7, Менеджер: Алпатова Оксана 👩‍💼 P7
[2025-09-23 14:01:17] Операция: Обновление баланса клиента в таблице Клиенты
id Клиента: 1, Баланс_новый: -5564250
[2025-09-23 17:13:35] Операция: Внесение данных в таблицу Касса
id клиента: 12, Нал: -13000, Касса: 0, Эквайринг: 0, Перевод: 0, Расчетный_счет: 0, comment: Цыплихин В.А до 01.10, office: P11, Менеджер: Голубева Мария 👩‍💼 P11
[2025-09-23 17:13:35] Операция: Обновление баланса клиента в таблице Клиенты
id Клиента: 12, Баланс_новый: -38000
[2025-09-23 17:14:49] Операция: Внесение данных в таблицу Касса
id клиента: 7, Нал: -6255, Касса: 0, Эквайринг: 0, Перевод: 0, Расчетный_счет: 0, comment: Обслуживание газа в офисе Р3 за 2025г., office: P1, Менеджер: Максимкина Татьяна 👩‍💼 P1
[2025-09-23 17:14:49] Операция: Обновление баланса клиента в таблице Клиенты
id Клиента: 7, Баланс_новый: -164311
[2025-09-24 08:20:21] Операция: Внесение данных в таблицу Касса
id клиента: 9, Нал: -2500, Касса: 0, Эквайринг: 0, Перевод: 0, Расчетный_счет: 0, comment: , office: K12, Менеджер: Гришина Надежда 👩‍💼 K12
[2025-09-24 08:20:21] Операция: Обновление баланса клиента в таблице Клиенты
id Клиента: 9, Баланс_новый: -296920
[2025-09-24 09:39:37] Операция: Внесение данных в таблицу Касса
id клиента: 1, Нал: -1200, Касса: 0, Эквайринг: 0, Перевод: 0, Расчетный_счет: 0, comment: Кибиткин Денис, office: P7, Менеджер: Алпатова Оксана 👩‍💼 P7
[2025-09-24 09:39:37] Операция: Обновление баланса клиента в таблице Клиенты
id Клиента: 1, Баланс_новый: -5565450
[2025-09-24 09:40:03] Операция: Внесение данных в таблицу Касса
id клиента: 1, Нал: -10000, Касса: 0, Эквайринг: 0, Перевод: 0, Расчетный_счет: 0, comment: Емелин Антон, office: P7, Менеджер: Алпатова Оксана 👩‍💼 P7
[2025-09-24 09:40:03] Операция: Обновление баланса клиента в таблице Клиенты
id Клиента: 1, Баланс_новый: -5575450
[2025-09-24 09:47:52] Операция: Внесение данных в таблицу Касса
id клиента: 4, Нал: -300000, Касса: 0, Эквайринг: 0, Перевод: 0, Расчетный_счет: 0, comment: Z6-P7, office: Z6, Менеджер: Соловков Александр 👨‍💼 Z6
[2025-09-24 09:47:52] Операция: Обновление баланса клиента в таблице Клиенты
id Клиента: 4, Баланс_новый: 200000
[2025-09-24 14:40:15] Операция: Внесение данных в таблицу Касса
id клиента: 7, Нал: -6676, Касса: 0, Эквайринг: 0, Перевод: 0, Расчетный_счет: 0, comment:  Резепов Рамиль 09/25, office: P1, Менеджер: Бунчина Ирина 👩‍💼 P1
[2025-09-24 14:40:15] Операция: Обновление баланса клиента в таблице Клиенты
id Клиента: 7, Баланс_новый: -170987
[2025-09-24 14:49:41] Операция: Внесение данных в таблицу Касса
id клиента: 7, Нал: -340, Касса: 0, Эквайринг: 0, Перевод: 0, Расчетный_счет: 0, comment: Июль+август 2025, office: P5, Менеджер: Фролова Ирина 👩‍💼 P5
[2025-09-24 14:49:41] Операция: Обновление баланса клиента в таблице Клиенты
id Клиента: 7, Баланс_новый: -171327
[2025-09-25 09:02:14] Операция: Внесение данных в таблицу Касса
id клиента: 4, Нал: -300000, Касса: 0, Эквайринг: 0, Перевод: 0, Расчетный_счет: 0, comment: К12-Р5, office: K12, Менеджер: Гришина Надежда 👩‍💼 K12
[2025-09-25 09:02:14] Операция: Обновление баланса клиента в таблице Клиенты
id Клиента: 4, Баланс_новый: -300000
[2025-09-25 10:35:44] Операция: Внесение данных в таблицу Касса
id клиента: 1, Нал: -1200, Касса: 0, Эквайринг: 0, Перевод: 0, Расчетный_счет: 0, comment: Кибиткин Денис, office: P7, Менеджер: Алпатова Оксана 👩‍💼 P7
[2025-09-25 10:35:44] Операция: Обновление баланса клиента в таблице Клиенты
id Клиента: 1, Баланс_новый: -5576650
[2025-09-25 10:36:02] Операция: Внесение данных в таблицу Касса
id клиента: 1, Нал: -10000, Касса: 0, Эквайринг: 0, Перевод: 0, Расчетный_счет: 0, comment: Емелин Антон, office: P7, Менеджер: Алпатова Оксана 👩‍💼 P7
[2025-09-25 10:36:02] Операция: Обновление баланса клиента в таблице Клиенты
id Клиента: 1, Баланс_новый: -5586650
[2025-09-25 11:01:31] Операция: Внесение данных в таблицу Касса
id клиента: 10, Нал: -523200, Касса: 0, Эквайринг: 0, Перевод: 0, Расчетный_счет: 0, comment:  Наш друг (С) 👨, office: P7, Менеджер: Алпатова Оксана 👩‍💼 P7
[2025-09-25 11:01:31] Операция: Обновление баланса клиента в таблице Клиенты
id Клиента: 10, Баланс_новый: -133277830
[2025-09-25 11:54:07] Операция: Внесение данных в таблицу Касса
id клиента: 4, Нал: -417000, Касса: 0, Эквайринг: 0, Перевод: 0, Расчетный_счет: 0, comment:  P1-P5, office: P1, Менеджер: Бунчина Ирина 👩‍💼 P1
[2025-09-25 11:54:07] Операция: Обновление баланса клиента в таблице Клиенты
id Клиента: 4, Баланс_новый: -717000
[2025-09-25 13:46:52] Операция: Внесение данных в таблицу Касса
id клиента: 156457381, Нал: -1350, Касса: 0, Эквайринг: 0, Перевод: 0, Расчетный_счет: 0, comment: 230549001, office: P5, Менеджер: Фролова Ирина 👩‍💼 P5
[2025-09-25 13:46:52] Операция: Обновление баланса клиента в таблице Клиенты
id Клиента: 156457381, Баланс_новый: -1350
[2025-09-25 14:25:24] Операция: Внесение данных в таблицу Касса
id клиента: 4, Нал: -213000, Касса: 0, Эквайринг: 0, Перевод: 0, Расчетный_счет: 0, comment: P11-P5, office: P11, Менеджер: Голубева Мария 👩‍💼 P11
[2025-09-25 14:25:24] Операция: Обновление баланса клиента в таблице Клиенты
id Клиента: 4, Баланс_новый: -630000
[2025-09-25 15:48:35] Операция: Внесение данных в таблицу Касса
id клиента: 10, Нал: -185000, Касса: 0, Эквайринг: 0, Перевод: 0, Расчетный_счет: 0, comment: Мирен (сотки), office: P5, Менеджер: Фролова Ирина 👩‍💼 P5
[2025-09-25 15:48:35] Операция: Обновление баланса клиента в таблице Клиенты
id Клиента: 10, Баланс_новый: -133462830
[2025-09-25 16:05:24] Операция: Внесение данных в таблицу Касса
id клиента: 10, Нал: -1760000, Касса: 0, Эквайринг: 0, Перевод: 0, Расчетный_счет: 0, comment: Наш друг (К) 👩, office: P5, Менеджер: Фролова Ирина 👩‍💼 P5
[2025-09-25 16:05:24] Операция: Обновление баланса клиента в таблице Клиенты
id Клиента: 10, Баланс_новый: -135222830
[2025-09-26 09:09:33] Операция: Внесение данных в таблицу Касса
id клиента: 1, Нал: -10600, Касса: 0, Эквайринг: 0, Перевод: 0, Расчетный_счет: 0, comment: Доставка Саранск, office: P5, Менеджер: Фролова Ирина 👩‍💼 P5
[2025-09-26 09:09:33] Операция: Обновление баланса клиента в таблице Клиенты
id Клиента: 1, Баланс_новый: -5597250
[2025-09-26 09:18:56] Операция: Внесение данных в таблицу Касса
id клиента: 4, Нал: -210000, Касса: 0, Эквайринг: 0, Перевод: 0, Расчетный_счет: 0, comment: К12-Р5, office: K12, Менеджер: Гришина Надежда 👩‍💼 K12
[2025-09-26 09:18:56] Операция: Обновление баланса клиента в таблице Клиенты
id Клиента: 4, Баланс_новый: -210000
[2025-09-26 10:13:54] Операция: Внесение данных в таблицу Касса
id клиента: 4, Нал: -200000, Касса: 0, Эквайринг: 0, Перевод: 0, Расчетный_счет: 0, comment: Z6-P7, office: Z6, Менеджер: Соловков Александр 👨‍💼 Z6
[2025-09-26 10:13:54] Операция: Обновление баланса клиента в таблице Клиенты
id Клиента: 4, Баланс_новый: -410000
[2025-09-26 11:15:23] Операция: Внесение данных в таблицу Касса
id клиента: 4, Нал: -920000, Касса: 0, Эквайринг: 0, Перевод: 0, Расчетный_счет: 0, comment: S4-P4, office: S4, Менеджер: Сонина Наталья 👩‍💼 S4
[2025-09-26 11:15:23] Операция: Обновление баланса клиента в таблице Клиенты
id Клиента: 4, Баланс_новый: -1330000
[2025-09-26 11:15:59] Операция: Внесение данных в таблицу Касса
id клиента: 1, Нал: -300, Касса: 0, Эквайринг: 0, Перевод: 0, Расчетный_счет: 0, comment: Инкассация, office: S4, Менеджер: Сонина Наталья 👩‍💼 S4
[2025-09-26 11:15:59] Операция: Обновление баланса клиента в таблице Клиенты
id Клиента: 1, Баланс_новый: -5597550
[2025-09-26 11:16:00] Операция: Внесение данных в таблицу Касса
id клиента: 1, Нал: -300, Касса: 0, Эквайринг: 0, Перевод: 0, Расчетный_счет: 0, comment: Инкассация, office: S4, Менеджер: Сонина Наталья 👩‍💼 S4
[2025-09-26 11:16:00] Операция: Обновление баланса клиента в таблице Клиенты
id Клиента: 1, Баланс_новый: -5597850
[2025-09-26 11:16:49] Операция: Внесение данных в таблицу Касса
id клиента: 9, Нал: -2000, Касса: 0, Эквайринг: 0, Перевод: 0, Расчетный_счет: 0, comment: , office: S4, Менеджер: Сонина Наталья 👩‍💼 S4
[2025-09-26 11:16:49] Операция: Обновление баланса клиента в таблице Клиенты
id Клиента: 9, Баланс_новый: -298920
[2025-09-26 13:22:05] Операция: Внесение данных в таблицу Касса
id клиента: 4, Нал: -700000, Касса: 0, Эквайринг: 0, Перевод: 0, Расчетный_счет: 0, comment: S8->P5, office: S8, Менеджер: Гирчева Ольга 👩‍💼 S8
[2025-09-26 13:22:05] Операция: Обновление баланса клиента в таблице Клиенты
id Клиента: 4, Баланс_новый: -2030000
[2025-09-26 14:09:42] Операция: Внесение данных в таблицу Касса
id клиента: 155554752, Нал: 0, Касса: 0, Эквайринг: -700, Перевод: 0, Расчетный_счет: 0, comment: Возврат 230445133, office: S8, Менеджер: Гирчева Ольга 👩‍💼 S8
[2025-09-26 14:09:42] Операция: Обновление баланса клиента в таблице Клиенты
id Клиента: 155554752, Баланс_новый: -700
[2025-09-26 14:59:28] Операция: Внесение данных в таблицу Касса
id клиента: 1, Нал: -18000, Касса: 0, Эквайринг: 0, Перевод: 0, Расчетный_счет: 0, comment: Юркалов Дмитрий Р5, office: P5, Менеджер: Фролова Ирина 👩‍💼 P5
[2025-09-26 14:59:28] Операция: Обновление баланса клиента в таблице Клиенты
id Клиента: 1, Баланс_новый: -5615550
[2025-09-26 15:01:20] Операция: Внесение данных в таблицу Касса
id клиента: 1, Нал: -1200, Касса: 0, Эквайринг: 0, Перевод: 0, Расчетный_счет: 0, comment: Кибиткин Денис, office: P7, Менеджер: Алпатова Оксана 👩‍💼 P7
[2025-09-26 15:01:20] Операция: Обновление баланса клиента в таблице Клиенты
id Клиента: 1, Баланс_новый: -5616750
[2025-09-26 15:01:37] Операция: Внесение данных в таблицу Касса
id клиента: 1, Нал: -10000, Касса: 0, Эквайринг: 0, Перевод: 0, Расчетный_счет: 0, comment: Емелин Антон, office: P7, Менеджер: Алпатова Оксана 👩‍💼 P7
[2025-09-26 15:01:37] Операция: Обновление баланса клиента в таблице Клиенты
id Клиента: 1, Баланс_новый: -5626750
[2025-09-26 15:17:01] Операция: Внесение данных в таблицу Касса
id клиента: 1683676, Нал: -650, Касса: 0, Эквайринг: 0, Перевод: 0, Расчетный_счет: 0, comment: Поставщик OS, office: S8, Менеджер: Гирчева Ольга 👩‍💼 S8
[2025-09-26 15:17:01] Операция: Обновление баланса клиента в таблице Клиенты
id Клиента: 1683676, Баланс_новый: -191590
[2025-09-26 15:18:41] Операция: Внесение данных в таблицу Касса
id клиента: 1683676, Нал: -3550, Касса: 0, Эквайринг: 0, Перевод: 0, Расчетный_счет: 0, comment: Поставщик OS, office: S8, Менеджер: Гирчева Ольга 👩‍💼 S8
[2025-09-26 15:18:41] Операция: Обновление баланса клиента в таблице Клиенты
id Клиента: 1683676, Баланс_новый: -195140
[2025-09-27 10:16:37] Операция: Внесение данных в таблицу kassa
id клиента: 1, Нал: -1500, Касса: 0, Эквайринг: 0, Перевод: 0, Расчетный_счет: 0, comment: Водитель Сергей, office: S8, Менеджер: Гирчев Роман 👨‍💼 (Админ)
[2025-09-27 10:16:37] Операция: Обновление баланса клиента в таблице users
id Клиента: 1, Баланс_новый: -5628250, Баланс_старый: -5626750
[2025-09-27 10:17:16] Операция: Внесение данных в таблицу kassa
id клиента: 1, Нал: -14400, Касса: 0, Эквайринг: 0, Перевод: 0, Расчетный_счет: 0, comment: Доставка OS, office: S8, Менеджер: Гирчев Роман 👨‍💼 (Админ)
[2025-09-27 10:17:16] Операция: Обновление баланса клиента в таблице users
id Клиента: 1, Баланс_новый: -5642650, Баланс_старый: -5628250
[2025-09-27 14:15:00] Операция: Внесение данных в таблицу Касса
id клиента: 1, Нал: -12000, Касса: 0, Эквайринг: 0, Перевод: 0, Расчетный_счет: 0, comment: Соловков Александр, office: Z6, Менеджер: Соловков Александр 👨‍💼 Z6
[2025-09-27 14:15:00] Операция: Обновление баланса клиента в таблице Клиенты
id Клиента: 1, Баланс_новый: -5654650
[2025-09-27 14:46:45] Операция: Внесение данных в таблицу Касса
id клиента: 156537852, Нал: -100, Касса: 0, Эквайринг: 0, Перевод: 0, Расчетный_счет: 0, comment: Т/б, office: P11, Менеджер: Голубева Мария 👩‍💼 P11
[2025-09-27 14:46:45] Операция: Обновление баланса клиента в таблице Клиенты
id Клиента: 156537852, Баланс_новый: -145007
[2025-09-29 09:21:53] Операция: Внесение данных в таблицу Касса
id клиента: 1, Нал: -1200, Касса: 0, Эквайринг: 0, Перевод: 0, Расчетный_счет: 0, comment: Кибиткин Денис, office: P7, Менеджер: Алпатова Оксана 👩‍💼 P7
[2025-09-29 09:21:53] Операция: Обновление баланса клиента в таблице Клиенты
id Клиента: 1, Баланс_новый: -5655850
[2025-09-29 09:22:14] Операция: Внесение данных в таблицу Касса
id клиента: 1, Нал: -10000, Касса: 0, Эквайринг: 0, Перевод: 0, Расчетный_счет: 0, comment: Емелин Антон, office: P7, Менеджер: Алпатова Оксана 👩‍💼 P7
[2025-09-29 09:22:14] Операция: Обновление баланса клиента в таблице Клиенты
id Клиента: 1, Баланс_новый: -5665850
[2025-09-29 09:44:11] Операция: Внесение данных в таблицу Касса
id клиента: 10, Нал: -1760000, Касса: 0, Эквайринг: 0, Перевод: 0, Расчетный_счет: 0, comment: Наш друг (К) 👩, office: P5, Менеджер: Фролова Ирина 👩‍💼 P5
[2025-09-29 09:44:11] Операция: Обновление баланса клиента в таблице Клиенты
id Клиента: 10, Баланс_новый: -136982830
[2025-09-29 09:49:49] Операция: Внесение данных в таблицу Касса
id клиента: 4, Нал: -350000, Касса: 0, Эквайринг: 0, Перевод: 0, Расчетный_счет: 0, comment: Z6-P7, office: Z6, Менеджер: Соловков Александр 👨‍💼 Z6
[2025-09-29 09:49:49] Операция: Обновление баланса клиента в таблице Клиенты
id Клиента: 4, Баланс_новый: -350000
[2025-09-29 09:52:15] Операция: Внесение данных в таблицу Касса
id клиента: 9, Нал: -1000, Касса: 0, Эквайринг: 0, Перевод: 0, Расчетный_счет: 0, comment: Уборка, office: S8, Менеджер: Гирчева Ольга 👩‍💼 S8
[2025-09-29 09:52:15] Операция: Обновление баланса клиента в таблице Клиенты
id Клиента: 9, Баланс_новый: -299920
[2025-09-29 11:28:50] Операция: Внесение данных в таблицу Касса
id клиента: 1, Нал: -20000, Касса: 0, Эквайринг: 0, Перевод: 0, Расчетный_счет: 0, comment: Ежов Дмитрий, office: P7, Менеджер: Алпатова Оксана 👩‍💼 P7
[2025-09-29 11:28:50] Операция: Обновление баланса клиента в таблице Клиенты
id Клиента: 1, Баланс_новый: -5685850
[2025-09-29 12:09:32] Операция: Внесение данных в таблицу Касса
id клиента: 156807721, Нал: 0, Касса: 0, Эквайринг: -1282, Перевод: 0, Расчетный_счет: 0, comment: 229800322, office: P1, Менеджер: Бунчина Ирина 👩‍💼 P1
[2025-09-29 12:09:32] Операция: Обновление баланса клиента в таблице Клиенты
id Клиента: 156807721, Баланс_новый: -1282
[2025-09-29 13:38:53] Операция: Внесение данных в таблицу Касса
id клиента: 1, Нал: -17500, Касса: 0, Эквайринг: 0, Перевод: 0, Расчетный_счет: 0, comment: Дасаев Ренат, office: P7, Менеджер: Алпатова Оксана 👩‍💼 P7
[2025-09-29 13:38:53] Операция: Обновление баланса клиента в таблице Клиенты
id Клиента: 1, Баланс_новый: -5703350
[2025-09-29 16:55:57] Операция: Внесение данных в таблицу Касса
id клиента: 1, Нал: -42450, Касса: 0, Эквайринг: 0, Перевод: 0, Расчетный_счет: 0, comment: Возвраты сентябрь 2025г., office: P5, Менеджер: Фролова Ирина 👩‍💼 P5
[2025-09-29 16:55:57] Операция: Обновление баланса клиента в таблице Клиенты
id Клиента: 1, Баланс_новый: -5745800
[2025-09-29 17:57:13] Операция: Внесение данных в таблицу Касса
id клиента: 7, Нал: -800, Касса: 0, Эквайринг: 0, Перевод: 0, Расчетный_счет: 0, comment: Коммуналка силикатная за свет, office: P1, Менеджер: Бунчина Ирина 👩‍💼 P1
[2025-09-29 17:57:13] Операция: Обновление баланса клиента в таблице Клиенты
id Клиента: 7, Баланс_новый: -172127
[2025-09-29 18:29:47] Операция: Внесение данных в таблицу Касса
id клиента: 156537852, Нал: -350, Касса: 0, Эквайринг: 0, Перевод: 0, Расчетный_счет: 0, comment: Санков, т/б, office: P1, Менеджер: Бунчина Ирина 👩‍💼 P1
[2025-09-29 18:29:47] Операция: Обновление баланса клиента в таблице Клиенты
id Клиента: 156537852, Баланс_новый: -145357
[2025-09-30 09:03:17] Операция: Внесение данных в таблицу Касса
id клиента: 1, Нал: -1200, Касса: 0, Эквайринг: 0, Перевод: 0, Расчетный_счет: 0, comment: Кибиткин Денис, office: P7, Менеджер: Алпатова Оксана 👩‍💼 P7
[2025-09-30 09:03:17] Операция: Обновление баланса клиента в таблице Клиенты
id Клиента: 1, Баланс_новый: -5747000
[2025-09-30 09:59:23] Операция: Внесение данных в таблицу Касса
id клиента: 156537852, Нал: -300, Касса: 0, Эквайринг: 0, Перевод: 0, Расчетный_счет: 0, comment: Полотенца бумажные, office: P11, Менеджер: Голубева Мария 👩‍💼 P11
[2025-09-30 09:59:23] Операция: Обновление баланса клиента в таблице Клиенты
id Клиента: 156537852, Баланс_новый: -145657
[2025-09-30 10:30:13] Операция: Внесение данных в таблицу Касса
id клиента: 1, Нал: -10000, Касса: 0, Эквайринг: 0, Перевод: 0, Расчетный_счет: 0, comment: Емелин Антон, office: P7, Менеджер: Алпатова Оксана 👩‍💼 P7
[2025-09-30 10:30:13] Операция: Обновление баланса клиента в таблице Клиенты
id Клиента: 1, Баланс_новый: -5757000
[2025-09-30 10:53:31] Операция: Внесение данных в таблицу Касса
id клиента: 12, Нал: -150000, Касса: 0, Эквайринг: 0, Перевод: 0, Расчетный_счет: 0, comment: Михеев Сергей, office: P1, Менеджер: Бунчина Ирина 👩‍💼 P1
[2025-09-30 10:53:31] Операция: Обновление баланса клиента в таблице Клиенты
id Клиента: 12, Баланс_новый: -188000
[2025-09-30 10:58:08] Операция: Внесение данных в таблицу Касса
id клиента: 12, Нал: -20000, Касса: 0, Эквайринг: 0, Перевод: 0, Расчетный_счет: 0, comment: Голубева Мария, office: P11, Менеджер: Голубева Мария 👩‍💼 P11
[2025-09-30 10:58:08] Операция: Обновление баланса клиента в таблице Клиенты
id Клиента: 12, Баланс_новый: -183000
[2025-09-30 11:13:55] Операция: Внесение данных в таблицу Касса
id клиента: 157487746, Нал: -7660, Касса: 0, Эквайринг: 0, Перевод: 0, Расчетный_счет: 0, comment: 224428031, office: P1, Менеджер: Бунчина Ирина 👩‍💼 P1
[2025-09-30 11:13:55] Операция: Обновление баланса клиента в таблице Клиенты
id Клиента: 157487746, Баланс_новый: 0
[2025-09-30 13:26:36] Операция: Внесение данных в таблицу Касса
id клиента: 156862458, Нал: 0, Касса: 0, Эквайринг: -8500, Перевод: 0, Расчетный_счет: 0, comment: 230760549, office: P11, Менеджер: Голубева Мария 👩‍💼 P11
[2025-09-30 13:26:36] Операция: Обновление баланса клиента в таблице Клиенты
id Клиента: 156862458, Баланс_новый: -8500
[2025-09-30 14:09:34] Операция: Внесение данных в таблицу Касса
id клиента: 156862458, Нал: 0, Касса: 0, Эквайринг: -8500, Перевод: 0, Расчетный_счет: 0, comment: 230760549, office: P11, Менеджер: Голубева Мария 👩‍💼 P11
[2025-09-30 14:09:34] Операция: Обновление баланса клиента в таблице Клиенты
id Клиента: 156862458, Баланс_новый: 0
[2025-09-30 15:50:46] Операция: Внесение данных в таблицу Касса
id клиента: 156540903, Нал: 0, Касса: 0, Эквайринг: -4800, Перевод: 0, Расчетный_счет: 0, comment: 230447403, возврат 1 позиции, office: P2, Менеджер: Анискина Ольга 👩‍💼 P2
[2025-09-30 15:50:46] Операция: Обновление баланса клиента в таблице Клиенты
id Клиента: 156540903, Баланс_новый: 0
[2025-10-01 09:09:32] Операция: Внесение данных в таблицу Касса
id клиента: 4, Нал: -230000, Касса: 0, Эквайринг: 0, Перевод: 0, Расчетный_счет: 0, comment: К12-Р5, office: K12, Менеджер: Гришина Надежда 👩‍💼 K12
[2025-10-01 09:09:32] Операция: Обновление баланса клиента в таблице Клиенты
id Клиента: 4, Баланс_новый: -230000
[2025-10-01 09:55:41] Операция: Внесение данных в таблицу Касса
id клиента: 1, Нал: -1200, Касса: 0, Эквайринг: 0, Перевод: 0, Расчетный_счет: 0, comment: Кибиткин Денис, office: P7, Менеджер: Алпатова Оксана 👩‍💼 P7
[2025-10-01 09:55:41] Операция: Обновление баланса клиента в таблице Клиенты
id Клиента: 1, Баланс_новый: -5758200
[2025-10-01 09:56:03] Операция: Внесение данных в таблицу Касса
id клиента: 1, Нал: -10000, Касса: 0, Эквайринг: 0, Перевод: 0, Расчетный_счет: 0, comment: Емелин Антон, office: P7, Менеджер: Алпатова Оксана 👩‍💼 P7
[2025-10-01 09:56:03] Операция: Обновление баланса клиента в таблице Клиенты
id Клиента: 1, Баланс_новый: -5768200
[2025-10-01 10:40:50] Операция: Внесение данных в таблицу Касса
id клиента: 9, Нал: -10000, Касса: 0, Эквайринг: 0, Перевод: 0, Расчетный_счет: 0, comment: , office: P1, Менеджер: Максимкина Татьяна 👩‍💼 P1
[2025-10-01 10:40:50] Операция: Обновление баланса клиента в таблице Клиенты
id Клиента: 9, Баланс_новый: -309920
[2025-10-01 10:56:57] Операция: Внесение данных в таблицу Касса
id клиента: 4, Нал: -130000, Касса: 0, Эквайринг: 0, Перевод: 0, Расчетный_счет: 0, comment: Z6-P7, office: Z6, Менеджер: Соловков Александр 👨‍💼 Z6
[2025-10-01 10:56:57] Операция: Обновление баланса клиента в таблице Клиенты
id Клиента: 4, Баланс_новый: -360000
[2025-10-01 11:43:25] Операция: Внесение данных в таблицу Касса
id клиента: 4, Нал: -14767, Касса: 0, Эквайринг: 0, Перевод: 0, Расчетный_счет: 0, comment: , office: P11, Менеджер: Голубева Мария 👩‍💼 P11
[2025-10-01 11:43:25] Операция: Обновление баланса клиента в таблице Клиенты
id Клиента: 4, Баланс_новый: -360000
[2025-10-01 13:02:24] Операция: Внесение данных в таблицу Касса
id клиента: 156750445, Нал: 0, Касса: 0, Эквайринг: -6300, Перевод: 0, Расчетный_счет: 0, comment: 231906104(Возврат), office: P1, Менеджер: Максимкина Татьяна 👩‍💼 P1
[2025-10-01 13:02:24] Операция: Обновление баланса клиента в таблице Клиенты
id Клиента: 156750445, Баланс_новый: -6300
[2025-10-01 15:35:06] Операция: Внесение данных в таблицу Касса
id клиента: 9, Нал: -7000, Касса: 0, Эквайринг: 0, Перевод: 0, Расчетный_счет: 0, comment: Валентина Петровна Р5, office: P5, Менеджер: Фролова Ирина 👩‍💼 P5
[2025-10-01 15:35:06] Операция: Обновление баланса клиента в таблице Клиенты
id Клиента: 9, Баланс_новый: -316920
[2025-10-02 08:51:19] Операция: Внесение данных в таблицу Касса
id клиента: 1, Нал: -3000, Касса: 0, Эквайринг: 0, Перевод: 0, Расчетный_счет: 0, comment: Алексей топливо, office: K12, Менеджер: Гришина Надежда 👩‍💼 K12
[2025-10-02 08:51:19] Операция: Обновление баланса клиента в таблице Клиенты
id Клиента: 1, Баланс_новый: -5771200
[2025-10-02 08:59:04] Операция: Внесение данных в таблицу Касса
id клиента: 4, Нал: -200000, Касса: 0, Эквайринг: 0, Перевод: 0, Расчетный_счет: 0, comment: К12-Р5, office: K12, Менеджер: Гришина Надежда 👩‍💼 K12
[2025-10-02 08:59:04] Операция: Обновление баланса клиента в таблице Клиенты
id Клиента: 4, Баланс_новый: -200000
[2025-10-02 09:17:53] Операция: Внесение данных в таблицу Касса
id клиента: 1, Нал: -1200, Касса: 0, Эквайринг: 0, Перевод: 0, Расчетный_счет: 0, comment: Кибиткин Денис, office: P7, Менеджер: Алпатова Оксана 👩‍💼 P7
[2025-10-02 09:17:53] Операция: Обновление баланса клиента в таблице Клиенты
id Клиента: 1, Баланс_новый: -5772400
[2025-10-02 09:18:10] Операция: Внесение данных в таблицу Касса
id клиента: 1, Нал: -10000, Касса: 0, Эквайринг: 0, Перевод: 0, Расчетный_счет: 0, comment: Емелин Антон, office: P7, Менеджер: Алпатова Оксана 👩‍💼 P7
[2025-10-02 09:18:10] Операция: Обновление баланса клиента в таблице Клиенты
id Клиента: 1, Баланс_новый: -5782400
[2025-10-02 09:19:04] Операция: Внесение данных в таблицу Касса
id клиента: 156537852, Нал: -300, Касса: 0, Эквайринг: 0, Перевод: 0, Расчетный_счет: 0, comment: Перчатки хоз,резиновые., office: P7, Менеджер: Алпатова Оксана 👩‍💼 P7
[2025-10-02 09:19:04] Операция: Обновление баланса клиента в таблице Клиенты
id Клиента: 156537852, Баланс_новый: -145957
[2025-10-02 09:38:02] Операция: Внесение данных в таблицу Касса
id клиента: 156624252, Нал: 0, Касса: 0, Эквайринг: -4100, Перевод: 0, Расчетный_счет: 0, comment: 2319427019(ошибочная оплата)
, office: P1, Менеджер: Максимкина Татьяна 👩‍💼 P1
[2025-10-02 09:38:02] Операция: Обновление баланса клиента в таблице Клиенты
id Клиента: 156624252, Баланс_новый: 0
[2025-10-02 11:02:02] Операция: Внесение данных в таблицу Касса
id клиента: 9, Нал: -2000, Касса: 0, Эквайринг: 0, Перевод: 0, Расчетный_счет: 0, comment: Уборка территории за сентябрь, office: P2, Менеджер: Анискина Ольга 👩‍💼 P2
[2025-10-02 11:02:02] Операция: Обновление баланса клиента в таблице Клиенты
id Клиента: 9, Баланс_новый: -318920
[2025-10-02 11:04:12] Операция: Внесение данных в таблицу Касса
id клиента: 156626155, Нал: 0, Касса: 0, Эквайринг: -3000, Перевод: 0, Расчетный_счет: 0, comment: 231333271, office: P11, Менеджер: Голубева Мария 👩‍💼 P11
[2025-10-02 11:04:12] Операция: Обновление баланса клиента в таблице Клиенты
id Клиента: 156626155, Баланс_новый: 0
[2025-10-02 11:24:49] Операция: Внесение данных в таблицу Касса
id клиента: 4, Нал: -200000, Касса: 0, Эквайринг: 0, Перевод: 0, Расчетный_счет: 0, comment: P2-P7, office: P2, Менеджер: Анискина Ольга 👩‍💼 P2
[2025-10-02 11:24:49] Операция: Обновление баланса клиента в таблице Клиенты
id Клиента: 4, Баланс_новый: -400000
[2025-10-02 12:16:55] Операция: Внесение данных в таблицу Касса
id клиента: 4, Нал: -180000, Касса: 0, Эквайринг: 0, Перевод: 0, Расчетный_счет: 0, comment: P11->P7, office: P11, Менеджер: Голубева Мария 👩‍💼 P11
[2025-10-02 12:16:55] Операция: Обновление баланса клиента в таблице Клиенты
id Клиента: 4, Баланс_новый: -580000
[2025-10-02 12:16:56] Операция: Внесение данных в таблицу Касса
id клиента: 1683676, Нал: -1880, Касса: 0, Эквайринг: 0, Перевод: 0, Расчетный_счет: 0, comment: Поставщик OS, office: S8, Менеджер: Гирчева Ольга 👩‍💼 S8
[2025-10-02 12:16:56] Операция: Обновление баланса клиента в таблице Клиенты
id Клиента: 1683676, Баланс_новый: -197020
[2025-10-02 12:48:54] Операция: Внесение данных в таблицу Касса
id клиента: 10, Нал: -1760000, Касса: 0, Эквайринг: 0, Перевод: 0, Расчетный_счет: 0, comment: Наш друг (К) 👩, office: P5, Менеджер: Фролова Ирина 👩‍💼 P5
[2025-10-02 12:48:54] Операция: Обновление баланса клиента в таблице Клиенты
id Клиента: 10, Баланс_новый: -138742830
[2025-10-02 15:34:12] Операция: Внесение данных в таблицу Касса
id клиента: 1683676, Нал: -1880, Касса: 0, Эквайринг: 0, Перевод: 0, Расчетный_счет: 0, comment: Поставщик OS, office: S8, Менеджер: Гирчева Ольга 👩‍💼 S8
[2025-10-02 15:34:12] Операция: Обновление баланса клиента в таблице Клиенты
id Клиента: 1683676, Баланс_новый: -198900
[2025-10-02 15:58:05] Операция: Внесение данных в таблицу Касса
id клиента: 155858116, Нал: -6200, Касса: 0, Эквайринг: 0, Перевод: 0, Расчетный_счет: 0, comment: Возврат 230589347, office: S8, Менеджер: Гирчева Ольга 👩‍💼 S8
[2025-10-02 15:58:05] Операция: Обновление баланса клиента в таблице Клиенты
id Клиента: 155858116, Баланс_новый: 0
[2025-10-02 16:57:06] Операция: Внесение данных в таблицу Касса
id клиента: 157777330, Нал: 0, Касса: 0, Эквайринг: -1800, Перевод: 0, Расчетный_счет: 0, comment: 231925051(возврат), office: P1, Менеджер: Максимкина Татьяна 👩‍💼 P1
[2025-10-02 16:57:06] Операция: Обновление баланса клиента в таблице Клиенты
id Клиента: 157777330, Баланс_новый: 0
[2025-10-02 17:34:26] Операция: Внесение данных в таблицу Касса
id клиента: 157474072, Нал: 0, Касса: 0, Эквайринг: -4436, Перевод: 0, Расчетный_счет: 0, comment: Возврат - 232264589, office: P5, Менеджер: Фролова Ирина 👩‍💼 P5
[2025-10-02 17:34:26] Операция: Обновление баланса клиента в таблице Клиенты
id Клиента: 157474072, Баланс_новый: -4436
[2025-10-03 08:48:21] Операция: Внесение данных в таблицу Касса
id клиента: 4, Нал: -350000, Касса: 0, Эквайринг: 0, Перевод: 0, Расчетный_счет: 0, comment: К12-Р5, office: K12, Менеджер: Гришина Надежда 👩‍💼 K12
[2025-10-03 08:48:21] Операция: Обновление баланса клиента в таблице Клиенты
id Клиента: 4, Баланс_новый: -350000
[2025-10-03 09:10:44] Операция: Внесение данных в таблицу Касса
id клиента: 157781217, Нал: -15000, Касса: 0, Эквайринг: 0, Перевод: 0, Расчетный_счет: 0, comment: 232054762, office: P1, Менеджер: Бунчина Ирина 👩‍💼 P1
[2025-10-03 09:10:44] Операция: Обновление баланса клиента в таблице Клиенты
id Клиента: 157781217, Баланс_новый: 0
[2025-10-03 09:22:17] Операция: Внесение данных в таблицу Касса
id клиента: 1, Нал: -5000, Касса: 0, Эквайринг: 0, Перевод: 0, Расчетный_счет: 0, comment: Никольск, office: P7, Менеджер: Алпатова Оксана 👩‍💼 P7
[2025-10-03 09:22:17] Операция: Обновление баланса клиента в таблице Клиенты
id Клиента: 1, Баланс_новый: -5787400
[2025-10-03 09:22:34] Операция: Внесение данных в таблицу Касса
id клиента: 1, Нал: -1200, Касса: 0, Эквайринг: 0, Перевод: 0, Расчетный_счет: 0, comment: Кибиткин Денис, office: P7, Менеджер: Алпатова Оксана 👩‍💼 P7
[2025-10-03 09:22:34] Операция: Обновление баланса клиента в таблице Клиенты
id Клиента: 1, Баланс_новый: -5788600
[2025-10-03 09:22:52] Операция: Внесение данных в таблицу Касса
id клиента: 1, Нал: -10000, Касса: 0, Эквайринг: 0, Перевод: 0, Расчетный_счет: 0, comment: Емелин Антон, office: P7, Менеджер: Алпатова Оксана 👩‍💼 P7
[2025-10-03 09:22:52] Операция: Обновление баланса клиента в таблице Клиенты
id Клиента: 1, Баланс_новый: -5798600
[2025-10-03 09:47:01] Операция: Внесение данных в таблицу Касса
id клиента: 4, Нал: -564000, Касса: 0, Эквайринг: 0, Перевод: 0, Расчетный_счет: 0, comment: S4-P5, office: S4, Менеджер: Сонина Наталья 👩‍💼 S4
[2025-10-03 09:47:01] Операция: Обновление баланса клиента в таблице Клиенты
id Клиента: 4, Баланс_новый: -914000
[2025-10-03 09:47:25] Операция: Внесение данных в таблицу Касса
id клиента: 4, Нал: 0, Касса: -15000, Эквайринг: 0, Перевод: 0, Расчетный_счет: 0, comment: S4-P5, office: S4, Менеджер: Сонина Наталья 👩‍💼 S4
[2025-10-03 09:47:25] Операция: Обновление баланса клиента в таблице Клиенты
id Клиента: 4, Баланс_новый: -929000
[2025-10-03 09:47:54] Операция: Внесение данных в таблицу Касса
id клиента: 1, Нал: -300, Касса: 0, Эквайринг: 0, Перевод: 0, Расчетный_счет: 0, comment: Инкассация, office: S4, Менеджер: Сонина Наталья 👩‍💼 S4
[2025-10-03 09:47:54] Операция: Обновление баланса клиента в таблице Клиенты
id Клиента: 1, Баланс_новый: -5798900
[2025-10-03 10:19:19] Операция: Внесение данных в таблицу Касса
id клиента: 4, Нал: -170000, Касса: 0, Эквайринг: 0, Перевод: 0, Расчетный_счет: 0, comment: Z6-P7, office: Z6, Менеджер: Соловков Александр 👨‍💼 Z6
[2025-10-03 10:19:19] Операция: Обновление баланса клиента в таблице Клиенты
id Клиента: 4, Баланс_новый: -1099000
[2025-10-03 12:11:03] Операция: Внесение данных в таблицу Касса
id клиента: 156537852, Нал: -250, Касса: 0, Эквайринг: 0, Перевод: 0, Расчетный_счет: 0, comment: Доставка воды, office: S8, Менеджер: Гирчева Ольга 👩‍💼 S8
[2025-10-03 12:11:03] Операция: Обновление баланса клиента в таблице Клиенты
id Клиента: 156537852, Баланс_новый: -146207
[2025-10-03 13:10:51] Операция: Внесение данных в таблицу Касса
id клиента: 4, Нал: -500000, Касса: 0, Эквайринг: 0, Перевод: 0, Расчетный_счет: 0, comment: S8->P5, office: S8, Менеджер: Гирчева Ольга 👩‍💼 S8
[2025-10-03 13:10:51] Операция: Обновление баланса клиента в таблице Клиенты
id Клиента: 4, Баланс_новый: -1599000
[2025-10-03 13:45:18] Операция: Внесение данных в таблицу Касса
id клиента: 156624252, Нал: 0, Касса: 0, Эквайринг: -590, Перевод: 0, Расчетный_счет: 0, comment: 231942701, office: P1, Менеджер: Бунчина Ирина 👩‍💼 P1
[2025-10-03 13:45:18] Операция: Обновление баланса клиента в таблице Клиенты
id Клиента: 156624252, Баланс_новый: 0
[2025-10-03 14:13:31] Операция: Внесение данных в таблицу Касса
id клиента: 1, Нал: -18000, Касса: 0, Эквайринг: 0, Перевод: 0, Расчетный_счет: 0, comment: Юркалов Дмитрий Р5, office: P5, Менеджер: Фролова Ирина 👩‍💼 P5
[2025-10-03 14:13:31] Операция: Обновление баланса клиента в таблице Клиенты
id Клиента: 1, Баланс_новый: -5816900
[2025-10-04 09:41:13] Операция: Внесение данных в таблицу Касса
id клиента: 4, Нал: -200000, Касса: 0, Эквайринг: 0, Перевод: 0, Расчетный_счет: 0, comment: К12-Р5, office: K12, Менеджер: Гришина Надежда 👩‍💼 K12
[2025-10-04 09:41:13] Операция: Обновление баланса клиента в таблице Клиенты
id Клиента: 4, Баланс_новый: -1279000
[2025-10-04 10:14:24] Операция: Внесение данных в таблицу Касса
id клиента: 1, Нал: -10500, Касса: 0, Эквайринг: 0, Перевод: 0, Расчетный_счет: 0, comment: Доставка Саранск, office: P5, Менеджер: Фролова Ирина 👩‍💼 P5
[2025-10-04 10:14:24] Операция: Обновление баланса клиента в таблице Клиенты
id Клиента: 1, Баланс_новый: -5827400
[2025-10-04 10:47:45] Операция: Внесение данных в таблицу Касса
id клиента: 10, Нал: -1760000, Касса: 0, Эквайринг: 0, Перевод: 0, Расчетный_счет: 0, comment: Наш друг (К), office: P5, Менеджер: Фролова Ирина 👩‍💼 P5
[2025-10-04 10:47:45] Операция: Обновление баланса клиента в таблице Клиенты
id Клиента: 10, Баланс_новый: -140502830
[2025-10-04 12:25:05] Операция: Внесение данных в таблицу kassa
id клиента: 1, Нал: -1500, Касса: 0, Эквайринг: 0, Перевод: 0, Расчетный_счет: 0, comment: Водитель Сергей, office: S8, Менеджер: Гирчев Роман 👨‍💼 (Админ)
[2025-10-04 12:25:05] Операция: Обновление баланса клиента в таблице users
id Клиента: 1, Баланс_новый: -5828900, Баланс_старый: -5827400
[2025-10-04 12:25:30] Операция: Внесение данных в таблицу kassa
id клиента: 1, Нал: -14400, Касса: 0, Эквайринг: 0, Перевод: 0, Расчетный_счет: 0, comment: Доставка OS, office: S8, Менеджер: Гирчев Роман 👨‍💼 (Админ)
[2025-10-04 12:25:30] Операция: Обновление баланса клиента в таблице users
id Клиента: 1, Баланс_новый: -5843300, Баланс_старый: -5828900
[2025-10-04 15:41:38] Операция: Внесение данных в таблицу Касса
id клиента: 1, Нал: -12000, Касса: 0, Эквайринг: 0, Перевод: 0, Расчетный_счет: 0, comment: Соловков Александр, office: Z6, Менеджер: Соловков Александр 👨‍💼 Z6
[2025-10-04 15:41:38] Операция: Обновление баланса клиента в таблице Клиенты
id Клиента: 1, Баланс_новый: -5855300
[2025-10-06 09:19:16] Операция: Внесение данных в таблицу Касса
id клиента: 1, Нал: -1200, Касса: 0, Эквайринг: 0, Перевод: 0, Расчетный_счет: 0, comment: Кибиткин Денис, office: P7, Менеджер: Алпатова Оксана 👩‍💼 P7
[2025-10-06 09:19:16] Операция: Обновление баланса клиента в таблице Клиенты
id Клиента: 1, Баланс_новый: -5856500
[2025-10-06 09:19:34] Операция: Внесение данных в таблицу Касса
id клиента: 1, Нал: -10000, Касса: 0, Эквайринг: 0, Перевод: 0, Расчетный_счет: 0, comment: Емелин Антон, office: P7, Менеджер: Алпатова Оксана 👩‍💼 P7
[2025-10-06 09:19:34] Операция: Обновление баланса клиента в таблице Клиенты
id Клиента: 1, Баланс_новый: -5866500
[2025-10-06 09:20:56] Операция: Внесение данных в таблицу Касса
id клиента: 156537852, Нал: -700, Касса: 0, Эквайринг: 0, Перевод: 0, Расчетный_счет: 0, comment: Туалетная бумага,бумажные полотенца,мешки для мусора., office: P7, Менеджер: Алпатова Оксана 👩‍💼 P7
[2025-10-06 09:20:56] Операция: Обновление баланса клиента в таблице Клиенты
id Клиента: 156537852, Баланс_новый: -146907
[2025-10-06 09:32:56] Операция: Внесение данных в таблицу Касса
id клиента: 1, Нал: -20000, Касса: 0, Эквайринг: 0, Перевод: 0, Расчетный_счет: 0, comment: Ежов Дмитрий, office: P7, Менеджер: Алпатова Оксана 👩‍💼 P7
[2025-10-06 09:32:56] Операция: Обновление баланса клиента в таблице Клиенты
id Клиента: 1, Баланс_новый: -5886500
[2025-10-06 11:23:46] Операция: Внесение данных в таблицу Касса
id клиента: 4, Нал: -200000, Касса: 0, Эквайринг: 0, Перевод: 0, Расчетный_счет: 0, comment: Z6-P7, office: Z6, Менеджер: Соловков Александр 👨‍💼 Z6
[2025-10-06 11:23:46] Операция: Обновление баланса клиента в таблице Клиенты
id Клиента: 4, Баланс_новый: -200000
[2025-10-06 12:49:47] Операция: Внесение данных в таблицу Касса
id клиента: 1683676, Нал: -1880, Касса: 0, Эквайринг: 0, Перевод: 0, Расчетный_счет: 0, comment: Поставщик OS, office: S8, Менеджер: Гирчева Ольга 👩‍💼 S8
[2025-10-06 12:49:47] Операция: Обновление баланса клиента в таблице Клиенты
id Клиента: 1683676, Баланс_новый: -200780
[2025-10-06 13:27:08] Операция: Внесение данных в таблицу Касса
id клиента: 1, Нал: -17500, Касса: 0, Эквайринг: 0, Перевод: 0, Расчетный_счет: 0, comment: Дасаев Ренат, office: P7, Менеджер: Алпатова Оксана 👩‍💼 P7
[2025-10-06 13:27:08] Операция: Обновление баланса клиента в таблице Клиенты
id Клиента: 1, Баланс_новый: -5904000
[2025-10-06 15:16:20] Операция: Внесение данных в таблицу Касса
id клиента: 3, Нал: -25000, Касса: 0, Эквайринг: 0, Перевод: 0, Расчетный_счет: 0, comment: октябрь, office: K12, Менеджер: Гришина Надежда 👩‍💼 K12
[2025-10-06 15:16:20] Операция: Обновление баланса клиента в таблице Клиенты
id Клиента: 3, Баланс_новый: -370000
[2025-10-06 15:16:39] Операция: Внесение данных в таблицу Касса
id клиента: 1, Нал: -2000, Касса: 0, Эквайринг: 0, Перевод: 0, Расчетный_счет: 0, comment: Доставка с Р5, office: K12, Менеджер: Гришина Надежда 👩‍💼 K12
[2025-10-06 15:16:39] Операция: Обновление баланса клиента в таблице Клиенты
id Клиента: 1, Баланс_новый: -5906000
[2025-10-06 16:16:52] Операция: Внесение данных в таблицу Касса
id клиента: 156455564, Нал: 0, Касса: 0, Эквайринг: -2700, Перевод: 0, Расчетный_счет: 0, comment: 232532001, office: P5, Менеджер: Фролова Ирина 👩‍💼 P5
[2025-10-06 16:16:52] Операция: Обновление баланса клиента в таблице Клиенты
id Клиента: 156455564, Баланс_новый: 1550
[2025-10-06 18:06:51] Операция: Внесение данных в таблицу Касса
id клиента: 157395092, Нал: 0, Касса: 0, Эквайринг: -8400, Перевод: 0, Расчетный_счет: 0, comment: 221212499, Возврат, office: P2, Менеджер: Анискина Ольга 👩‍💼 P2
[2025-10-06 18:06:51] Операция: Обновление баланса клиента в таблице Клиенты
id Клиента: 157395092, Баланс_новый: 0
[2025-10-07 09:24:40] Операция: Внесение данных в таблицу Касса
id клиента: 1, Нал: -1200, Касса: 0, Эквайринг: 0, Перевод: 0, Расчетный_счет: 0, comment: Кибиткин Денис, office: P7, Менеджер: Алпатова Оксана 👩‍💼 P7
[2025-10-07 09:24:40] Операция: Обновление баланса клиента в таблице Клиенты
id Клиента: 1, Баланс_новый: -5907200
[2025-10-07 09:24:59] Операция: Внесение данных в таблицу Касса
id клиента: 1, Нал: -10000, Касса: 0, Эквайринг: 0, Перевод: 0, Расчетный_счет: 0, comment: Емелин Антон, office: P7, Менеджер: Алпатова Оксана 👩‍💼 P7
[2025-10-07 09:24:59] Операция: Обновление баланса клиента в таблице Клиенты
id Клиента: 1, Баланс_новый: -5917200
[2025-10-07 09:36:36] Операция: Внесение данных в таблицу Касса
id клиента: 156875606, Нал: -640, Касса: 0, Эквайринг: 0, Перевод: 0, Расчетный_счет: 0, comment: 232242812, возврат 1 позиции, office: P2, Менеджер: Анискина Ольга 👩‍💼 P2
[2025-10-07 09:36:36] Операция: Обновление баланса клиента в таблице Клиенты
id Клиента: 156875606, Баланс_новый: 0
[2025-10-07 11:10:02] Операция: Внесение данных в таблицу Касса
id клиента: 8, Нал: 0, Касса: 0, Эквайринг: -8073, Перевод: 0, Расчетный_счет: 0, comment: 3948744, office: P11, Менеджер: Голубева Мария 👩‍💼 P11
[2025-10-07 11:10:02] Операция: Обновление баланса клиента в таблице Клиенты
id Клиента: 8, Баланс_новый: 1648573
[2025-10-07 12:14:45] Операция: Внесение данных в таблицу Касса
id клиента: 1111112, Нал: -2607, Касса: 0, Эквайринг: 0, Перевод: 0, Расчетный_счет: 0, comment: Чек №1942 от 6 октября 2025г, office: P1, Менеджер: Максимкина Татьяна 👩‍💼 P1
[2025-10-07 12:14:45] Операция: Обновление баланса клиента в таблице Клиенты
id Клиента: 1111112, Баланс_новый: -19222
[2025-10-07 15:49:22] Операция: Внесение данных в таблицу Касса
id клиента: 1683676, Нал: -1880, Касса: 0, Эквайринг: 0, Перевод: 0, Расчетный_счет: 0, comment: Поставщик OS, office: S8, Менеджер: Гирчева Ольга 👩‍💼 S8
[2025-10-07 15:49:22] Операция: Обновление баланса клиента в таблице Клиенты
id Клиента: 1683676, Баланс_новый: -202660
[2025-10-07 16:36:12] Операция: Внесение данных в таблицу Касса
id клиента: 10, Нал: -200000, Касса: 0, Эквайринг: 0, Перевод: 0, Расчетный_счет: 0, comment: Мирен (сотки), office: P5, Менеджер: Фролова Ирина 👩‍💼 P5
[2025-10-07 16:36:12] Операция: Обновление баланса клиента в таблице Клиенты
id Клиента: 10, Баланс_новый: -140702830
[2025-10-08 08:56:16] Операция: Внесение данных в таблицу Касса
id клиента: 1, Нал: -1200, Касса: 0, Эквайринг: 0, Перевод: 0, Расчетный_счет: 0, comment: Кибиткин Денис, office: P7, Менеджер: Алпатова Оксана 👩‍💼 P7
[2025-10-08 08:56:16] Операция: Обновление баланса клиента в таблице Клиенты
id Клиента: 1, Баланс_новый: -5918400
[2025-10-08 08:58:16] Операция: Внесение данных в таблицу Касса
id клиента: 1, Нал: -10000, Касса: 0, Эквайринг: 0, Перевод: 0, Расчетный_счет: 0, comment: Емелин Антон, office: P7, Менеджер: Алпатова Оксана 👩‍💼 P7
[2025-10-08 08:58:16] Операция: Обновление баланса клиента в таблице Клиенты
id Клиента: 1, Баланс_новый: -5928400
[2025-10-08 09:15:13] Операция: Внесение данных в таблицу kassa
id клиента: 10, Нал: -50000, Касса: 0, Эквайринг: 0, Перевод: 0, Расчетный_счет: 0, comment: О.Н., office: P2, Менеджер: Бахтибекова Елена 👩‍💼 (Админ)
[2025-10-08 09:15:13] Операция: Обновление баланса клиента в таблице users
id Клиента: 10, Баланс_новый: -140752830, Баланс_старый: -140702830
[2025-10-08 09:27:20] Операция: Внесение данных в таблицу Касса
id клиента: 4, Нал: -430000, Касса: 0, Эквайринг: 0, Перевод: 0, Расчетный_счет: 0, comment: К12-Р5, office: K12, Менеджер: Гришина Надежда 👩‍💼 K12
[2025-10-08 09:27:20] Операция: Обновление баланса клиента в таблице Клиенты
id Клиента: 4, Баланс_новый: -430000
[2025-10-08 09:59:31] Операция: Внесение данных в таблицу Касса
id клиента: 4, Нал: -140000, Касса: 0, Эквайринг: 0, Перевод: 0, Расчетный_счет: 0, comment: , office: Z6, Менеджер: Соловков Александр 👨‍💼 Z6
[2025-10-08 09:59:31] Операция: Обновление баланса клиента в таблице Клиенты
id Клиента: 4, Баланс_новый: -570000
[2025-10-08 13:06:38] Операция: Внесение данных в таблицу kassa
id клиента: 1683676, Нал: -1880, Касса: 0, Эквайринг: 0, Перевод: 0, Расчетный_счет: 0, comment: Поставщик OS, office: S8, Менеджер: Гирчев Роман 👨‍💼 (Админ)
[2025-10-08 13:06:38] Операция: Обновление баланса клиента в таблице users
id Клиента: 1683676, Баланс_новый: -204540, Баланс_старый: -202660
[2025-10-08 17:19:20] Операция: Внесение данных в таблицу Касса
id клиента: 156537852, Нал: -513, Касса: 0, Эквайринг: 0, Перевод: 0, Расчетный_счет: 0, comment: Влаж/салфетки, бумажные салфетки, туал/бумага, office: P2, Менеджер: Анискина Ольга 👩‍💼 P2
[2025-10-08 17:19:20] Операция: Обновление баланса клиента в таблице Клиенты
id Клиента: 156537852, Баланс_новый: -147420
[2025-10-09 09:14:12] Операция: Внесение данных в таблицу Касса
id клиента: 4, Нал: -240000, Касса: 0, Эквайринг: 0, Перевод: 0, Расчетный_счет: 0, comment: К12-Р5, office: K12, Менеджер: Гришина Надежда 👩‍💼 K12
[2025-10-09 09:14:12] Операция: Обновление баланса клиента в таблице Клиенты
id Клиента: 4, Баланс_новый: -240000
[2025-10-09 09:29:48] Операция: Внесение данных в таблицу Касса
id клиента: 1, Нал: -1200, Касса: 0, Эквайринг: 0, Перевод: 0, Расчетный_счет: 0, comment: Кибиткин Денис, office: P7, Менеджер: Алпатова Оксана 👩‍💼 P7
[2025-10-09 09:29:48] Операция: Обновление баланса клиента в таблице Клиенты
id Клиента: 1, Баланс_новый: -5929600
[2025-10-09 09:30:04] Операция: Внесение данных в таблицу Касса
id клиента: 1, Нал: -10000, Касса: 0, Эквайринг: 0, Перевод: 0, Расчетный_счет: 0, comment: Емелин Антон, office: P7, Менеджер: Алпатова Оксана 👩‍💼 P7
[2025-10-09 09:30:04] Операция: Обновление баланса клиента в таблице Клиенты
id Клиента: 1, Баланс_новый: -5939600
[2025-10-09 12:22:25] Операция: Внесение данных в таблицу Касса
id клиента: 10, Нал: -1760000, Касса: 0, Эквайринг: 0, Перевод: 0, Расчетный_счет: 0, comment: Наш друг (К) 👩, office: P5, Менеджер: Фролова Ирина 👩‍💼 P5
[2025-10-09 12:22:25] Операция: Обновление баланса клиента в таблице Клиенты
id Клиента: 10, Баланс_новый: -142512830
[2025-10-09 12:44:11] Операция: Внесение данных в таблицу kassa
id клиента: 1683676, Нал: -1880, Касса: 0, Эквайринг: 0, Перевод: 0, Расчетный_счет: 0, comment: Поставщик OS, office: S8, Менеджер: Гирчев Роман 👨‍💼 (Админ)
[2025-10-09 12:44:11] Операция: Обновление баланса клиента в таблице users
id Клиента: 1683676, Баланс_новый: -206420, Баланс_старый: -204540
[2025-10-10 08:48:11] Операция: Внесение данных в таблицу Касса
id клиента: 4, Нал: -100000, Касса: 0, Эквайринг: 0, Перевод: 0, Расчетный_счет: 0, comment: К12-Р5, office: K12, Менеджер: Гришина Надежда 👩‍💼 K12
[2025-10-10 08:48:11] Операция: Обновление баланса клиента в таблице Клиенты
id Клиента: 4, Баланс_новый: -100000
[2025-10-10 09:07:42] Операция: Внесение данных в таблицу Касса
id клиента: 1, Нал: -1200, Касса: 0, Эквайринг: 0, Перевод: 0, Расчетный_счет: 0, comment: Кибиткин Денис, office: P7, Менеджер: Алпатова Оксана 👩‍💼 P7
[2025-10-10 09:07:42] Операция: Обновление баланса клиента в таблице Клиенты
id Клиента: 1, Баланс_новый: -5940800
[2025-10-10 09:08:01] Операция: Внесение данных в таблицу Касса
id клиента: 1, Нал: -10000, Касса: 0, Эквайринг: 0, Перевод: 0, Расчетный_счет: 0, comment: Емелин Антон, office: P7, Менеджер: Алпатова Оксана 👩‍💼 P7
[2025-10-10 09:08:01] Операция: Обновление баланса клиента в таблице Клиенты
id Клиента: 1, Баланс_новый: -5950800
[2025-10-10 10:50:03] Операция: Внесение данных в таблицу Касса
id клиента: 4, Нал: -400000, Касса: 0, Эквайринг: 0, Перевод: 0, Расчетный_счет: 0, comment: Z6-P7, office: Z6, Менеджер: Соловков Александр 👨‍💼 Z6
[2025-10-10 10:50:03] Операция: Обновление баланса клиента в таблице Клиенты
id Клиента: 4, Баланс_новый: -500000
[2025-10-10 10:59:46] Операция: Внесение данных в таблицу Касса
id клиента: 4, Нал: 0, Касса: -5000, Эквайринг: 0, Перевод: 0, Расчетный_счет: 0, comment: касса-нал, office: Z6, Менеджер: Соловков Александр 👨‍💼 Z6
[2025-10-10 10:59:46] Операция: Обновление баланса клиента в таблице Клиенты
id Клиента: 4, Баланс_новый: -505000
[2025-10-10 11:04:34] Операция: Внесение данных в таблицу Касса
id клиента: 4, Нал: -13000, Касса: -13000, Эквайринг: 0, Перевод: 0, Расчетный_счет: 0, comment: , office: P11, Менеджер: Голубева Мария 👩‍💼 P11
[2025-10-10 11:04:34] Операция: Обновление баланса клиента в таблице Клиенты
id Клиента: 4, Баланс_новый: -526000
[2025-10-10 11:06:46] Операция: Внесение данных в таблицу Касса
id клиента: 4, Нал: -541000, Касса: 0, Эквайринг: 0, Перевод: 0, Расчетный_счет: 0, comment: S4-P5, office: S4, Менеджер: Сонина Наталья 👩‍💼 S4
[2025-10-10 11:06:46] Операция: Обновление баланса клиента в таблице Клиенты
id Клиента: 4, Баланс_новый: -1041000
[2025-10-10 11:07:09] Операция: Внесение данных в таблицу Касса
id клиента: 1, Нал: -300, Касса: 0, Эквайринг: 0, Перевод: 0, Расчетный_счет: 0, comment: Инкассация, office: S4, Менеджер: Сонина Наталья 👩‍💼 S4
[2025-10-10 11:07:09] Операция: Обновление баланса клиента в таблице Клиенты
id Клиента: 1, Баланс_новый: -5951100
[2025-10-10 13:22:59] Операция: Внесение данных в таблицу Касса
id клиента: 157781444, Нал: 0, Касса: 0, Эквайринг: -14120, Перевод: 0, Расчетный_счет: 0, comment: 232064199, office: P1, Менеджер: Максимкина Татьяна 👩‍💼 P1
[2025-10-10 13:22:59] Операция: Обновление баланса клиента в таблице Клиенты
id Клиента: 157781444, Баланс_новый: 41880
[2025-10-10 13:48:40] Операция: Внесение данных в таблицу Касса
id клиента: 4, Нал: -844000, Касса: 0, Эквайринг: 0, Перевод: 0, Расчетный_счет: 0, comment: S8->P5, office: S8, Менеджер: Гирчева Ольга 👩‍💼 S8
[2025-10-10 13:48:40] Операция: Обновление баланса клиента в таблице Клиенты
id Клиента: 4, Баланс_новый: -1885000
[2025-10-10 14:50:00] Операция: Внесение данных в таблицу Касса
id клиента: 1, Нал: -18000, Касса: 0, Эквайринг: 0, Перевод: 0, Расчетный_счет: 0, comment: Юркалов Дмитрий Р5, office: P5, Менеджер: Фролова Ирина 👩‍💼 P5
[2025-10-10 14:50:00] Операция: Обновление баланса клиента в таблице Клиенты
id Клиента: 1, Баланс_новый: -5969100
[2025-10-10 15:11:56] Операция: Внесение данных в таблицу Касса
id клиента: 157474072, Нал: 0, Касса: 0, Эквайринг: -1200, Перевод: 0, Расчетный_счет: 0, comment: 232810827, office: P5, Менеджер: Фролова Ирина 👩‍💼 P5
[2025-10-10 15:11:56] Операция: Обновление баланса клиента в таблице Клиенты
id Клиента: 157474072, Баланс_новый: -1200
[2025-10-10 17:28:34] Операция: Внесение данных в таблицу Касса
id клиента: 156803551, Нал: 0, Касса: 0, Эквайринг: -1508, Перевод: 0, Расчетный_счет: 0, comment: 232556057, office: P5, Менеджер: Фролова Ирина 👩‍💼 P5
[2025-10-10 17:28:34] Операция: Обновление баланса клиента в таблице Клиенты
id Клиента: 156803551, Баланс_новый: -1508
[2025-10-11 09:20:35] Операция: Внесение данных в таблицу Касса
id клиента: 4, Нал: -280000, Касса: 0, Эквайринг: 0, Перевод: 0, Расчетный_счет: 0, comment: К12-Р5, office: K12, Менеджер: Гришина Надежда 👩‍💼 K12
[2025-10-11 09:20:35] Операция: Обновление баланса клиента в таблице Клиенты
id Клиента: 4, Баланс_новый: -1765000
[2025-10-11 10:18:20] Операция: Внесение данных в таблицу Касса
id клиента: 4, Нал: -100000, Касса: 0, Эквайринг: 0, Перевод: 0, Расчетный_счет: 0, comment: P-P7, office: P2, Менеджер: Анискина Ольга 👩‍💼 P2
[2025-10-11 10:18:20] Операция: Обновление баланса клиента в таблице Клиенты
id Клиента: 4, Баланс_новый: -1865000
[2025-10-11 10:20:35] Операция: Внесение данных в таблицу Касса
id клиента: 1, Нал: -11500, Касса: 0, Эквайринг: 0, Перевод: 0, Расчетный_счет: 0, comment: Доставка Саранск, office: P5, Менеджер: Фролова Ирина 👩‍💼 P5
[2025-10-11 10:20:35] Операция: Обновление баланса клиента в таблице Клиенты
id Клиента: 1, Баланс_новый: -5980600
[2025-10-11 11:21:06] Операция: Внесение данных в таблицу Касса
id клиента: 10, Нал: -1760000, Касса: 0, Эквайринг: 0, Перевод: 0, Расчетный_счет: 0, comment: Наш друг (К) 👩, office: P5, Менеджер: Фролова Ирина 👩‍💼 P5
[2025-10-11 11:21:06] Операция: Обновление баланса клиента в таблице Клиенты
id Клиента: 10, Баланс_новый: -144272830
[2025-10-11 11:44:10] Операция: Внесение данных в таблицу kassa
id клиента: 1, Нал: -1500, Касса: 0, Эквайринг: 0, Перевод: 0, Расчетный_счет: 0, comment: Водитель Сергей, office: S8, Менеджер: Гирчев Роман 👨‍💼 (Админ)
[2025-10-11 11:44:10] Операция: Обновление баланса клиента в таблице users
id Клиента: 1, Баланс_новый: -5982100, Баланс_старый: -5980600
[2025-10-11 11:44:34] Операция: Внесение данных в таблицу kassa
id клиента: 1, Нал: -14400, Касса: 0, Эквайринг: 0, Перевод: 0, Расчетный_счет: 0, comment: Доставка OS, office: S8, Менеджер: Гирчев Роман 👨‍💼 (Админ)
[2025-10-11 11:44:34] Операция: Обновление баланса клиента в таблице users
id Клиента: 1, Баланс_новый: -5996500, Баланс_старый: -5982100
[2025-10-11 14:38:42] Операция: Внесение данных в таблицу Касса
id клиента: 1, Нал: -12000, Касса: 0, Эквайринг: 0, Перевод: 0, Расчетный_счет: 0, comment: Соловков Александр, office: Z6, Менеджер: Соловков Александр 👨‍💼 Z6
[2025-10-11 14:38:42] Операция: Обновление баланса клиента в таблице Клиенты
id Клиента: 1, Баланс_новый: -6008500
[2025-10-13 09:13:25] Операция: Внесение данных в таблицу Касса
id клиента: 1, Нал: -1200, Касса: 0, Эквайринг: 0, Перевод: 0, Расчетный_счет: 0, comment: Кибиткин Денис, office: P7, Менеджер: Алпатова Оксана 👩‍💼 P7
[2025-10-13 09:13:25] Операция: Обновление баланса клиента в таблице Клиенты
id Клиента: 1, Баланс_новый: -6009700
[2025-10-13 09:13:44] Операция: Внесение данных в таблицу Касса
id клиента: 1, Нал: -10000, Касса: 0, Эквайринг: 0, Перевод: 0, Расчетный_счет: 0, comment: Емелин Антон, office: P7, Менеджер: Алпатова Оксана 👩‍💼 P7
[2025-10-13 09:13:44] Операция: Обновление баланса клиента в таблице Клиенты
id Клиента: 1, Баланс_новый: -6019700
[2025-10-13 09:48:38] Операция: Внесение данных в таблицу Касса
id клиента: 1, Нал: -20000, Касса: 0, Эквайринг: 0, Перевод: 0, Расчетный_счет: 0, comment: Ежов Дмитрий, office: P7, Менеджер: Алпатова Оксана 👩‍💼 P7
[2025-10-13 09:48:38] Операция: Обновление баланса клиента в таблице Клиенты
id Клиента: 1, Баланс_новый: -6039700
[2025-10-13 10:05:51] Операция: Внесение данных в таблицу Касса
id клиента: 4, Нал: -250000, Касса: 0, Эквайринг: 0, Перевод: 0, Расчетный_счет: 0, comment: Z6-P7, office: Z6, Менеджер: Соловков Александр 👨‍💼 Z6
[2025-10-13 10:05:51] Операция: Обновление баланса клиента в таблице Клиенты
id Клиента: 4, Баланс_новый: -250000
[2025-10-13 11:38:25] Операция: Внесение данных в таблицу Касса
id клиента: 1, Нал: -700, Касса: 0, Эквайринг: 0, Перевод: 0, Расчетный_счет: 0, comment: Разгрузка 2 дня мал. Сергей, office: S4, Менеджер: Сонина Наталья 👩‍💼 S4
[2025-10-13 11:38:25] Операция: Обновление баланса клиента в таблице Клиенты
id Клиента: 1, Баланс_новый: -6040400
[2025-10-13 11:39:03] Операция: Внесение данных в таблицу Касса
id клиента: 1, Нал: -1000, Касса: 0, Эквайринг: 0, Перевод: 0, Расчетный_счет: 0, comment: Разгрузка 3 дня бол. Сергей, office: S4, Менеджер: Сонина Наталья 👩‍💼 S4
[2025-10-13 11:39:03] Операция: Обновление баланса клиента в таблице Клиенты
id Клиента: 1, Баланс_новый: -6041400
[2025-10-13 11:51:08] Операция: Внесение данных в таблицу Касса
id клиента: 156537852, Нал: -190, Касса: 0, Эквайринг: 0, Перевод: 0, Расчетный_счет: 0, comment: Моющее ср-во, губки, office: P2, Менеджер: Анискина Ольга 👩‍💼 P2
[2025-10-13 11:51:08] Операция: Обновление баланса клиента в таблице Клиенты
id Клиента: 156537852, Баланс_новый: -147610
[2025-10-13 12:18:13] Операция: Внесение данных в таблицу Касса
id клиента: 156537852, Нал: -130, Касса: 0, Эквайринг: 0, Перевод: 0, Расчетный_счет: 0, comment: Файлы 100 шт, office: S4, Менеджер: Сонина Наталья 👩‍💼 S4
[2025-10-13 12:18:13] Операция: Обновление баланса клиента в таблице Клиенты
id Клиента: 156537852, Баланс_новый: -147740
[2025-10-13 12:18:44] Операция: Внесение данных в таблицу Касса
id клиента: 156537852, Нал: -400, Касса: 0, Эквайринг: 0, Перевод: 0, Расчетный_счет: 0, comment: Бумага А4 1 уп, office: S4, Менеджер: Сонина Наталья 👩‍💼 S4
[2025-10-13 12:18:44] Операция: Обновление баланса клиента в таблице Клиенты
id Клиента: 156537852, Баланс_новый: -148140
[2025-10-13 13:35:54] Операция: Внесение данных в таблицу Касса
id клиента: 156647325, Нал: 0, Касса: 0, Эквайринг: -2180, Перевод: 0, Расчетный_счет: 0, comment: 232204126, Возврат 2 позиции, office: P2, Менеджер: Анискина Ольга 👩‍💼 P2
[2025-10-13 13:35:54] Операция: Обновление баланса клиента в таблице Клиенты
id Клиента: 156647325, Баланс_новый: 0
[2025-10-13 14:18:19] Операция: Внесение данных в таблицу Касса
id клиента: 156537852, Нал: -200, Касса: 0, Эквайринг: 0, Перевод: 0, Расчетный_счет: 0, comment: вл.салфетки+т.бумага, office: S4, Менеджер: Сонина Наталья 👩‍💼 S4
[2025-10-13 14:18:19] Операция: Обновление баланса клиента в таблице Клиенты
id Клиента: 156537852, Баланс_новый: -148340
[2025-10-13 14:20:35] Операция: Внесение данных в таблицу Касса
id клиента: 1, Нал: -2000, Касса: 0, Эквайринг: 0, Перевод: 0, Расчетный_счет: 0, comment: Доставка с Р5, office: K12, Менеджер: Гришина Надежда 👩‍💼 K12
[2025-10-13 14:20:35] Операция: Обновление баланса клиента в таблице Клиенты
id Клиента: 1, Баланс_новый: -6043400
[2025-10-13 14:52:28] Операция: Внесение данных в таблицу Касса
id клиента: 157778185, Нал: 0, Касса: 0, Эквайринг: -980, Перевод: 0, Расчетный_счет: 0, comment: 231960781, office: P5, Менеджер: Фролова Ирина 👩‍💼 P5
[2025-10-13 14:52:28] Операция: Обновление баланса клиента в таблице Клиенты
id Клиента: 157778185, Баланс_новый: -980
[2025-10-13 15:33:02] Операция: Внесение данных в таблицу Касса
id клиента: 1, Нал: -17500, Касса: 0, Эквайринг: 0, Перевод: 0, Расчетный_счет: 0, comment: Дасаев Ринат, office: P7, Менеджер: Алпатова Оксана 👩‍💼 P7
[2025-10-13 15:33:02] Операция: Обновление баланса клиента в таблице Клиенты
id Клиента: 1, Баланс_новый: -6060900
[2025-10-14 10:11:05] Операция: Внесение данных в таблицу Касса
id клиента: 10, Нал: -514700, Касса: 0, Эквайринг: 0, Перевод: 0, Расчетный_счет: 0, comment: Наш друг (С) 👨, office: P7, Менеджер: Алпатова Оксана 👩‍💼 P7
[2025-10-14 10:11:05] Операция: Обновление баланса клиента в таблице Клиенты
id Клиента: 10, Баланс_новый: -144787530
[2025-10-14 13:36:32] Операция: Внесение данных в таблицу Касса
id клиента: 1, Нал: -1200, Касса: 0, Эквайринг: 0, Перевод: 0, Расчетный_счет: 0, comment: Кибиткин Денис, office: P7, Менеджер: Алпатова Оксана 👩‍💼 P7
[2025-10-14 13:36:32] Операция: Обновление баланса клиента в таблице Клиенты
id Клиента: 1, Баланс_новый: -6062100
[2025-10-14 13:36:49] Операция: Внесение данных в таблицу Касса
id клиента: 1, Нал: -10000, Касса: 0, Эквайринг: 0, Перевод: 0, Расчетный_счет: 0, comment: Емелин Антон, office: P7, Менеджер: Алпатова Оксана 👩‍💼 P7
[2025-10-14 13:36:49] Операция: Обновление баланса клиента в таблице Клиенты
id Клиента: 1, Баланс_новый: -6072100
[2025-10-14 15:23:29] Операция: Внесение данных в таблицу Касса
id клиента: 10, Нал: -200000, Касса: 0, Эквайринг: 0, Перевод: 0, Расчетный_счет: 0, comment: Мирен (сотки), office: P5, Менеджер: Фролова Ирина 👩‍💼 P5
[2025-10-14 15:23:29] Операция: Обновление баланса клиента в таблице Клиенты
id Клиента: 10, Баланс_новый: -144987530
[2026-05-12 14:07:01] Операция: Внесение данных в таблицу kassa
id клиента: 2147483647, Нал: -2000, Касса: 0, Эквайринг: 0, Перевод: 0, Расчетный_счет: 0, comment: , office: P1, Менеджер: Нейфельд Евгений (Админ)
[2026-05-12 14:07:01] Операция: Обновление баланса клиента в таблице users
id Клиента: 2147483647, Баланс_новый: 2000, Баланс_старый: 4000
[2026-05-12 14:19:45] Операция: Внесение данных в таблицу kassa
id клиента: 2147483647, Нал: -1000, Касса: 0, Эквайринг: 0, Перевод: 0, Расчетный_счет: 0, comment: , office: P1, Менеджер: Нейфельд Евгений (Админ)
[2026-05-12 14:19:45] Операция: Обновление баланса клиента в таблице users
id Клиента: 2147483647, Баланс_новый: -1000, Баланс_старый: 0
