[2025-06-30 10:47:16] Операция: Внесение данных в таблицу Касса
id клиента: 11, Нал: -532000, comment: Ново-Тамбовская 22а, office: P1, Менеджер: Максимкина Татьяна 👩‍💼 P1
[2025-06-30 10:47:16] Операция: Обновление баланса клиента в таблице Клиенты
id Клиента: 11, Баланс_новый: 9144650, Баланс_старый: 9676650
[2025-06-30 12:26:35] Операция: Внесение данных в таблицу Касса
id клиента: 210, Нал: 123, comment: % май, office: P0, Менеджер: Гирчев Роман 👨‍💼 (Админ)
[2025-06-30 12:26:35] Операция: Обновление баланса клиента в таблице Клиенты
id Клиента: 210, Выплата/пополнение 123, Баланс_новый: 12276, Баланс_старый: 12153
[2025-06-30 12:27:53] Операция: Внесение данных в таблицу Касса
id клиента: 206, Нал: 3109, comment: % май общая, office: P0, Менеджер: Гирчев Роман 👨‍💼 (Админ)
[2025-06-30 12:27:53] Операция: Обновление баланса клиента в таблице Клиенты
id Клиента: 206, Выплата/пополнение 3109, Баланс_новый: 53109, Баланс_старый: 50000
[2025-06-30 14:16:53] Операция: Внесение данных в таблицу Касса
id клиента: 11, Нал: -733250, comment: Калинина, office: P7, Менеджер: Алпатова Оксана 👩‍💼 P7
[2025-06-30 14:16:53] Операция: Обновление баланса клиента в таблице Клиенты
id Клиента: 11, Баланс_новый: 8411400, Баланс_старый: 9144650
[2025-06-30 16:48:23] Операция: Внесение данных в таблицу Касса
id клиента: 229, Нал: 2900, comment: , office: P0, Менеджер: Бахтибекова Елена 👩‍💼 (Админ)
[2025-06-30 16:48:23] Операция: Обновление баланса клиента в таблице Клиенты
id Клиента: 229, Выплата/пополнение 2900, Баланс_новый: 3300, Баланс_старый: 400
[2025-06-30 17:06:27] Операция: Внесение данных в таблицу Касса
id клиента: 229, Нал: -3200, comment: , office: P5, Менеджер: Фролова Ирина 👩‍💼 P5
[2025-06-30 17:06:27] Операция: Обновление баланса клиента в таблице Клиенты
id Клиента: 229, Баланс_новый: 100, Баланс_старый: 3300
[2025-07-01 11:00:05] Операция: Внесение данных в таблицу Касса
id клиента: 225, Нал: 32000, comment: , office: P0, Менеджер: Бахтибекова Елена 👩‍💼 (Админ)
[2025-07-01 11:00:05] Операция: Обновление баланса клиента в таблице Клиенты
id Клиента: 225, Выплата/пополнение 32000, Баланс_новый: 70000, Баланс_старый: 38000
[2025-07-01 11:01:07] Операция: Внесение данных в таблицу Касса
id клиента: 226, Нал: 2500, comment: , office: P0, Менеджер: Бахтибекова Елена 👩‍💼 (Админ)
[2025-07-01 11:01:07] Операция: Обновление баланса клиента в таблице Клиенты
id Клиента: 226, Выплата/пополнение 2500, Баланс_новый: 2500, Баланс_старый: 0
[2025-07-01 11:01:31] Операция: Внесение данных в таблицу Касса
id клиента: 231, Нал: 3000, comment: , office: P0, Менеджер: Бахтибекова Елена 👩‍💼 (Админ)
[2025-07-01 11:01:31] Операция: Обновление баланса клиента в таблице Клиенты
id Клиента: 231, Выплата/пополнение 3000, Баланс_новый: 3000, Баланс_старый: 0
[2025-07-01 11:01:55] Операция: Внесение данных в таблицу Касса
id клиента: 205, Нал: 12500, comment: , office: P0, Менеджер: Бахтибекова Елена 👩‍💼 (Админ)
[2025-07-01 11:01:55] Операция: Обновление баланса клиента в таблице Клиенты
id Клиента: 205, Выплата/пополнение 12500, Баланс_новый: 23022, Баланс_старый: 10522
[2025-07-01 11:02:38] Операция: Внесение данных в таблицу Касса
id клиента: 205, Нал: -10713, comment: карта 01.07.2025, office: P0, Менеджер: Бахтибекова Елена 👩‍💼 (Админ)
[2025-07-01 11:02:38] Операция: Обновление баланса клиента в таблице Клиенты
id Клиента: 205, Выплата/пополнение -10713, Баланс_новый: 12309, Баланс_старый: 23022
[2025-07-01 11:02:51] Операция: Внесение данных в таблицу Касса
id клиента: 213, Нал: 23000, comment: , office: P0, Менеджер: Бахтибекова Елена 👩‍💼 (Админ)
[2025-07-01 11:02:51] Операция: Обновление баланса клиента в таблице Клиенты
id Клиента: 213, Выплата/пополнение 23000, Баланс_новый: 23000, Баланс_старый: 0
[2025-07-01 11:03:14] Операция: Внесение данных в таблицу Касса
id клиента: 213, Нал: -10531, comment: карта 01.07.2025, office: P0, Менеджер: Бахтибекова Елена 👩‍💼 (Админ)
[2025-07-01 11:03:14] Операция: Обновление баланса клиента в таблице Клиенты
id Клиента: 213, Выплата/пополнение -10531, Баланс_новый: 12469, Баланс_старый: 23000
[2025-07-01 11:03:42] Операция: Внесение данных в таблицу Касса
id клиента: 204, Нал: 27500, comment: , office: P0, Менеджер: Бахтибекова Елена 👩‍💼 (Админ)
[2025-07-01 11:03:42] Операция: Обновление баланса клиента в таблице Клиенты
id Клиента: 204, Выплата/пополнение 27500, Баланс_новый: 57500, Баланс_старый: 30000
[2025-07-01 11:05:30] Операция: Внесение данных в таблицу Касса
id клиента: 235, Нал: 6800, comment: , office: P0, Менеджер: Бахтибекова Елена 👩‍💼 (Админ)
[2025-07-01 11:05:30] Операция: Обновление баланса клиента в таблице Клиенты
id Клиента: 235, Выплата/пополнение 6800, Баланс_новый: 6800, Баланс_старый: 0
[2025-07-01 11:06:02] Операция: Внесение данных в таблицу Касса
id клиента: 235, Нал: -4577, comment: карта 01.07.2025, office: P0, Менеджер: Бахтибекова Елена 👩‍💼 (Админ)
[2025-07-01 11:06:02] Операция: Обновление баланса клиента в таблице Клиенты
id Клиента: 235, Выплата/пополнение -4577, Баланс_новый: 2223, Баланс_старый: 6800
[2025-07-01 11:07:10] Операция: Внесение данных в таблицу Касса
id клиента: 234, Нал: 2000, comment: , office: P0, Менеджер: Бахтибекова Елена 👩‍💼 (Админ)
[2025-07-01 11:07:10] Операция: Обновление баланса клиента в таблице Клиенты
id Клиента: 234, Выплата/пополнение 2000, Баланс_новый: 2000, Баланс_старый: 0
[2025-07-01 11:07:41] Операция: Внесение данных в таблицу Касса
id клиента: 208, Нал: 2700, comment: , office: P0, Менеджер: Бахтибекова Елена 👩‍💼 (Админ)
[2025-07-01 11:07:41] Операция: Обновление баланса клиента в таблице Клиенты
id Клиента: 208, Выплата/пополнение 2700, Баланс_новый: 2700, Баланс_старый: 0
[2025-07-01 11:08:23] Операция: Внесение данных в таблицу Касса
id клиента: 209, Нал: 15400, comment: , office: P0, Менеджер: Бахтибекова Елена 👩‍💼 (Админ)
[2025-07-01 11:08:23] Операция: Обновление баланса клиента в таблице Клиенты
id Клиента: 209, Выплата/пополнение 15400, Баланс_новый: 15400, Баланс_старый: 0
[2025-07-01 11:08:24] Операция: Внесение данных в таблицу Касса
id клиента: 209, Нал: 15400, comment: , office: P0, Менеджер: Бахтибекова Елена 👩‍💼 (Админ)
[2025-07-01 11:08:24] Операция: Обновление баланса клиента в таблице Клиенты
id Клиента: 209, Выплата/пополнение 15400, Баланс_новый: 30800, Баланс_старый: 15400
[2025-07-01 11:10:48] Операция: Внесение данных в таблицу Касса
id клиента: 209, Нал: -11353, comment: карта 01.07.2025, office: P0, Менеджер: Бахтибекова Елена 👩‍💼 (Админ)
[2025-07-01 11:10:48] Операция: Обновление баланса клиента в таблице Клиенты
id Клиента: 209, Выплата/пополнение -11353, Баланс_новый: 4047, Баланс_старый: 15400
[2025-07-01 11:11:26] Операция: Внесение данных в таблицу Касса
id клиента: 202, Нал: 2200, comment: , office: P0, Менеджер: Бахтибекова Елена 👩‍💼 (Админ)
[2025-07-01 11:11:26] Операция: Обновление баланса клиента в таблице Клиенты
id Клиента: 202, Выплата/пополнение 2200, Баланс_новый: 2428, Баланс_старый: 228
[2025-07-01 11:11:48] Операция: Внесение данных в таблицу Касса
id клиента: 202, Нал: -10531, comment: карта 01.07.2025, office: P0, Менеджер: Бахтибекова Елена 👩‍💼 (Админ)
[2025-07-01 11:11:48] Операция: Обновление баланса клиента в таблице Клиенты
id Клиента: 202, Выплата/пополнение -10531, Баланс_новый: -8103, Баланс_старый: 2428
[2025-07-01 11:12:18] Операция: Внесение данных в таблицу Касса
id клиента: 229, Нал: 2900, comment: , office: P0, Менеджер: Бахтибекова Елена 👩‍💼 (Админ)
[2025-07-01 11:12:18] Операция: Обновление баланса клиента в таблице Клиенты
id Клиента: 229, Выплата/пополнение 2900, Баланс_новый: 3000, Баланс_старый: 100
[2025-07-01 11:12:38] Операция: Внесение данных в таблицу Касса
id клиента: 230, Нал: 14500, comment: , office: P0, Менеджер: Бахтибекова Елена 👩‍💼 (Админ)
[2025-07-01 11:12:38] Операция: Обновление баланса клиента в таблице Клиенты
id Клиента: 230, Выплата/пополнение 14500, Баланс_новый: 14517, Баланс_старый: 17
[2025-07-01 11:12:56] Операция: Внесение данных в таблицу Касса
id клиента: 230, Нал: -10989, comment: карта 01.07.2025, office: P0, Менеджер: Бахтибекова Елена 👩‍💼 (Админ)
[2025-07-01 11:12:56] Операция: Обновление баланса клиента в таблице Клиенты
id Клиента: 230, Выплата/пополнение -10989, Баланс_новый: 3528, Баланс_старый: 14517
[2025-07-01 11:12:58] Операция: Внесение данных в таблицу Касса
id клиента: 213, Нал: -12469, comment: , office: P1, Менеджер: Максимкина Татьяна 👩‍💼 P1
[2025-07-01 11:12:58] Операция: Обновление баланса клиента в таблице Клиенты
id Клиента: 213, Баланс_новый: 0, Баланс_старый: 12469
[2025-07-01 11:13:27] Операция: Внесение данных в таблицу Касса
id клиента: 222, Нал: 3000, comment: , office: P0, Менеджер: Бахтибекова Елена 👩‍💼 (Админ)
[2025-07-01 11:13:27] Операция: Обновление баланса клиента в таблице Клиенты
id Клиента: 222, Выплата/пополнение 3000, Баланс_новый: 18000, Баланс_старый: 15000
[2025-07-01 11:13:47] Операция: Внесение данных в таблицу Касса
id клиента: 222, Нал: -10531, comment: карта 01.07.2025, office: P0, Менеджер: Бахтибекова Елена 👩‍💼 (Админ)
[2025-07-01 11:13:47] Операция: Обновление баланса клиента в таблице Клиенты
id Клиента: 222, Выплата/пополнение -10531, Баланс_новый: 7469, Баланс_старый: 18000
[2025-07-01 11:14:26] Операция: Внесение данных в таблицу Касса
id клиента: 232, Нал: 1500, comment: , office: P0, Менеджер: Бахтибекова Елена 👩‍💼 (Админ)
[2025-07-01 11:14:26] Операция: Обновление баланса клиента в таблице Клиенты
id Клиента: 232, Выплата/пополнение 1500, Баланс_новый: 1500, Баланс_старый: 0
[2025-07-01 11:14:52] Операция: Внесение данных в таблицу Касса
id клиента: 207, Нал: 25500, comment: , office: P0, Менеджер: Бахтибекова Елена 👩‍💼 (Админ)
[2025-07-01 11:14:52] Операция: Обновление баланса клиента в таблице Клиенты
id Клиента: 207, Выплата/пополнение 25500, Баланс_новый: 43110, Баланс_старый: 17610
[2025-07-01 11:15:16] Операция: Внесение данных в таблицу Касса
id клиента: 207, Нал: -10989, comment: карта 01.07.2025, office: P0, Менеджер: Бахтибекова Елена 👩‍💼 (Админ)
[2025-07-01 11:15:16] Операция: Обновление баланса клиента в таблице Клиенты
id Клиента: 207, Выплата/пополнение -10989, Баланс_новый: 32121, Баланс_старый: 43110
[2025-07-01 11:16:13] Операция: Внесение данных в таблицу Касса
id клиента: 221, Нал: 22700, comment: , office: P0, Менеджер: Бахтибекова Елена 👩‍💼 (Админ)
[2025-07-01 11:16:13] Операция: Обновление баланса клиента в таблице Клиенты
id Клиента: 221, Выплата/пополнение 22700, Баланс_новый: 22700, Баланс_старый: 0
[2025-07-01 11:16:42] Операция: Внесение данных в таблицу Касса
id клиента: 221, Нал: -10989, comment: карта 01.07.2025, office: P0, Менеджер: Бахтибекова Елена 👩‍💼 (Админ)
[2025-07-01 11:16:42] Операция: Обновление баланса клиента в таблице Клиенты
id Клиента: 221, Выплата/пополнение -10989, Баланс_новый: 11711, Баланс_старый: 22700
[2025-07-01 11:17:25] Операция: Внесение данных в таблицу Касса
id клиента: 210, Нал: 30500, comment: , office: P0, Менеджер: Бахтибекова Елена 👩‍💼 (Админ)
[2025-07-01 11:17:25] Операция: Обновление баланса клиента в таблице Клиенты
id Клиента: 210, Выплата/пополнение 30500, Баланс_новый: 42776, Баланс_старый: 12276
[2025-07-01 11:17:43] Операция: Внесение данных в таблицу Касса
id клиента: 210, Нал: -10989, comment: карта 01.07.2025, office: P0, Менеджер: Бахтибекова Елена 👩‍💼 (Админ)
[2025-07-01 11:17:43] Операция: Обновление баланса клиента в таблице Клиенты
id Клиента: 210, Выплата/пополнение -10989, Баланс_новый: 31787, Баланс_старый: 42776
[2025-07-01 11:18:23] Операция: Внесение данных в таблицу Касса
id клиента: 228, Нал: 30000, comment: , office: P0, Менеджер: Бахтибекова Елена 👩‍💼 (Админ)
[2025-07-01 11:18:23] Операция: Обновление баланса клиента в таблице Клиенты
id Клиента: 228, Выплата/пополнение 30000, Баланс_новый: 53194, Баланс_старый: 23194
[2025-07-01 11:18:39] Операция: Внесение данных в таблицу Касса
id клиента: 228, Нал: -11353, comment: карта 01.07.2025, office: P0, Менеджер: Бахтибекова Елена 👩‍💼 (Админ)
[2025-07-01 11:18:39] Операция: Обновление баланса клиента в таблице Клиенты
id Клиента: 228, Выплата/пополнение -11353, Баланс_новый: 41841, Баланс_старый: 53194
[2025-07-01 11:19:20] Операция: Внесение данных в таблицу Касса
id клиента: 220, Нал: 35000, comment: , office: P0, Менеджер: Бахтибекова Елена 👩‍💼 (Админ)
[2025-07-01 11:19:20] Операция: Обновление баланса клиента в таблице Клиенты
id Клиента: 220, Выплата/пополнение 35000, Баланс_новый: 35000, Баланс_старый: 0
[2025-07-01 11:19:32] Операция: Внесение данных в таблицу Касса
id клиента: 220, Нал: -5676, comment: карта 01.07.2025, office: P0, Менеджер: Бахтибекова Елена 👩‍💼 (Админ)
[2025-07-01 11:19:32] Операция: Обновление баланса клиента в таблице Клиенты
id Клиента: 220, Выплата/пополнение -5676, Баланс_новый: 29324, Баланс_старый: 35000
[2025-07-01 11:20:37] Операция: Внесение данных в таблицу Касса
id клиента: 201, Нал: 35000, comment: , office: P0, Менеджер: Бахтибекова Елена 👩‍💼 (Админ)
[2025-07-01 11:20:37] Операция: Обновление баланса клиента в таблице Клиенты
id Клиента: 201, Выплата/пополнение 35000, Баланс_новый: 35000, Баланс_старый: 0
[2025-07-01 11:20:52] Операция: Внесение данных в таблицу Касса
id клиента: 201, Нал: -10989, comment: карта 01.07.2025, office: P0, Менеджер: Бахтибекова Елена 👩‍💼 (Админ)
[2025-07-01 11:20:52] Операция: Обновление баланса клиента в таблице Клиенты
id Клиента: 201, Выплата/пополнение -10989, Баланс_новый: 24011, Баланс_старый: 35000
[2025-07-01 11:22:25] Операция: Внесение данных в таблицу Касса
id клиента: 214, Нал: 32700, comment: , office: P0, Менеджер: Бахтибекова Елена 👩‍💼 (Админ)
[2025-07-01 11:22:25] Операция: Обновление баланса клиента в таблице Клиенты
id Клиента: 214, Выплата/пополнение 32700, Баланс_новый: -97669, Баланс_старый: -130369
[2025-07-01 11:22:50] Операция: Внесение данных в таблицу Касса
id клиента: 214, Нал: -11535, comment: карта 01.07.2025, office: P0, Менеджер: Бахтибекова Елена 👩‍💼 (Админ)
[2025-07-01 11:22:50] Операция: Обновление баланса клиента в таблице Клиенты
id Клиента: 214, Выплата/пополнение -11535, Баланс_новый: -109204, Баланс_старый: -97669
[2025-07-01 11:24:00] Операция: Внесение данных в таблицу Касса
id клиента: 212, Нал: 25000, comment: , office: P0, Менеджер: Бахтибекова Елена 👩‍💼 (Админ)
[2025-07-01 11:24:00] Операция: Обновление баланса клиента в таблице Клиенты
id Клиента: 212, Выплата/пополнение 25000, Баланс_новый: 40110, Баланс_старый: 15110
[2025-07-01 11:24:14] Операция: Внесение данных в таблицу Касса
id клиента: 212, Нал: -11171, comment: карта 01.07.2025, office: P0, Менеджер: Бахтибекова Елена 👩‍💼 (Админ)
[2025-07-01 11:24:14] Операция: Обновление баланса клиента в таблице Клиенты
id Клиента: 212, Выплата/пополнение -11171, Баланс_новый: 28939, Баланс_старый: 40110
[2025-07-01 11:24:55] Операция: Внесение данных в таблицу Касса
id клиента: 203, Нал: 25000, comment: , office: P0, Менеджер: Бахтибекова Елена 👩‍💼 (Админ)
[2025-07-01 11:24:55] Операция: Обновление баланса клиента в таблице Клиенты
id Клиента: 203, Выплата/пополнение 25000, Баланс_новый: 25000, Баланс_старый: 0
[2025-07-01 11:25:20] Операция: Внесение данных в таблицу Касса
id клиента: 203, Нал: -10531, comment: карта 01.07.2025, office: P0, Менеджер: Бахтибекова Елена 👩‍💼 (Админ)
[2025-07-01 11:25:20] Операция: Обновление баланса клиента в таблице Клиенты
id Клиента: 203, Выплата/пополнение -10531, Баланс_новый: 14469, Баланс_старый: 25000
[2025-07-01 11:26:12] Операция: Внесение данных в таблицу Касса
id клиента: 218, Нал: 31000, comment: , office: P0, Менеджер: Бахтибекова Елена 👩‍💼 (Админ)
[2025-07-01 11:26:12] Операция: Обновление баланса клиента в таблице Клиенты
id Клиента: 218, Выплата/пополнение 31000, Баланс_новый: 31000, Баланс_старый: 0
[2025-07-01 11:27:40] Операция: Внесение данных в таблицу Касса
id клиента: 211, Нал: 15000, comment: , office: P0, Менеджер: Бахтибекова Елена 👩‍💼 (Админ)
[2025-07-01 11:27:40] Операция: Обновление баланса клиента в таблице Клиенты
id Клиента: 211, Выплата/пополнение 15000, Баланс_новый: 25952, Баланс_старый: 10952
[2025-07-01 11:28:06] Операция: Внесение данных в таблицу Касса
id клиента: 211, Нал: -11171, comment: карта 01.07.2025, office: P0, Менеджер: Бахтибекова Елена 👩‍💼 (Админ)
[2025-07-01 11:28:06] Операция: Обновление баланса клиента в таблице Клиенты
id Клиента: 211, Выплата/пополнение -11171, Баланс_новый: 14781, Баланс_старый: 25952
[2025-07-01 11:29:40] Операция: Внесение данных в таблицу Касса
id клиента: 220, Нал: -29324, comment: , office: Z6, Менеджер: Соловков Александр 👨‍💼 Z6
[2025-07-01 11:29:40] Операция: Обновление баланса клиента в таблице Клиенты
id Клиента: 220, Баланс_новый: 0, Баланс_старый: 29324
[2025-07-01 11:33:00] Операция: Внесение данных в таблицу Касса
id клиента: 219, Нал: 35000, comment: , office: P0, Менеджер: Бахтибекова Елена 👩‍💼 (Админ)
[2025-07-01 11:33:00] Операция: Обновление баланса клиента в таблице Клиенты
id Клиента: 219, Выплата/пополнение 35000, Баланс_новый: -715000, Баланс_старый: -750000
[2025-07-01 11:34:07] Операция: Внесение данных в таблицу Касса
id клиента: 215, Нал: 45000, comment: , office: P0, Менеджер: Бахтибекова Елена 👩‍💼 (Админ)
[2025-07-01 11:34:07] Операция: Обновление баланса клиента в таблице Клиенты
id Клиента: 215, Выплата/пополнение 45000, Баланс_новый: 45000, Баланс_старый: 0
[2025-07-01 11:34:20] Операция: Внесение данных в таблицу Касса
id клиента: 215, Нал: -11628, comment: карта 01.07.2025, office: P0, Менеджер: Бахтибекова Елена 👩‍💼 (Админ)
[2025-07-01 11:34:20] Операция: Обновление баланса клиента в таблице Клиенты
id Клиента: 215, Выплата/пополнение -11628, Баланс_новый: 33372, Баланс_старый: 45000
[2025-07-01 11:34:57] Операция: Внесение данных в таблицу Касса
id клиента: 224, Нал: 15000, comment: , office: P0, Менеджер: Бахтибекова Елена 👩‍💼 (Админ)
[2025-07-01 11:34:57] Операция: Обновление баланса клиента в таблице Клиенты
id Клиента: 224, Выплата/пополнение 15000, Баланс_новый: -111859, Баланс_старый: -126859
[2025-07-01 11:35:10] Операция: Внесение данных в таблицу Касса
id клиента: 224, Нал: -11992, comment: карта 01.07.2025, office: P0, Менеджер: Бахтибекова Елена 👩‍💼 (Админ)
[2025-07-01 11:35:10] Операция: Обновление баланса клиента в таблице Клиенты
id Клиента: 224, Выплата/пополнение -11992, Баланс_новый: -123851, Баланс_старый: -111859
[2025-07-01 11:35:29] Операция: Внесение данных в таблицу Касса
id клиента: 206, Нал: 50000, comment: , office: P0, Менеджер: Бахтибекова Елена 👩‍💼 (Админ)
[2025-07-01 11:35:29] Операция: Обновление баланса клиента в таблице Клиенты
id Клиента: 206, Выплата/пополнение 50000, Баланс_новый: 103109, Баланс_старый: 53109
[2025-07-01 11:38:00] Операция: Внесение данных в таблицу Касса
id клиента: 211, Нал: -14000, comment: , office: P5, Менеджер: Фролова Ирина 👩‍💼 P5
[2025-07-01 11:38:00] Операция: Обновление баланса клиента в таблице Клиенты
id Клиента: 211, Баланс_новый: 781, Баланс_старый: 14781
[2025-07-01 11:39:45] Операция: Внесение данных в таблицу Касса
id клиента: 223, Нал: -2197, comment: карта 01.07.2025, office: P0, Менеджер: Бахтибекова Елена 👩‍💼 (Админ)
[2025-07-01 11:39:45] Операция: Обновление баланса клиента в таблице Клиенты
id Клиента: 223, Выплата/пополнение -2197, Баланс_новый: -2197, Баланс_старый: 0
[2025-07-01 11:40:29] Операция: Внесение данных в таблицу Касса
id клиента: 229, Нал: -3000, comment: , office: P5, Менеджер: Фролова Ирина 👩‍💼 P5
[2025-07-01 11:40:29] Операция: Обновление баланса клиента в таблице Клиенты
id Клиента: 229, Баланс_новый: 0, Баланс_старый: 3000
[2025-07-01 12:16:16] Операция: Внесение данных в таблицу Касса
id клиента: 203, Нал: -14469, comment: Зарплата, office: P2, Менеджер: Анискина Ольга 👩‍💼 P2
[2025-07-01 12:16:16] Операция: Обновление баланса клиента в таблице Клиенты
id Клиента: 203, Баланс_новый: 0, Баланс_старый: 14469
[2025-07-01 12:16:44] Операция: Внесение данных в таблицу Касса
id клиента: 201, Нал: -24011, comment: Зарплата, office: P2, Менеджер: Анискина Ольга 👩‍💼 P2
[2025-07-01 12:16:44] Операция: Обновление баланса клиента в таблице Клиенты
id Клиента: 201, Баланс_новый: 0, Баланс_старый: 24011
[2025-07-01 12:44:37] Операция: Внесение данных в таблицу Касса
id клиента: 219, Нал: -35000, comment: , office: P5, Менеджер: Фролова Ирина 👩‍💼 P5
[2025-07-01 12:44:37] Операция: Обновление баланса клиента в таблице Клиенты
id Клиента: 219, Баланс_новый: -750000, Баланс_старый: -715000
[2025-07-01 13:00:54] Операция: Внесение данных в таблицу Касса
id клиента: 215, Нал: -13255, comment: , office: P1, Менеджер: Максимкина Татьяна 👩‍💼 P1
[2025-07-01 13:00:54] Операция: Обновление баланса клиента в таблице Клиенты
id Клиента: 215, Баланс_новый: 20117, Баланс_старый: 33372
[2025-07-01 13:10:45] Операция: Внесение данных в таблицу Касса
id клиента: 215, Нал: -2217, comment: , office: P1, Менеджер: Максимкина Татьяна 👩‍💼 P1
[2025-07-01 13:10:45] Операция: Обновление баланса клиента в таблице Клиенты
id Клиента: 215, Баланс_новый: 17900, Баланс_старый: 20117
[2025-07-01 13:37:57] Операция: Внесение данных в таблицу Касса
id клиента: 204, Нал: -57500, comment: , office: P7, Менеджер: Алпатова Оксана 👩‍💼 P7
[2025-07-01 13:37:57] Операция: Обновление баланса клиента в таблице Клиенты
id Клиента: 204, Баланс_новый: 0, Баланс_старый: 57500
[2025-07-01 13:39:09] Операция: Внесение данных в таблицу Касса
id клиента: 224, Нал: -3000, comment: , office: P7, Менеджер: Алпатова Оксана 👩‍💼 P7
[2025-07-01 13:39:09] Операция: Обновление баланса клиента в таблице Клиенты
id Клиента: 224, Баланс_новый: -126851, Баланс_старый: -123851
[2025-07-01 13:43:36] Операция: Внесение данных в таблицу Касса
id клиента: 225, Нал: -70000, comment: , office: P7, Менеджер: Алпатова Оксана 👩‍💼 P7
[2025-07-01 13:43:36] Операция: Обновление баланса клиента в таблице Клиенты
id Клиента: 225, Баланс_новый: 0, Баланс_старый: 70000
[2025-07-01 14:53:22] Операция: Внесение данных в таблицу Касса
id клиента: 222, Нал: -7469, comment: , office: P5, Менеджер: Фролова Ирина 👩‍💼 P5
[2025-07-01 14:53:22] Операция: Обновление баланса клиента в таблице Клиенты
id Клиента: 222, Баланс_новый: 0, Баланс_старый: 7469
[2025-07-01 15:16:16] Операция: Внесение данных в таблицу Касса
id клиента: 221, Нал: -11711, comment: , office: S4, Менеджер: Сонина Наталья 👩‍💼 S4
[2025-07-01 15:16:16] Операция: Обновление баланса клиента в таблице Клиенты
id Клиента: 221, Баланс_новый: 0, Баланс_старый: 11711
[2025-07-01 16:33:06] Операция: Внесение данных в таблицу Касса
id клиента: 207, Нал: -32121, comment: , office: S8, Менеджер: Гирчева Ольга 👩‍💼 S8
[2025-07-01 16:33:06] Операция: Обновление баланса клиента в таблице Клиенты
id Клиента: 207, Баланс_новый: 0, Баланс_старый: 32121
[2025-07-01 16:37:53] Операция: Внесение данных в таблицу Касса
id клиента: 206, Нал: -103109, comment: , office: S8, Менеджер: Гирчева Ольга 👩‍💼 S8
[2025-07-01 16:37:53] Операция: Обновление баланса клиента в таблице Клиенты
id Клиента: 206, Баланс_новый: 0, Баланс_старый: 103109
[2025-07-01 16:39:34] Операция: Внесение данных в таблицу Касса
id клиента: 228, Нал: -41800, comment: , office: K12, Менеджер: Гришина Надежда 👩‍💼 K12
[2025-07-01 16:39:34] Операция: Обновление баланса клиента в таблице Клиенты
id Клиента: 228, Баланс_новый: 41, Баланс_старый: 41841
[2025-07-01 16:41:04] Операция: Внесение данных в таблицу Касса
id клиента: 209, Нал: -4047, comment: , office: K12, Менеджер: Гришина Надежда 👩‍💼 K12
[2025-07-01 16:41:04] Операция: Обновление баланса клиента в таблице Клиенты
id Клиента: 209, Баланс_новый: 0, Баланс_старый: 4047
[2025-07-01 17:27:01] Операция: Внесение данных в таблицу Касса
id клиента: 231, Нал: -3000, comment: , office: P7, Менеджер: Алпатова Оксана 👩‍💼 P7
[2025-07-01 17:27:01] Операция: Обновление баланса клиента в таблице Клиенты
id Клиента: 231, Баланс_новый: 0, Баланс_старый: 3000
[2025-07-01 18:10:00] Операция: Внесение данных в таблицу Касса
id клиента: 218, Нал: -31000, comment: , office: P1, Менеджер: Максимкина Татьяна 👩‍💼 P1
[2025-07-01 18:10:00] Операция: Обновление баланса клиента в таблице Клиенты
id Клиента: 218, Баланс_новый: 0, Баланс_старый: 31000
[2025-07-02 09:30:26] Операция: Внесение данных в таблицу Касса
id клиента: 205, Нал: -12309, comment: , office: P1, Менеджер: Бунчина Ирина 👩‍💼 P1
[2025-07-02 09:30:26] Операция: Обновление баланса клиента в таблице Клиенты
id Клиента: 205, Баланс_новый: 0, Баланс_старый: 12309
[2025-07-02 10:30:28] Операция: Внесение данных в таблицу Касса
id клиента: 11, Нал: -1269700, comment: Калинина, office: P7, Менеджер: Алпатова Оксана 👩‍💼 P7
[2025-07-02 10:30:28] Операция: Обновление баланса клиента в таблице Клиенты
id Клиента: 11, Баланс_новый: 7141700, Баланс_старый: 8411400
[2025-07-03 10:16:12] Операция: Внесение данных в таблицу Касса
id клиента: 212, Нал: -28939, comment: , office: P7, Менеджер: Алпатова Оксана 👩‍💼 P7
[2025-07-03 10:16:12] Операция: Обновление баланса клиента в таблице Клиенты
id Клиента: 212, Баланс_новый: 0, Баланс_старый: 28939
[2025-07-03 14:28:05] Операция: Внесение данных в таблицу Касса
id клиента: 215, Нал: -3000, comment: , office: P1, Менеджер: Бунчина Ирина 👩‍💼 P1
[2025-07-03 14:28:05] Операция: Обновление баланса клиента в таблице Клиенты
id Клиента: 215, Баланс_новый: 14900, Баланс_старый: 17900
[2025-07-04 09:36:16] Операция: Внесение данных в таблицу Касса
id клиента: 11, Нал: 721100, comment: 02.07.2025 801 205,00 ТрейдИнжиниринг (наш долг), office: P0, Менеджер: Бахтибеков Мирен 👨‍💼 (Админ)
[2025-07-04 09:36:16] Операция: Обновление баланса клиента в таблице Клиенты
id Клиента: 11, Выплата/пополнение 721100, Баланс_новый: 7862800, Баланс_старый: 7141700
[2025-07-04 09:36:51] Операция: Внесение данных в таблицу Касса
id клиента: 11, Нал: 627400, comment: 02.07.2025 697 103,00 ТрейдИнжиниринг (наш долг), office: P0, Менеджер: Бахтибеков Мирен 👨‍💼 (Админ)
[2025-07-04 09:36:51] Операция: Обновление баланса клиента в таблице Клиенты
id Клиента: 11, Выплата/пополнение 627400, Баланс_новый: 8490200, Баланс_старый: 7862800
[2025-07-04 09:37:26] Операция: Внесение данных в таблицу Касса
id клиента: 11, Нал: 451900, comment: 02.07.2025 502 105,00 ТрейдИнжиниринг (наш долг), office: P0, Менеджер: Бахтибеков Мирен 👨‍💼 (Админ)
[2025-07-04 09:37:26] Операция: Обновление баланса клиента в таблице Клиенты
id Клиента: 11, Выплата/пополнение 451900, Баланс_новый: 8942100, Баланс_старый: 8490200
[2025-07-04 09:39:11] Операция: Внесение данных в таблицу Касса
id клиента: 11, Нал: 855200, comment: 03.07.2025 950 204,00 АВТОЗАПЧАСТЬ АМБ (наш долг), office: P0, Менеджер: Бахтибеков Мирен 👨‍💼 (Админ)
[2025-07-04 09:39:11] Операция: Обновление баланса клиента в таблице Клиенты
id Клиента: 11, Выплата/пополнение 855200, Баланс_новый: 9797300, Баланс_старый: 8942100
[2025-07-04 09:39:56] Операция: Внесение данных в таблицу Касса
id клиента: 11, Нал: 996500, comment: 03.07.2025 1 107 205,00 АВТОЗАПЧАСТЬ АМБ (наш долг), office: P0, Менеджер: Бахтибеков Мирен 👨‍💼 (Админ)
[2025-07-04 09:39:56] Операция: Обновление баланса клиента в таблице Клиенты
id Клиента: 11, Выплата/пополнение 996500, Баланс_новый: 10793800, Баланс_старый: 9797300
[2025-07-04 09:40:05] Операция: Внесение данных в таблицу Касса
id клиента: 11, Нал: -313000, comment: , office: P1, Менеджер: Максимкина Татьяна 👩‍💼 P1
[2025-07-04 09:40:05] Операция: Обновление баланса клиента в таблице Клиенты
id Клиента: 11, Баланс_новый: 10480800, Баланс_старый: 10793800
[2025-07-04 09:40:31] Операция: Внесение данных в таблицу Касса
id клиента: 11, Нал: 405100, comment: 03.07.2025 450 101,00 АВТОЗАПЧАСТЬ АМБ (наш долг), office: P0, Менеджер: Бахтибеков Мирен 👨‍💼 (Админ)
[2025-07-04 09:40:31] Операция: Обновление баланса клиента в таблице Клиенты
id Клиента: 11, Выплата/пополнение 405100, Баланс_новый: 10885900, Баланс_старый: 10480800
[2025-07-04 10:05:22] Операция: Внесение данных в таблицу Касса
id клиента: 229, Нал: 8700, comment: , office: P0, Менеджер: Бахтибекова Елена 👩‍💼 (Админ)
[2025-07-04 10:05:22] Операция: Обновление баланса клиента в таблице Клиенты
id Клиента: 229, Выплата/пополнение 8700, Баланс_новый: 8700, Баланс_старый: 0
[2025-07-04 10:05:56] Операция: Внесение данных в таблицу Касса
id клиента: 208, Нал: 8800, comment: , office: P0, Менеджер: Бахтибекова Елена 👩‍💼 (Админ)
[2025-07-04 10:05:56] Операция: Обновление баланса клиента в таблице Клиенты
id Клиента: 208, Выплата/пополнение 8800, Баланс_новый: 11500, Баланс_старый: 2700
[2025-07-04 10:07:24] Операция: Внесение данных в таблицу Касса
id клиента: 222, Нал: 12000, comment: , office: P0, Менеджер: Бахтибекова Елена 👩‍💼 (Админ)
[2025-07-04 10:07:24] Операция: Обновление баланса клиента в таблице Клиенты
id Клиента: 222, Выплата/пополнение 12000, Баланс_новый: 12000, Баланс_старый: 0
[2025-07-04 10:07:50] Операция: Внесение данных в таблицу Касса
id клиента: 232, Нал: 6000, comment: , office: P0, Менеджер: Бахтибекова Елена 👩‍💼 (Админ)
[2025-07-04 10:07:50] Операция: Обновление баланса клиента в таблице Клиенты
id Клиента: 232, Выплата/пополнение 6000, Баланс_новый: 7500, Баланс_старый: 1500
[2025-07-04 10:13:06] Операция: Внесение данных в таблицу Касса
id клиента: 11, Нал: -780200, comment: Калинина, office: P7, Менеджер: Алпатова Оксана 👩‍💼 P7
[2025-07-04 10:13:06] Операция: Обновление баланса клиента в таблице Клиенты
id Клиента: 11, Баланс_новый: 10105700, Баланс_старый: 10885900
[2025-07-04 12:15:55] Операция: Внесение данных в таблицу Касса
id клиента: 214, Нал: -5000, comment: , office: P5, Менеджер: Фролова Ирина 👩‍💼 P5
[2025-07-04 12:15:55] Операция: Обновление баланса клиента в таблице Клиенты
id Клиента: 214, Баланс_новый: -114204, Баланс_старый: -109204
[2025-07-04 14:27:10] Операция: Внесение данных в таблицу Касса
id клиента: 229, Нал: -8500, comment: , office: P5, Менеджер: Фролова Ирина 👩‍💼 P5
[2025-07-04 14:27:10] Операция: Обновление баланса клиента в таблице Клиенты
id Клиента: 229, Баланс_новый: 200, Баланс_старый: 8700
[2025-07-04 14:57:42] Операция: Внесение данных в таблицу Касса
id клиента: 222, Нал: -12000, comment: , office: P5, Менеджер: Фролова Ирина 👩‍💼 P5
[2025-07-04 14:57:42] Операция: Обновление баланса клиента в таблице Клиенты
id Клиента: 222, Баланс_новый: 0, Баланс_старый: 12000
[2025-07-04 15:52:26] Операция: Внесение данных в таблицу Касса
id клиента: 232, Нал: -7500, comment: Зарплата, office: P2, Менеджер: Анискина Ольга 👩‍💼 P2
[2025-07-04 15:52:26] Операция: Обновление баланса клиента в таблице Клиенты
id Клиента: 232, Баланс_новый: 0, Баланс_старый: 7500
[2025-07-04 15:54:48] Операция: Внесение данных в таблицу Касса
id клиента: 215, Нал: -4900, comment: , office: P1, Менеджер: Максимкина Татьяна 👩‍💼 P1
[2025-07-04 15:54:48] Операция: Обновление баланса клиента в таблице Клиенты
id Клиента: 215, Баланс_новый: 10000, Баланс_старый: 14900
[2025-07-04 16:48:06] Операция: Внесение данных в таблицу Касса
id клиента: 208, Нал: -11500, comment: , office: P11, Менеджер: Голубева Мария 👩‍💼 P11
[2025-07-04 16:48:06] Операция: Обновление баланса клиента в таблице Клиенты
id Клиента: 208, Баланс_новый: 0, Баланс_старый: 11500
[2025-07-05 10:17:06] Операция: Внесение данных в таблицу Касса
id клиента: 226, Нал: 12700, comment: , office: P0, Менеджер: Бахтибекова Елена 👩‍💼 (Админ)
[2025-07-05 10:17:06] Операция: Обновление баланса клиента в таблице Клиенты
id Клиента: 226, Выплата/пополнение 12700, Баланс_новый: 15200, Баланс_старый: 2500
[2025-07-05 10:17:39] Операция: Внесение данных в таблицу Касса
id клиента: 231, Нал: 15000, comment: , office: P0, Менеджер: Бахтибекова Елена 👩‍💼 (Админ)
[2025-07-05 10:17:39] Операция: Обновление баланса клиента в таблице Клиенты
id Клиента: 231, Выплата/пополнение 15000, Баланс_новый: 15000, Баланс_старый: 0
[2025-07-05 10:18:11] Операция: Внесение данных в таблицу Касса
id клиента: 234, Нал: 10000, comment: , office: P0, Менеджер: Бахтибекова Елена 👩‍💼 (Админ)
[2025-07-05 10:18:11] Операция: Обновление баланса клиента в таблице Клиенты
id Клиента: 234, Выплата/пополнение 10000, Баланс_новый: 12000, Баланс_старый: 2000
[2025-07-05 10:18:35] Операция: Внесение данных в таблицу Касса
id клиента: 208, Нал: 2200, comment: , office: P0, Менеджер: Бахтибекова Елена 👩‍💼 (Админ)
[2025-07-05 10:18:35] Операция: Обновление баланса клиента в таблице Клиенты
id Клиента: 208, Выплата/пополнение 2200, Баланс_новый: 2200, Баланс_старый: 0
[2025-07-05 10:19:02] Операция: Внесение данных в таблицу Касса
id клиента: 202, Нал: 11000, comment: , office: P0, Менеджер: Бахтибекова Елена 👩‍💼 (Админ)
[2025-07-05 10:19:02] Операция: Обновление баланса клиента в таблице Клиенты
id Клиента: 202, Выплата/пополнение 11000, Баланс_новый: 2897, Баланс_старый: -8103
[2025-07-05 10:23:08] Операция: Внесение данных в таблицу Касса
id клиента: 226, Нал: -15200, comment: , office: P1, Менеджер: Максимкина Татьяна 👩‍💼 P1
[2025-07-05 10:23:08] Операция: Обновление баланса клиента в таблице Клиенты
id Клиента: 226, Баланс_новый: 0, Баланс_старый: 15200
[2025-07-05 11:18:36] Операция: Внесение данных в таблицу Касса
id клиента: 202, Нал: -2897, comment: Зарплата, office: P2, Менеджер: Анискина Ольга 👩‍💼 P2
[2025-07-05 11:18:36] Операция: Обновление баланса клиента в таблице Клиенты
id Клиента: 202, Баланс_новый: 0, Баланс_старый: 2897
[2025-07-05 12:06:07] Операция: Внесение данных в таблицу Касса
id клиента: 210, Нал: -31000, comment: , office: S4, Менеджер: Занчев Олег 👨‍💼 S4
[2025-07-05 12:06:07] Операция: Обновление баланса клиента в таблице Клиенты
id Клиента: 210, Баланс_новый: 787, Баланс_старый: 31787
[2025-07-05 14:34:13] Операция: Внесение данных в таблицу Касса
id клиента: 231, Нал: -15000, comment: , office: P7, Менеджер: Алпатова Оксана 👩‍💼 P7
[2025-07-05 14:34:13] Операция: Обновление баланса клиента в таблице Клиенты
id Клиента: 231, Баланс_новый: 0, Баланс_старый: 15000
[2025-07-05 14:34:52] Операция: Внесение данных в таблицу Касса
id клиента: 234, Нал: -12000, comment: , office: P7, Менеджер: Алпатова Оксана 👩‍💼 P7
[2025-07-05 14:34:52] Операция: Обновление баланса клиента в таблице Клиенты
id Клиента: 234, Баланс_новый: 0, Баланс_старый: 12000
[2025-07-05 15:16:04] Операция: Внесение данных в таблицу Касса
id клиента: 230, Нал: -3500, comment: , office: P5, Менеджер: Фролова Ирина 👩‍💼 P5
[2025-07-05 15:16:04] Операция: Обновление баланса клиента в таблице Клиенты
id Клиента: 230, Баланс_новый: 28, Баланс_старый: 3528
[2025-07-05 15:16:33] Операция: Внесение данных в таблицу Касса
id клиента: 214, Нал: -3000, comment: , office: P5, Менеджер: Фролова Ирина 👩‍💼 P5
[2025-07-05 15:16:33] Операция: Обновление баланса клиента в таблице Клиенты
id Клиента: 214, Баланс_новый: -117204, Баланс_старый: -114204
[2025-07-05 15:22:59] Операция: Внесение данных в таблицу Касса
id клиента: 208, Нал: -2200, comment: , office: P11, Менеджер: Голубева Мария 👩‍💼 P11
[2025-07-05 15:22:59] Операция: Обновление баланса клиента в таблице Клиенты
id Клиента: 208, Баланс_новый: 0, Баланс_старый: 2200
[2025-07-07 11:51:16] Операция: Внесение данных в таблицу Касса
id клиента: 220, Нал: 6086, comment: % июнь, office: P0, Менеджер: Бахтибекова Елена 👩‍💼 (Админ)
[2025-07-07 11:51:16] Операция: Обновление баланса клиента в таблице Клиенты
id Клиента: 220, Выплата/пополнение 6086, Баланс_новый: 6086, Баланс_старый: 0
[2025-07-07 11:55:22] Операция: Внесение данных в таблицу Касса
id клиента: 11, Нал: -1419850, comment: , office: P7, Менеджер: Алпатова Оксана 👩‍💼 P7
[2025-07-07 11:55:22] Операция: Обновление баланса клиента в таблице Клиенты
id Клиента: 11, Баланс_новый: 8685850, Баланс_старый: 10105700
[2025-07-07 12:13:23] Операция: Внесение данных в таблицу Касса
id клиента: 220, Нал: -6086, comment: % июнь, office: Z6, Менеджер: Соловков Александр 👨‍💼 Z6
[2025-07-07 12:13:23] Операция: Обновление баланса клиента в таблице Клиенты
id Клиента: 220, Баланс_новый: 0, Баланс_старый: 6086
[2025-07-07 14:53:21] Операция: Внесение данных в таблицу Касса
id клиента: 229, Нал: 2900, comment: , office: P0, Менеджер: Бахтибекова Елена 👩‍💼 (Админ)
[2025-07-07 14:53:21] Операция: Обновление баланса клиента в таблице Клиенты
id Клиента: 229, Выплата/пополнение 2900, Баланс_новый: 3100, Баланс_старый: 200
[2025-07-07 15:36:34] Операция: Внесение данных в таблицу Касса
id клиента: 229, Нал: -3000, comment: , office: P5, Менеджер: Фролова Ирина 👩‍💼 P5
[2025-07-07 15:36:34] Операция: Обновление баланса клиента в таблице Клиенты
id Клиента: 229, Баланс_новый: 100, Баланс_старый: 3100
[2025-07-08 13:41:40] Операция: Внесение данных в таблицу Касса
id клиента: 229, Нал: 2900, comment: , office: P0, Менеджер: Бахтибекова Елена 👩‍💼 (Админ)
[2025-07-08 13:41:40] Операция: Обновление баланса клиента в таблице Клиенты
id Клиента: 229, Выплата/пополнение 2900, Баланс_новый: 3000, Баланс_старый: 100
[2025-07-08 13:42:09] Операция: Внесение данных в таблицу Касса
id клиента: 209, Нал: 15400, comment: , office: P0, Менеджер: Бахтибекова Елена 👩‍💼 (Админ)
[2025-07-08 13:42:09] Операция: Обновление баланса клиента в таблице Клиенты
id Клиента: 209, Выплата/пополнение 15400, Баланс_новый: 15400, Баланс_старый: 0
[2025-07-08 13:42:52] Операция: Внесение данных в таблицу Касса
id клиента: 209, Нал: -15400, comment: , office: K12, Менеджер: Гришина Надежда 👩‍💼 K12
[2025-07-08 13:42:52] Операция: Обновление баланса клиента в таблице Клиенты
id Клиента: 209, Баланс_новый: 0, Баланс_старый: 15400
[2025-07-08 13:43:34] Операция: Внесение данных в таблицу Касса
id клиента: 229, Нал: -3000, comment: , office: P5, Менеджер: Фролова Ирина 👩‍💼 P5
[2025-07-08 13:43:34] Операция: Обновление баланса клиента в таблице Клиенты
id Клиента: 229, Баланс_новый: 0, Баланс_старый: 3000
[2025-07-09 10:02:34] Операция: Внесение данных в таблицу Касса
id клиента: 224, Нал: 50000, comment: , office: P0, Менеджер: Шестаков Дмитрий 👨‍💼 (Админ)
[2025-07-09 10:02:34] Операция: Обновление баланса клиента в таблице Клиенты
id Клиента: 224, Выплата/пополнение 50000, Баланс_новый: -76851, Баланс_старый: -126851
[2025-07-09 10:02:59] Операция: Внесение данных в таблицу Касса
id клиента: 224, Нал: -50000, comment: , office: P2, Менеджер: Анискина Ольга 👩‍💼 P2
[2025-07-09 10:02:59] Операция: Обновление баланса клиента в таблице Клиенты
id Клиента: 224, Баланс_новый: -126851, Баланс_старый: -76851
[2025-07-09 10:07:21] Операция: Внесение данных в таблицу Касса
id клиента: 11, Нал: 181350, comment: 08.07.2025 201 503,00 Сура-Техно (наш долг), office: P0, Менеджер: Бахтибеков Мирен 👨‍💼 (Админ)
[2025-07-09 10:07:21] Операция: Обновление баланса клиента в таблице Клиенты
id Клиента: 11, Выплата/пополнение 181350, Баланс_новый: 8867200, Баланс_старый: 8685850
[2025-07-09 10:07:22] Операция: Внесение данных в таблицу Касса
id клиента: 11, Нал: 181350, comment: 08.07.2025 201 503,00 Сура-Техно (наш долг), office: P0, Менеджер: Бахтибеков Мирен 👨‍💼 (Админ)
[2025-07-09 10:07:22] Операция: Обновление баланса клиента в таблице Клиенты
id Клиента: 11, Выплата/пополнение 181350, Баланс_новый: 9048550, Баланс_старый: 8867200
[2025-07-09 10:08:04] Операция: Внесение данных в таблицу Касса
id клиента: 11, Нал: 272250, comment: 08.07.2025 302 501,00 ТЕХПАРТ (наш долг), office: P0, Менеджер: Бахтибеков Мирен 👨‍💼 (Админ)
[2025-07-09 10:08:04] Операция: Обновление баланса клиента в таблице Клиенты
id Клиента: 11, Выплата/пополнение 272250, Баланс_новый: 9139450, Баланс_старый: 8867200
[2025-07-09 10:19:30] Операция: Внесение данных в таблицу Касса
id клиента: 11, Нал: -1149900, comment: Калинина, office: P7, Менеджер: Алпатова Оксана 👩‍💼 P7
[2025-07-09 10:19:30] Операция: Обновление баланса клиента в таблице Клиенты
id Клиента: 11, Баланс_новый: 7989550, Баланс_старый: 9139450
[2025-07-09 11:52:11] Операция: Внесение данных в таблицу Касса
id клиента: 205, Нал: -17667, comment: карта отпускные, office: P0, Менеджер: Бахтибекова Елена 👩‍💼 (Админ)
[2025-07-09 11:52:11] Операция: Обновление баланса клиента в таблице Клиенты
id Клиента: 205, Выплата/пополнение -17667, Баланс_новый: -17667, Баланс_старый: 0
[2025-07-09 11:53:25] Операция: Внесение данных в таблицу Касса
id клиента: 205, Нал: -9570, comment: карта , office: P0, Менеджер: Бахтибекова Елена 👩‍💼 (Админ)
[2025-07-09 11:53:25] Операция: Обновление баланса клиента в таблице Клиенты
id Клиента: 205, Выплата/пополнение -9570, Баланс_новый: -27237, Баланс_старый: -17667
[2025-07-09 11:54:36] Операция: Внесение данных в таблицу Касса
id клиента: 221, Нал: -18365, comment: карта отпускные, office: P0, Менеджер: Бахтибекова Елена 👩‍💼 (Админ)
[2025-07-09 11:54:36] Операция: Обновление баланса клиента в таблице Клиенты
id Клиента: 221, Выплата/пополнение -18365, Баланс_новый: -18365, Баланс_старый: 0
[2025-07-09 11:55:17] Операция: Внесение данных в таблицу Касса
id клиента: 221, Нал: -8170, comment: карта, office: P0, Менеджер: Бахтибекова Елена 👩‍💼 (Админ)
[2025-07-09 11:55:17] Операция: Обновление баланса клиента в таблице Клиенты
id Клиента: 221, Выплата/пополнение -8170, Баланс_новый: -26535, Баланс_старый: -18365
[2025-07-09 16:04:46] Операция: Внесение данных в таблицу Касса
id клиента: 214, Нал: 7322, comment: % июнь, office: P0, Менеджер: Бахтибекова Елена 👩‍💼 (Админ)
[2025-07-09 16:04:46] Операция: Обновление баланса клиента в таблице Клиенты
id Клиента: 214, Выплата/пополнение 7322, Баланс_новый: -109882, Баланс_старый: -117204
[2025-07-10 17:10:07] Операция: Внесение данных в таблицу Касса
id клиента: 215, Нал: -5000, comment: , office: P1, Менеджер: Максимкина Татьяна 👩‍💼 P1
[2025-07-10 17:10:07] Операция: Обновление баланса клиента в таблице Клиенты
id Клиента: 215, Баланс_новый: 5000, Баланс_старый: 10000
[2025-07-11 13:15:15] Операция: Внесение данных в таблицу Касса
id клиента: 11, Нал: -1078200, comment: Калинина, office: P7, Менеджер: Алпатова Оксана 👩‍💼 P7
[2025-07-11 13:15:15] Операция: Обновление баланса клиента в таблице Клиенты
id Клиента: 11, Баланс_новый: 6911350, Баланс_старый: 7989550
[2025-07-11 16:12:53] Операция: Внесение данных в таблицу Касса
id клиента: 211, Нал: 30000, comment: , office: P0, Менеджер: Шестаков Дмитрий 👨‍💼 (Админ)
[2025-07-11 16:12:53] Операция: Обновление баланса клиента в таблице Клиенты
id Клиента: 211, Выплата/пополнение 30000, Баланс_новый: 30781, Баланс_старый: 781
[2025-07-11 16:29:44] Операция: Внесение данных в таблицу Касса
id клиента: 211, Нал: -30000, comment: , office: P5, Менеджер: Фролова Ирина 👩‍💼 P5
[2025-07-11 16:29:44] Операция: Обновление баланса клиента в таблице Клиенты
id Клиента: 211, Баланс_новый: 781, Баланс_старый: 30781
[2025-07-11 17:01:06] Операция: Внесение данных в таблицу Касса
id клиента: 222, Нал: 13500, comment: , office: P0, Менеджер: Бахтибекова Елена 👩‍💼 (Админ)
[2025-07-11 17:01:06] Операция: Обновление баланса клиента в таблице Клиенты
id Клиента: 222, Выплата/пополнение 13500, Баланс_новый: 13500, Баланс_старый: 0
[2025-07-12 11:09:09] Операция: Внесение данных в таблицу Касса
id клиента: 214, Нал: -10000, comment: , office: P5, Менеджер: Фролова Ирина 👩‍💼 P5
[2025-07-12 11:09:09] Операция: Обновление баланса клиента в таблице Клиенты
id Клиента: 214, Баланс_новый: -119882, Баланс_старый: -109882
[2025-07-12 11:39:25] Операция: Внесение данных в таблицу Касса
id клиента: 215, Нал: -2000, comment: , office: P1, Менеджер: Бунчина Ирина 👩‍💼 P1
[2025-07-12 11:39:25] Операция: Обновление баланса клиента в таблице Клиенты
id Клиента: 215, Баланс_новый: 3000, Баланс_старый: 5000
[2025-07-12 11:57:06] Операция: Внесение данных в таблицу Касса
id клиента: 216, Нал: 16200, comment: , office: P0, Менеджер: Бахтибекова Елена 👩‍💼 (Админ)
[2025-07-12 11:57:06] Операция: Обновление баланса клиента в таблице Клиенты
id Клиента: 216, Выплата/пополнение 16200, Баланс_новый: -86740, Баланс_старый: -102940
[2025-07-12 11:57:37] Операция: Внесение данных в таблицу Касса
id клиента: 226, Нал: 15200, comment: , office: P0, Менеджер: Бахтибекова Елена 👩‍💼 (Админ)
[2025-07-12 11:57:37] Операция: Обновление баланса клиента в таблице Клиенты
id Клиента: 226, Выплата/пополнение 15200, Баланс_новый: 15200, Баланс_старый: 0
[2025-07-12 11:58:09] Операция: Внесение данных в таблицу Касса
id клиента: 231, Нал: 11750, comment: , office: P0, Менеджер: Бахтибекова Елена 👩‍💼 (Админ)
[2025-07-12 11:58:09] Операция: Обновление баланса клиента в таблице Клиенты
id Клиента: 231, Выплата/пополнение 11750, Баланс_новый: 11750, Баланс_старый: 0
[2025-07-12 11:58:51] Операция: Внесение данных в таблицу Касса
id клиента: 234, Нал: 12000, comment: , office: P0, Менеджер: Бахтибекова Елена 👩‍💼 (Админ)
[2025-07-12 11:58:51] Операция: Обновление баланса клиента в таблице Клиенты
id Клиента: 234, Выплата/пополнение 12000, Баланс_новый: 12000, Баланс_старый: 0
[2025-07-12 11:59:20] Операция: Внесение данных в таблицу Касса
id клиента: 208, Нал: 13200, comment: , office: P0, Менеджер: Бахтибекова Елена 👩‍💼 (Админ)
[2025-07-12 11:59:20] Операция: Обновление баланса клиента в таблице Клиенты
id Клиента: 208, Выплата/пополнение 13200, Баланс_новый: 13200, Баланс_старый: 0
[2025-07-12 11:59:59] Операция: Внесение данных в таблицу Касса
id клиента: 202, Нал: 6600, comment: , office: P0, Менеджер: Бахтибекова Елена 👩‍💼 (Админ)
[2025-07-12 11:59:59] Операция: Обновление баланса клиента в таблице Клиенты
id Клиента: 202, Выплата/пополнение 6600, Баланс_новый: 6600, Баланс_старый: 0
[2025-07-12 12:01:06] Операция: Внесение данных в таблицу Касса
id клиента: 216, Нал: -16200, comment: , office: P7, Менеджер: Алпатова Оксана 👩‍💼 P7
[2025-07-12 12:01:06] Операция: Обновление баланса клиента в таблице Клиенты
id Клиента: 216, Баланс_новый: -102940, Баланс_старый: -86740
[2025-07-12 12:02:38] Операция: Внесение данных в таблицу Касса
id клиента: 231, Нал: -11700, comment: , office: P7, Менеджер: Алпатова Оксана 👩‍💼 P7
[2025-07-12 12:02:38] Операция: Обновление баланса клиента в таблице Клиенты
id Клиента: 231, Баланс_новый: 50, Баланс_старый: 11750
[2025-07-12 12:06:42] Операция: Внесение данных в таблицу Касса
id клиента: 202, Нал: -6000, comment: Зарплата, office: P2, Менеджер: Анискина Ольга 👩‍💼 P2
[2025-07-12 12:06:42] Операция: Обновление баланса клиента в таблице Клиенты
id Клиента: 202, Баланс_новый: 600, Баланс_старый: 6600
[2025-07-12 12:09:28] Операция: Внесение данных в таблицу Касса
id клиента: 208, Нал: -13200, comment: , office: P11, Менеджер: Голубева Мария 👩‍💼 P11
[2025-07-12 12:09:28] Операция: Обновление баланса клиента в таблице Клиенты
id Клиента: 208, Баланс_новый: 0, Баланс_старый: 13200
[2025-07-12 12:51:48] Операция: Внесение данных в таблицу Касса
id клиента: 226, Нал: -15200, comment: , office: P1, Менеджер: Бунчина Ирина 👩‍💼 P1
[2025-07-12 12:51:48] Операция: Обновление баланса клиента в таблице Клиенты
id Клиента: 226, Баланс_новый: 0, Баланс_старый: 15200
[2025-07-12 15:02:32] Операция: Внесение данных в таблицу Касса
id клиента: 234, Нал: -12000, comment: , office: P7, Менеджер: Алпатова Оксана 👩‍💼 P7
[2025-07-12 15:02:32] Операция: Обновление баланса клиента в таблице Клиенты
id Клиента: 234, Баланс_новый: 0, Баланс_старый: 12000
[2025-07-14 09:04:15] Операция: Внесение данных в таблицу Касса
id клиента: 11, Нал: -400000, comment: Каляева, office: P11, Менеджер: Голубева Мария 👩‍💼 P11
[2025-07-14 09:04:15] Операция: Обновление баланса клиента в таблице Клиенты
id Клиента: 11, Баланс_новый: 6511350, Баланс_старый: 6911350
[2025-07-14 14:51:33] Операция: Внесение данных в таблицу Касса
id клиента: 11, Нал: -773900, comment: Калинина, office: P7, Менеджер: Алпатова Оксана 👩‍💼 P7
[2025-07-14 14:51:33] Операция: Обновление баланса клиента в таблице Клиенты
id Клиента: 11, Баланс_новый: 5737450, Баланс_старый: 6511350
[2025-07-14 17:41:23] Операция: Внесение данных в таблицу Касса
id клиента: 215, Нал: -3000, comment: , office: P1, Менеджер: Максимкина Татьяна 👩‍💼 P1
[2025-07-14 17:41:23] Операция: Обновление баланса клиента в таблице Клиенты
id Клиента: 215, Баланс_новый: 0, Баланс_старый: 3000
[2025-07-15 11:23:38] Операция: Внесение данных в таблицу Касса
id клиента: 11, Нал: 589700, comment: 14.07.2025 655 205,00 АВТОЗАПЧАСТЬ АМБ (наш долг), office: P0, Менеджер: Бахтибеков Мирен 👨‍💼 (Админ)
[2025-07-15 11:23:38] Операция: Обновление баланса клиента в таблице Клиенты
id Клиента: 11, Выплата/пополнение 589700, Баланс_новый: 6327150, Баланс_старый: 5737450
[2025-07-15 11:24:23] Операция: Внесение данных в таблицу Касса
id клиента: 11, Нал: 761400, comment: 14.07.2025 846 024,00 АВТОЗАПЧАСТЬ АМБ (наш долг), office: P0, Менеджер: Бахтибеков Мирен 👨‍💼 (Админ)
[2025-07-15 11:24:23] Операция: Обновление баланса клиента в таблице Клиенты
id Клиента: 11, Выплата/пополнение 761400, Баланс_новый: 7088550, Баланс_старый: 6327150
[2025-07-15 14:31:08] Операция: Внесение данных в таблицу Касса
id клиента: 222, Нал: -2500, comment: , office: P5, Менеджер: Фролова Ирина 👩‍💼 P5
[2025-07-15 14:31:08] Операция: Обновление баланса клиента в таблице Клиенты
id Клиента: 222, Баланс_новый: 11000, Баланс_старый: 13500
[2025-07-16 10:43:33] Операция: Внесение данных в таблицу Касса
id клиента: 225, Нал: 36700, comment: , office: P0, Менеджер: Бахтибекова Елена 👩‍💼 (Админ)
[2025-07-16 10:43:33] Операция: Обновление баланса клиента в таблице Клиенты
id Клиента: 225, Выплата/пополнение 36700, Баланс_новый: 36700, Баланс_старый: 0
[2025-07-16 10:46:19] Операция: Внесение данных в таблицу Касса
id клиента: 205, Нал: 17800, comment: , office: P0, Менеджер: Бахтибекова Елена 👩‍💼 (Админ)
[2025-07-16 10:46:19] Операция: Обновление баланса клиента в таблице Клиенты
id Клиента: 205, Выплата/пополнение 17800, Баланс_новый: -9437, Баланс_старый: -27237
[2025-07-16 10:47:05] Операция: Внесение данных в таблицу Касса
id клиента: 213, Нал: 20600, comment: , office: P0, Менеджер: Бахтибекова Елена 👩‍💼 (Админ)
[2025-07-16 10:47:05] Операция: Обновление баланса клиента в таблице Клиенты
id Клиента: 213, Выплата/пополнение 20600, Баланс_новый: 20600, Баланс_старый: 0
[2025-07-16 10:47:37] Операция: Внесение данных в таблицу Касса
id клиента: 213, Нал: -10440, comment: карта 16.07.2025, office: P0, Менеджер: Бахтибекова Елена 👩‍💼 (Админ)
[2025-07-16 10:47:37] Операция: Обновление баланса клиента в таблице Клиенты
id Клиента: 213, Выплата/пополнение -10440, Баланс_новый: 10160, Баланс_старый: 20600
[2025-07-16 10:48:38] Операция: Внесение данных в таблицу Касса
id клиента: 235, Нал: 13600, comment: , office: P0, Менеджер: Бахтибекова Елена 👩‍💼 (Админ)
[2025-07-16 10:48:38] Операция: Обновление баланса клиента в таблице Клиенты
id Клиента: 235, Выплата/пополнение 13600, Баланс_новый: 15823, Баланс_старый: 2223
[2025-07-16 10:49:15] Операция: Внесение данных в таблицу Касса
id клиента: 235, Нал: -6537, comment: карта 16.07.2025, office: P0, Менеджер: Бахтибекова Елена 👩‍💼 (Админ)
[2025-07-16 10:49:15] Операция: Обновление баланса клиента в таблице Клиенты
id Клиента: 235, Выплата/пополнение -6537, Баланс_новый: 9286, Баланс_старый: 15823
[2025-07-16 10:50:49] Операция: Внесение данных в таблицу Касса
id клиента: 209, Нал: 15400, comment: , office: P0, Менеджер: Бахтибекова Елена 👩‍💼 (Админ)
[2025-07-16 10:50:49] Операция: Обновление баланса клиента в таблице Клиенты
id Клиента: 209, Выплата/пополнение 15400, Баланс_новый: 15400, Баланс_старый: 0
[2025-07-16 10:51:16] Операция: Внесение данных в таблицу Касса
id клиента: 209, Нал: -10893, comment: карта 16.07.2025, office: P0, Менеджер: Бахтибекова Елена 👩‍💼 (Админ)
[2025-07-16 10:51:16] Операция: Обновление баланса клиента в таблице Клиенты
id Клиента: 209, Выплата/пополнение -10893, Баланс_новый: 4507, Баланс_старый: 15400
[2025-07-16 10:51:17] Операция: Внесение данных в таблицу Касса
id клиента: 209, Нал: -10893, comment: карта 16.07.2025, office: P0, Менеджер: Бахтибекова Елена 👩‍💼 (Админ)
[2025-07-16 10:51:17] Операция: Обновление баланса клиента в таблице Клиенты
id Клиента: 209, Выплата/пополнение -10893, Баланс_новый: -6386, Баланс_старый: 4507
[2025-07-16 10:52:04] Операция: Внесение данных в таблицу Касса
id клиента: 202, Нал: 6600, comment: , office: P0, Менеджер: Бахтибекова Елена 👩‍💼 (Админ)
[2025-07-16 10:52:04] Операция: Обновление баланса клиента в таблице Клиенты
id Клиента: 202, Выплата/пополнение 6600, Баланс_новый: 7200, Баланс_старый: 600
[2025-07-16 10:52:28] Операция: Внесение данных в таблицу Касса
id клиента: 202, Нал: -10440, comment: карта 16.07.2025, office: P0, Менеджер: Бахтибекова Елена 👩‍💼 (Админ)
[2025-07-16 10:52:28] Операция: Обновление баланса клиента в таблице Клиенты
id Клиента: 202, Выплата/пополнение -10440, Баланс_новый: -3240, Баланс_старый: 7200
[2025-07-16 10:53:29] Операция: Внесение данных в таблицу Касса
id клиента: 229, Нал: 8700, comment: , office: P0, Менеджер: Бахтибекова Елена 👩‍💼 (Админ)
[2025-07-16 10:53:29] Операция: Обновление баланса клиента в таблице Клиенты
id Клиента: 229, Выплата/пополнение 8700, Баланс_новый: 8700, Баланс_старый: 0
[2025-07-16 10:53:51] Операция: Внесение данных в таблицу Касса
id клиента: 230, Нал: 17400, comment: , office: P0, Менеджер: Бахтибекова Елена 👩‍💼 (Админ)
[2025-07-16 10:53:51] Операция: Обновление баланса клиента в таблице Клиенты
id Клиента: 230, Выплата/пополнение 17400, Баланс_новый: 17428, Баланс_старый: 28
[2025-07-16 10:54:09] Операция: Внесение данных в таблицу Касса
id клиента: 230, Нал: -10893, comment: карта 16.07.2025, office: P0, Менеджер: Бахтибекова Елена 👩‍💼 (Админ)
[2025-07-16 10:54:09] Операция: Обновление баланса клиента в таблице Клиенты
id Клиента: 230, Выплата/пополнение -10893, Баланс_новый: 6535, Баланс_старый: 17428
[2025-07-16 10:57:17] Операция: Внесение данных в таблицу Касса
id клиента: 222, Нал: 9000, comment: , office: P0, Менеджер: Бахтибекова Елена 👩‍💼 (Админ)
[2025-07-16 10:57:17] Операция: Обновление баланса клиента в таблице Клиенты
id Клиента: 222, Выплата/пополнение 9000, Баланс_новый: 20000, Баланс_старый: 11000
[2025-07-16 10:57:37] Операция: Внесение данных в таблицу Касса
id клиента: 222, Нал: -10440, comment: карта 16.07.2025, office: P0, Менеджер: Бахтибекова Елена 👩‍💼 (Админ)
[2025-07-16 10:57:37] Операция: Обновление баланса клиента в таблице Клиенты
id Клиента: 222, Выплата/пополнение -10440, Баланс_новый: 9560, Баланс_старый: 20000
[2025-07-16 11:03:18] Операция: Внесение данных в таблицу Касса
id клиента: 207, Нал: 31000, comment: , office: P0, Менеджер: Бахтибекова Елена 👩‍💼 (Админ)
[2025-07-16 11:03:18] Операция: Обновление баланса клиента в таблице Клиенты
id Клиента: 207, Выплата/пополнение 31000, Баланс_новый: 31000, Баланс_старый: 0
[2025-07-16 11:03:43] Операция: Внесение данных в таблицу Касса
id клиента: 207, Нал: -10893, comment: карта 16.07.2025, office: P0, Менеджер: Бахтибекова Елена 👩‍💼 (Админ)
[2025-07-16 11:03:43] Операция: Обновление баланса клиента в таблице Клиенты
id Клиента: 207, Выплата/пополнение -10893, Баланс_новый: 20107, Баланс_старый: 31000
[2025-07-16 11:04:29] Операция: Внесение данных в таблицу Касса
id клиента: 221, Нал: 36800, comment: , office: P0, Менеджер: Бахтибекова Елена 👩‍💼 (Админ)
[2025-07-16 11:04:29] Операция: Обновление баланса клиента в таблице Клиенты
id Клиента: 221, Выплата/пополнение 36800, Баланс_новый: 10265, Баланс_старый: -26535
[2025-07-16 11:05:33] Операция: Внесение данных в таблицу Касса
id клиента: 210, Нал: 25500, comment: , office: P0, Менеджер: Бахтибекова Елена 👩‍💼 (Админ)
[2025-07-16 11:05:33] Операция: Обновление баланса клиента в таблице Клиенты
id Клиента: 210, Выплата/пополнение 25500, Баланс_новый: 26287, Баланс_старый: 787
[2025-07-16 11:05:54] Операция: Внесение данных в таблицу Касса
id клиента: 210, Нал: -10893, comment: карта 16.07.2025, office: P0, Менеджер: Бахтибекова Елена 👩‍💼 (Админ)
[2025-07-16 11:05:54] Операция: Обновление баланса клиента в таблице Клиенты
id Клиента: 210, Выплата/пополнение -10893, Баланс_новый: 15394, Баланс_старый: 26287
[2025-07-16 11:06:41] Операция: Внесение данных в таблицу Касса
id клиента: 228, Нал: 30000, comment: , office: P0, Менеджер: Бахтибекова Елена 👩‍💼 (Админ)
[2025-07-16 11:06:41] Операция: Обновление баланса клиента в таблице Клиенты
id Клиента: 228, Выплата/пополнение 30000, Баланс_новый: 30041, Баланс_старый: 41
[2025-07-16 11:06:58] Операция: Внесение данных в таблицу Касса
id клиента: 228, Нал: -10893, comment: карта 16.07.2025, office: P0, Менеджер: Бахтибекова Елена 👩‍💼 (Админ)
[2025-07-16 11:06:58] Операция: Обновление баланса клиента в таблице Клиенты
id Клиента: 228, Выплата/пополнение -10893, Баланс_новый: 19148, Баланс_старый: 30041
[2025-07-16 11:07:36] Операция: Внесение данных в таблицу Касса
id клиента: 220, Нал: 35000, comment: , office: P0, Менеджер: Бахтибекова Елена 👩‍💼 (Админ)
[2025-07-16 11:07:36] Операция: Обновление баланса клиента в таблице Клиенты
id Клиента: 220, Выплата/пополнение 35000, Баланс_новый: 35000, Баланс_старый: 0
[2025-07-16 11:07:48] Операция: Внесение данных в таблицу Касса
id клиента: 220, Нал: -5446, comment: карта 16.07.2025, office: P0, Менеджер: Бахтибекова Елена 👩‍💼 (Админ)
[2025-07-16 11:07:48] Операция: Обновление баланса клиента в таблице Клиенты
id Клиента: 220, Выплата/пополнение -5446, Баланс_новый: 29554, Баланс_старый: 35000
[2025-07-16 11:08:26] Операция: Внесение данных в таблицу Касса
id клиента: 201, Нал: 35000, comment: , office: P0, Менеджер: Бахтибекова Елена 👩‍💼 (Админ)
[2025-07-16 11:08:26] Операция: Обновление баланса клиента в таблице Клиенты
id Клиента: 201, Выплата/пополнение 35000, Баланс_новый: 35000, Баланс_старый: 0
[2025-07-16 11:08:42] Операция: Внесение данных в таблицу Касса
id клиента: 201, Нал: -10893, comment: карта 16.07.2025, office: P0, Менеджер: Бахтибекова Елена 👩‍💼 (Админ)
[2025-07-16 11:08:42] Операция: Обновление баланса клиента в таблице Клиенты
id Клиента: 201, Выплата/пополнение -10893, Баланс_новый: 24107, Баланс_старый: 35000
[2025-07-16 11:09:13] Операция: Внесение данных в таблицу Касса
id клиента: 214, Нал: 33700, comment: , office: P0, Менеджер: Бахтибекова Елена 👩‍💼 (Админ)
[2025-07-16 11:09:13] Операция: Обновление баланса клиента в таблице Клиенты
id Клиента: 214, Выплата/пополнение 33700, Баланс_новый: -86182, Баланс_старый: -119882
[2025-07-16 11:09:31] Операция: Внесение данных в таблицу Касса
id клиента: 214, Нал: -10893, comment: карта 16.07.2025, office: P0, Менеджер: Бахтибекова Елена 👩‍💼 (Админ)
[2025-07-16 11:09:31] Операция: Обновление баланса клиента в таблице Клиенты
id Клиента: 214, Выплата/пополнение -10893, Баланс_новый: -97075, Баланс_старый: -86182
[2025-07-16 11:13:03] Операция: Внесение данных в таблицу Касса
id клиента: 11, Нал: -1226650, comment: Калинина, office: P7, Менеджер: Алпатова Оксана 👩‍💼 P7
[2025-07-16 11:13:03] Операция: Обновление баланса клиента в таблице Клиенты
id Клиента: 11, Баланс_новый: 5861900, Баланс_старый: 7088550
[2025-07-16 11:14:06] Операция: Внесение данных в таблицу Касса
id клиента: 220, Нал: -29554, comment: , office: Z6, Менеджер: Соловков Александр 👨‍💼 Z6
[2025-07-16 11:14:06] Операция: Обновление баланса клиента в таблице Клиенты
id Клиента: 220, Баланс_новый: 0, Баланс_старый: 29554
[2025-07-16 11:15:00] Операция: Внесение данных в таблицу Касса
id клиента: 223, Нал: 5100, comment: , office: P0, Менеджер: Бахтибекова Елена 👩‍💼 (Админ)
[2025-07-16 11:15:00] Операция: Обновление баланса клиента в таблице Клиенты
id Клиента: 223, Выплата/пополнение 5100, Баланс_новый: 2903, Баланс_старый: -2197
[2025-07-16 11:16:06] Операция: Внесение данных в таблицу Касса
id клиента: 212, Нал: 25000, comment: , office: P0, Менеджер: Бахтибекова Елена 👩‍💼 (Админ)
[2025-07-16 11:16:06] Операция: Обновление баланса клиента в таблице Клиенты
id Клиента: 212, Выплата/пополнение 25000, Баланс_новый: 25000, Баланс_старый: 0
[2025-07-16 11:16:25] Операция: Внесение данных в таблицу Касса
id клиента: 212, Нал: -10893, comment: карта 16.07.2025, office: P0, Менеджер: Бахтибекова Елена 👩‍💼 (Админ)
[2025-07-16 11:16:25] Операция: Обновление баланса клиента в таблице Клиенты
id Клиента: 212, Выплата/пополнение -10893, Баланс_новый: 14107, Баланс_старый: 25000
[2025-07-16 11:17:17] Операция: Внесение данных в таблицу Касса
id клиента: 203, Нал: 20000, comment: , office: P0, Менеджер: Бахтибекова Елена 👩‍💼 (Админ)
[2025-07-16 11:17:17] Операция: Обновление баланса клиента в таблице Клиенты
id Клиента: 203, Выплата/пополнение 20000, Баланс_новый: 20000, Баланс_старый: 0
[2025-07-16 11:17:29] Операция: Внесение данных в таблицу Касса
id клиента: 203, Нал: -10440, comment: карта 16.07.2025, office: P0, Менеджер: Бахтибекова Елена 👩‍💼 (Админ)
[2025-07-16 11:17:29] Операция: Обновление баланса клиента в таблице Клиенты
id Клиента: 203, Выплата/пополнение -10440, Баланс_новый: 9560, Баланс_старый: 20000
[2025-07-16 11:17:57] Операция: Внесение данных в таблицу Касса
id клиента: 218, Нал: 31000, comment: , office: P0, Менеджер: Бахтибекова Елена 👩‍💼 (Админ)
[2025-07-16 11:17:57] Операция: Обновление баланса клиента в таблице Клиенты
id Клиента: 218, Выплата/пополнение 31000, Баланс_новый: 31000, Баланс_старый: 0
[2025-07-16 11:19:06] Операция: Внесение данных в таблицу Касса
id клиента: 211, Нал: 15000, comment: , office: P0, Менеджер: Бахтибекова Елена 👩‍💼 (Админ)
[2025-07-16 11:19:06] Операция: Обновление баланса клиента в таблице Клиенты
id Клиента: 211, Выплата/пополнение 15000, Баланс_новый: 15781, Баланс_старый: 781
[2025-07-16 11:19:19] Операция: Внесение данных в таблицу Касса
id клиента: 211, Нал: -10894, comment: карта 16.07.2025, office: P0, Менеджер: Бахтибекова Елена 👩‍💼 (Админ)
[2025-07-16 11:19:19] Операция: Обновление баланса клиента в таблице Клиенты
id Клиента: 211, Выплата/пополнение -10894, Баланс_новый: 4887, Баланс_старый: 15781
[2025-07-16 11:23:01] Операция: Внесение данных в таблицу Касса
id клиента: 209, Нал: -4507, comment: , office: K12, Менеджер: Гришина Надежда 👩‍💼 K12
[2025-07-16 11:23:01] Операция: Обновление баланса клиента в таблице Клиенты
id Клиента: 209, Баланс_новый: 0, Баланс_старый: 4507
[2025-07-16 11:23:58] Операция: Внесение данных в таблицу Касса
id клиента: 219, Нал: 35000, comment: , office: P0, Менеджер: Бахтибекова Елена 👩‍💼 (Админ)
[2025-07-16 11:23:58] Операция: Обновление баланса клиента в таблице Клиенты
id Клиента: 219, Выплата/пополнение 35000, Баланс_новый: -715000, Баланс_старый: -750000
[2025-07-16 11:25:37] Операция: Внесение данных в таблицу Касса
id клиента: 215, Нал: 45000, comment: , office: P0, Менеджер: Бахтибекова Елена 👩‍💼 (Админ)
[2025-07-16 11:25:37] Операция: Обновление баланса клиента в таблице Клиенты
id Клиента: 215, Выплата/пополнение 45000, Баланс_новый: 45000, Баланс_старый: 0
[2025-07-16 11:25:51] Операция: Внесение данных в таблицу Касса
id клиента: 215, Нал: -11347, comment: карта 16.07.2025, office: P0, Менеджер: Бахтибекова Елена 👩‍💼 (Админ)
[2025-07-16 11:25:51] Операция: Обновление баланса клиента в таблице Клиенты
id Клиента: 215, Выплата/пополнение -11347, Баланс_новый: 33653, Баланс_старый: 45000
[2025-07-16 11:26:12] Операция: Внесение данных в таблицу Касса
id клиента: 224, Нал: 15000, comment: , office: P0, Менеджер: Бахтибекова Елена 👩‍💼 (Админ)
[2025-07-16 11:26:12] Операция: Обновление баланса клиента в таблице Клиенты
id Клиента: 224, Выплата/пополнение 15000, Баланс_новый: -111851, Баланс_старый: -126851
[2025-07-16 11:26:26] Операция: Внесение данных в таблицу Касса
id клиента: 224, Нал: -11347, comment: карта 16.07.2025, office: P0, Менеджер: Бахтибекова Елена 👩‍💼 (Админ)
[2025-07-16 11:26:26] Операция: Обновление баланса клиента в таблице Клиенты
id Клиента: 224, Выплата/пополнение -11347, Баланс_новый: -123198, Баланс_старый: -111851
[2025-07-16 11:26:43] Операция: Внесение данных в таблицу Касса
id клиента: 206, Нал: 50000, comment: , office: P0, Менеджер: Бахтибекова Елена 👩‍💼 (Админ)
[2025-07-16 11:26:43] Операция: Обновление баланса клиента в таблице Клиенты
id Клиента: 206, Выплата/пополнение 50000, Баланс_новый: 50000, Баланс_старый: 0
[2025-07-16 11:28:22] Операция: Внесение данных в таблицу Касса
id клиента: 204, Нал: 42500, comment: , office: P0, Менеджер: Бахтибекова Елена 👩‍💼 (Админ)
[2025-07-16 11:28:22] Операция: Обновление баланса клиента в таблице Клиенты
id Клиента: 204, Выплата/пополнение 42500, Баланс_новый: 42500, Баланс_старый: 0
[2025-07-16 11:31:15] Операция: Внесение данных в таблицу Касса
id клиента: 203, Нал: -9560, comment: Зарплата, office: P2, Менеджер: Анискина Ольга 👩‍💼 P2
[2025-07-16 11:31:15] Операция: Обновление баланса клиента в таблице Клиенты
id Клиента: 203, Баланс_новый: 0, Баланс_старый: 9560
[2025-07-16 11:31:46] Операция: Внесение данных в таблицу Касса
id клиента: 201, Нал: -24107, comment: Зарплата, office: P2, Менеджер: Анискина Ольга 👩‍💼 P2
[2025-07-16 11:31:46] Операция: Обновление баланса клиента в таблице Клиенты
id Клиента: 201, Баланс_новый: 0, Баланс_старый: 24107
[2025-07-16 12:17:02] Операция: Внесение данных в таблицу Касса
id клиента: 219, Нал: -20000, comment: , office: P5, Менеджер: Фролова Ирина 👩‍💼 P5
[2025-07-16 12:17:02] Операция: Обновление баланса клиента в таблице Клиенты
id Клиента: 219, Баланс_новый: -735000, Баланс_старый: -715000
[2025-07-16 13:18:58] Операция: Внесение данных в таблицу Касса
id клиента: 216, Нал: 5500, comment: , office: P0, Менеджер: Бахтибекова Елена 👩‍💼 (Админ)
[2025-07-16 13:18:58] Операция: Обновление баланса клиента в таблице Клиенты
id Клиента: 216, Выплата/пополнение 5500, Баланс_новый: -97440, Баланс_старый: -102940
[2025-07-16 13:19:22] Операция: Внесение данных в таблицу Касса
id клиента: 231, Нал: 5500, comment: , office: P0, Менеджер: Бахтибекова Елена 👩‍💼 (Админ)
[2025-07-16 13:19:22] Операция: Обновление баланса клиента в таблице Клиенты
id Клиента: 231, Выплата/пополнение 5500, Баланс_новый: 5550, Баланс_старый: 50
[2025-07-16 13:44:54] Операция: Внесение данных в таблицу Касса
id клиента: 231, Нал: -5500, comment: , office: P7, Менеджер: Алпатова Оксана 👩‍💼 P7
[2025-07-16 13:44:54] Операция: Обновление баланса клиента в таблице Клиенты
id Клиента: 231, Баланс_новый: 50, Баланс_старый: 5550
[2025-07-16 13:50:30] Операция: Внесение данных в таблицу Касса
id клиента: 216, Нал: -3000, comment: , office: P7, Менеджер: Алпатова Оксана 👩‍💼 P7
[2025-07-16 13:50:30] Операция: Обновление баланса клиента в таблице Клиенты
id Клиента: 216, Баланс_новый: -99940, Баланс_старый: -96940
[2025-07-16 14:00:51] Операция: Внесение данных в таблицу Касса
id клиента: 229, Нал: -8500, comment: , office: P5, Менеджер: Фролова Ирина 👩‍💼 P5
[2025-07-16 14:00:51] Операция: Обновление баланса клиента в таблице Клиенты
id Клиента: 229, Баланс_новый: 200, Баланс_старый: 8700
[2025-07-16 14:55:51] Операция: Внесение данных в таблицу Касса
id клиента: 215, Нал: -4000, comment: , office: P1, Менеджер: Бунчина Ирина 👩‍💼 P1
[2025-07-16 14:55:51] Операция: Обновление баланса клиента в таблице Клиенты
id Клиента: 215, Баланс_новый: 29653, Баланс_старый: 33653
[2025-07-16 15:45:15] Операция: Внесение данных в таблицу Касса
id клиента: 210, Нал: -15000, comment: , office: S4, Менеджер: Занчев Олег 👨‍💼 S4
[2025-07-16 15:45:15] Операция: Обновление баланса клиента в таблице Клиенты
id Клиента: 210, Баланс_новый: 394, Баланс_старый: 15394
[2025-07-16 17:51:27] Операция: Внесение данных в таблицу Касса
id клиента: 218, Нал: -31000, comment: , office: P1, Менеджер: Бунчина Ирина 👩‍💼 P1
[2025-07-16 17:51:27] Операция: Обновление баланса клиента в таблице Клиенты
id Клиента: 218, Баланс_новый: 0, Баланс_старый: 31000
[2025-07-18 10:11:28] Операция: Внесение данных в таблицу Касса
id клиента: 212, Нал: -1815, comment: карта 18.07.2025, office: P0, Менеджер: Бахтибекова Елена 👩‍💼 (Админ)
[2025-07-18 10:11:28] Операция: Обновление баланса клиента в таблице Клиенты
id Клиента: 212, Выплата/пополнение -1815, Баланс_новый: 12292, Баланс_старый: 14107
[2025-07-18 10:12:43] Операция: Внесение данных в таблицу Касса
id клиента: 212, Нал: -18412, comment: карта 18.07.2025, office: P0, Менеджер: Бахтибекова Елена 👩‍💼 (Админ)
[2025-07-18 10:12:43] Операция: Обновление баланса клиента в таблице Клиенты
id Клиента: 212, Выплата/пополнение -18412, Баланс_новый: -6120, Баланс_старый: 12292
[2025-07-18 10:17:27] Операция: Внесение данных в таблицу Касса
id клиента: 216, Нал: 5500, comment: , office: P0, Менеджер: Бахтибекова Елена 👩‍💼 (Админ)
[2025-07-18 10:17:27] Операция: Обновление баланса клиента в таблице Клиенты
id Клиента: 216, Выплата/пополнение 5500, Баланс_новый: -94440, Баланс_старый: -99940
[2025-07-18 10:18:09] Операция: Внесение данных в таблицу Касса
id клиента: 226, Нал: 12500, comment: , office: P0, Менеджер: Бахтибекова Елена 👩‍💼 (Админ)
[2025-07-18 10:18:09] Операция: Обновление баланса клиента в таблице Клиенты
id Клиента: 226, Выплата/пополнение 12500, Баланс_новый: 12500, Баланс_старый: 0
[2025-07-18 10:18:40] Операция: Внесение данных в таблицу Касса
id клиента: 231, Нал: 3750, comment: , office: P0, Менеджер: Бахтибекова Елена 👩‍💼 (Админ)
[2025-07-18 10:18:40] Операция: Обновление баланса клиента в таблице Клиенты
id Клиента: 231, Выплата/пополнение 3750, Баланс_новый: 3800, Баланс_старый: 50
[2025-07-18 10:19:06] Операция: Внесение данных в таблицу Касса
id клиента: 234, Нал: 10000, comment: , office: P0, Менеджер: Бахтибекова Елена 👩‍💼 (Админ)
[2025-07-18 10:19:06] Операция: Обновление баланса клиента в таблице Клиенты
id Клиента: 234, Выплата/пополнение 10000, Баланс_новый: 10000, Баланс_старый: 0
[2025-07-18 10:19:32] Операция: Внесение данных в таблицу Касса
id клиента: 208, Нал: 11000, comment: , office: P0, Менеджер: Бахтибекова Елена 👩‍💼 (Админ)
[2025-07-18 10:19:32] Операция: Обновление баланса клиента в таблице Клиенты
id Клиента: 208, Выплата/пополнение 11000, Баланс_новый: 11000, Баланс_старый: 0
[2025-07-18 10:20:03] Операция: Внесение данных в таблицу Касса
id клиента: 202, Нал: 4400, comment: , office: P0, Менеджер: Бахтибекова Елена 👩‍💼 (Админ)
[2025-07-18 10:20:03] Операция: Обновление баланса клиента в таблице Клиенты
id Клиента: 202, Выплата/пополнение 4400, Баланс_новый: 1160, Баланс_старый: -3240
[2025-07-18 10:20:29] Операция: Внесение данных в таблицу Касса
id клиента: 222, Нал: 6000, comment: , office: P0, Менеджер: Бахтибекова Елена 👩‍💼 (Админ)
[2025-07-18 10:20:29] Операция: Обновление баланса клиента в таблице Клиенты
id Клиента: 222, Выплата/пополнение 6000, Баланс_новый: 15560, Баланс_старый: 9560
[2025-07-18 10:20:57] Операция: Внесение данных в таблицу Касса
id клиента: 232, Нал: 7500, comment: , office: P0, Менеджер: Бахтибекова Елена 👩‍💼 (Админ)
[2025-07-18 10:20:57] Операция: Обновление баланса клиента в таблице Клиенты
id Клиента: 232, Выплата/пополнение 7500, Баланс_новый: 7500, Баланс_старый: 0
[2025-07-18 11:22:10] Операция: Внесение данных в таблицу Касса
id клиента: 231, Нал: -3800, comment: , office: P7, Менеджер: Алпатова Оксана 👩‍💼 P7
[2025-07-18 11:22:10] Операция: Обновление баланса клиента в таблице Клиенты
id Клиента: 231, Баланс_новый: 0, Баланс_старый: 3800
[2025-07-18 11:26:09] Операция: Внесение данных в таблицу Касса
id клиента: 216, Нал: -6000, comment: , office: P7, Менеджер: Алпатова Оксана 👩‍💼 P7
[2025-07-18 11:26:09] Операция: Обновление баланса клиента в таблице Клиенты
id Клиента: 216, Баланс_новый: -99940, Баланс_старый: -93940
[2025-07-18 12:28:13] Операция: Внесение данных в таблицу Касса
id клиента: 211, Нал: -4500, comment: , office: P5, Менеджер: Фролова Ирина 👩‍💼 P5
[2025-07-18 12:28:13] Операция: Обновление баланса клиента в таблице Клиенты
id Клиента: 211, Баланс_новый: 387, Баланс_старый: 4887
[2025-07-18 13:14:21] Операция: Внесение данных в таблицу Касса
id клиента: 215, Нал: -22653, comment: , office: P1, Менеджер: Максимкина Татьяна 👩‍💼 P1
[2025-07-18 13:14:21] Операция: Обновление баланса клиента в таблице Клиенты
id Клиента: 215, Баланс_новый: 7000, Баланс_старый: 29653
[2025-07-18 13:17:34] Операция: Внесение данных в таблицу Касса
id клиента: 11, Нал: -1307100, comment: , office: P7, Менеджер: Алпатова Оксана 👩‍💼 P7
[2025-07-18 13:17:34] Операция: Обновление баланса клиента в таблице Клиенты
id Клиента: 11, Баланс_новый: 4554800, Баланс_старый: 5861900
[2025-07-18 13:27:55] Операция: Внесение данных в таблицу Касса
id клиента: 213, Нал: -10160, comment: , office: P1, Менеджер: Максимкина Татьяна 👩‍💼 P1
[2025-07-18 13:27:55] Операция: Обновление баланса клиента в таблице Клиенты
id Клиента: 213, Баланс_новый: 0, Баланс_старый: 10160
[2025-07-18 13:51:35] Операция: Внесение данных в таблицу Касса
id клиента: 214, Нал: -30000, comment: , office: P5, Менеджер: Фролова Ирина 👩‍💼 P5
[2025-07-18 13:51:35] Операция: Обновление баланса клиента в таблице Клиенты
id Клиента: 214, Баланс_новый: -127075, Баланс_старый: -97075
[2025-07-18 13:53:23] Операция: Внесение данных в таблицу Касса
id клиента: 230, Нал: -6500, comment: , office: P5, Менеджер: Фролова Ирина 👩‍💼 P5
[2025-07-18 13:53:23] Операция: Обновление баланса клиента в таблице Клиенты
id Клиента: 230, Баланс_новый: 35, Баланс_старый: 6535
[2025-07-18 13:55:03] Операция: Внесение данных в таблицу Касса
id клиента: 222, Нал: -15000, comment: , office: P5, Менеджер: Фролова Ирина 👩‍💼 P5
[2025-07-18 13:55:03] Операция: Обновление баланса клиента в таблице Клиенты
id Клиента: 222, Баланс_новый: 560, Баланс_старый: 15560
[2025-07-18 15:20:38] Операция: Внесение данных в таблицу Касса
id клиента: 232, Нал: -7500, comment: Зарплата, office: P2, Менеджер: Анискина Ольга 👩‍💼 P2
[2025-07-18 15:20:38] Операция: Обновление баланса клиента в таблице Клиенты
id Клиента: 232, Баланс_новый: 0, Баланс_старый: 7500
[2025-07-18 16:55:27] Операция: Внесение данных в таблицу Касса
id клиента: 235, Нал: -2280, comment: , office: P7, Менеджер: Алпатова Оксана 👩‍💼 P7
[2025-07-18 16:55:27] Операция: Обновление баланса клиента в таблице Клиенты
id Клиента: 235, Баланс_новый: 7006, Баланс_старый: 9286
[2025-07-18 17:02:33] Операция: Внесение данных в таблицу Касса
id клиента: 208, Нал: -11000, comment: , office: P11, Менеджер: Голубева Мария 👩‍💼 P11
[2025-07-18 17:02:33] Операция: Обновление баланса клиента в таблице Клиенты
id Клиента: 208, Баланс_новый: 0, Баланс_старый: 11000
[2025-07-18 17:34:35] Операция: Внесение данных в таблицу Касса
id клиента: 234, Нал: -10000, comment: , office: P7, Менеджер: Алпатова Оксана 👩‍💼 P7
[2025-07-18 17:34:35] Операция: Обновление баланса клиента в таблице Клиенты
id Клиента: 234, Баланс_новый: 0, Баланс_старый: 10000
[2025-07-19 10:46:05] Операция: Внесение данных в таблицу Касса
id клиента: 226, Нал: -12500, comment: , office: P1, Менеджер: Максимкина Татьяна 👩‍💼 P1
[2025-07-19 10:46:05] Операция: Обновление баланса клиента в таблице Клиенты
id Клиента: 226, Баланс_новый: 0, Баланс_старый: 12500
[2025-07-19 10:53:02] Операция: Внесение данных в таблицу Касса
id клиента: 215, Нал: -2500, comment: , office: P1, Менеджер: Максимкина Татьяна 👩‍💼 P1
[2025-07-19 10:53:02] Операция: Обновление баланса клиента в таблице Клиенты
id Клиента: 215, Баланс_новый: 4500, Баланс_старый: 7000
[2025-07-19 14:34:22] Операция: Внесение данных в таблицу Касса
id клиента: 214, Нал: -5500, comment: , office: P5, Менеджер: Фролова Ирина 👩‍💼 P5
[2025-07-19 14:34:22] Операция: Обновление баланса клиента в таблице Клиенты
id Клиента: 214, Баланс_новый: -132575, Баланс_старый: -127075
[2025-07-19 15:21:07] Операция: Внесение данных в таблицу Касса
id клиента: 229, Нал: 2900, comment: , office: P0, Менеджер: Шестаков Дмитрий 👨‍💼 (Админ)
[2025-07-19 15:21:07] Операция: Обновление баланса клиента в таблице Клиенты
id Клиента: 229, Выплата/пополнение 2900, Баланс_новый: 3100, Баланс_старый: 200
[2025-07-19 15:22:39] Операция: Внесение данных в таблицу Касса
id клиента: 224, Нал: 10000, comment: , office: P0, Менеджер: Шестаков Дмитрий 👨‍💼 (Админ)
[2025-07-19 15:22:39] Операция: Обновление баланса клиента в таблице Клиенты
id Клиента: 224, Выплата/пополнение 10000, Баланс_новый: -113198, Баланс_старый: -123198
[2025-07-19 15:23:27] Операция: Внесение данных в таблицу Касса
id клиента: 224, Нал: -10000, comment: , office: P7, Менеджер: Алпатова Оксана 👩‍💼 P7
[2025-07-19 15:23:27] Операция: Обновление баланса клиента в таблице Клиенты
id Клиента: 224, Баланс_новый: -123198, Баланс_старый: -113198
[2025-07-19 15:38:08] Операция: Внесение данных в таблицу Касса
id клиента: 229, Нал: -3000, comment: , office: P5, Менеджер: Фролова Ирина 👩‍💼 P5
[2025-07-19 15:38:08] Операция: Обновление баланса клиента в таблице Клиенты
id Клиента: 229, Баланс_новый: 100, Баланс_старый: 3100
[2025-07-21 10:40:20] Операция: Внесение данных в таблицу Касса
id клиента: 224, Нал: 40000, comment: , office: P0, Менеджер: Бахтибекова Елена 👩‍💼 (Админ)
[2025-07-21 10:40:20] Операция: Обновление баланса клиента в таблице Клиенты
id Клиента: 224, Выплата/пополнение 40000, Баланс_новый: -83198, Баланс_старый: -123198
[2025-07-21 10:41:28] Операция: Внесение данных в таблицу Касса
id клиента: 216, Нал: 6000, comment: , office: P0, Менеджер: Бахтибекова Елена 👩‍💼 (Админ)
[2025-07-21 10:41:28] Операция: Обновление баланса клиента в таблице Клиенты
id Клиента: 216, Выплата/пополнение 6000, Баланс_новый: -93940, Баланс_старый: -99940
[2025-07-21 10:41:52] Операция: Внесение данных в таблицу Касса
id клиента: 231, Нал: 5500, comment: , office: P0, Менеджер: Бахтибекова Елена 👩‍💼 (Админ)
[2025-07-21 10:41:52] Операция: Обновление баланса клиента в таблице Клиенты
id Клиента: 231, Выплата/пополнение 5500, Баланс_новый: 5500, Баланс_старый: 0
[2025-07-21 11:13:03] Операция: Внесение данных в таблицу Касса
id клиента: 231, Нал: -5500, comment: , office: P7, Менеджер: Алпатова Оксана 👩‍💼 P7
[2025-07-21 11:13:03] Операция: Обновление баланса клиента в таблице Клиенты
id Клиента: 231, Баланс_новый: 0, Баланс_старый: 5500
[2025-07-21 11:13:38] Операция: Внесение данных в таблицу Касса
id клиента: 216, Нал: -6000, comment: , office: P7, Менеджер: Алпатова Оксана 👩‍💼 P7
[2025-07-21 11:13:38] Операция: Обновление баланса клиента в таблице Клиенты
id Клиента: 216, Баланс_новый: -99940, Баланс_старый: -93940
[2025-07-21 11:14:09] Операция: Внесение данных в таблицу Касса
id клиента: 224, Нал: -40000, comment: , office: P7, Менеджер: Алпатова Оксана 👩‍💼 P7
[2025-07-21 11:14:09] Операция: Обновление баланса клиента в таблице Клиенты
id Клиента: 224, Баланс_новый: -123198, Баланс_старый: -83198
[2025-07-21 14:19:22] Операция: Внесение данных в таблицу Касса
id клиента: 11, Нал: -261000, comment: Новотамбовская, 22 а, office: P1, Менеджер: Бунчина Ирина 👩‍💼 P1
[2025-07-21 14:19:22] Операция: Обновление баланса клиента в таблице Клиенты
id Клиента: 11, Баланс_новый: 4293800, Баланс_старый: 4554800
[2025-07-21 14:40:04] Операция: Внесение данных в таблицу Касса
id клиента: 201, Нал: 22258, comment: % июнь, office: P0, Менеджер: Бахтибекова Елена 👩‍💼 (Админ)
[2025-07-21 14:40:04] Операция: Обновление баланса клиента в таблице Клиенты
id Клиента: 201, Выплата/пополнение 22258, Баланс_новый: 22258, Баланс_старый: 0
[2025-07-21 14:42:49] Операция: Внесение данных в таблицу Касса
id клиента: 11, Нал: -1087500, comment: Калинина, office: P7, Менеджер: Алпатова Оксана 👩‍💼 P7
[2025-07-21 14:42:49] Операция: Обновление баланса клиента в таблице Клиенты
id Клиента: 11, Баланс_новый: 3206300, Баланс_старый: 4293800
[2025-07-21 14:48:12] Операция: Внесение данных в таблицу Касса
id клиента: 223, Нал: 3559, comment: % июнь, office: P0, Менеджер: Бахтибекова Елена 👩‍💼 (Админ)
[2025-07-21 14:48:12] Операция: Обновление баланса клиента в таблице Клиенты
id Клиента: 223, Выплата/пополнение 3559, Баланс_новый: 6462, Баланс_старый: 2903
[2025-07-21 14:55:35] Операция: Внесение данных в таблицу Касса
id клиента: 201, Нал: -22258, comment: Зарплата, office: P2, Менеджер: Анискина Ольга 👩‍💼 P2
[2025-07-21 14:55:35] Операция: Обновление баланса клиента в таблице Клиенты
id Клиента: 201, Баланс_новый: 0, Баланс_старый: 22258
[2025-07-21 15:14:22] Операция: Внесение данных в таблицу Касса
id клиента: 235, Нал: -4000, comment: , office: P7, Менеджер: Алпатова Оксана 👩‍💼 P7
[2025-07-21 15:14:22] Операция: Обновление баланса клиента в таблице Клиенты
id Клиента: 235, Баланс_новый: 3006, Баланс_старый: 7006
[2025-07-21 16:45:18] Операция: Внесение данных в таблицу Касса
id клиента: 223, Нал: -6462, comment: , office: P11, Менеджер: Голубева Мария 👩‍💼 P11
[2025-07-21 16:45:18] Операция: Обновление баланса клиента в таблице Клиенты
id Клиента: 223, Баланс_новый: 0, Баланс_старый: 6462
[2025-07-21 18:27:19] Операция: Внесение данных в таблицу Касса
id клиента: 215, Нал: -4500, comment: , office: P1, Менеджер: Бунчина Ирина 👩‍💼 P1
[2025-07-21 18:27:19] Операция: Обновление баланса клиента в таблице Клиенты
id Клиента: 215, Баланс_новый: 0, Баланс_старый: 4500
[2025-07-22 11:36:42] Операция: Внесение данных в таблицу Касса
id клиента: 11, Нал: 452900, comment: 17.07.2025 503 204,00 ТЕХПАРТ (наш долг), office: P0, Менеджер: Бахтибеков Мирен 👨‍💼 (Админ)
[2025-07-22 11:36:42] Операция: Обновление баланса клиента в таблице Клиенты
id Клиента: 11, Выплата/пополнение 452900, Баланс_новый: 3659200, Баланс_старый: 3206300
[2025-07-22 16:05:02] Операция: Внесение данных в таблицу Касса
id клиента: 202, Нал: -1100, comment: Зарплата, office: P2, Менеджер: Анискина Ольга 👩‍💼 P2
[2025-07-22 16:05:02] Операция: Обновление баланса клиента в таблице Клиенты
id Клиента: 202, Баланс_новый: 60, Баланс_старый: 1160
[2025-07-22 16:21:28] Операция: Внесение данных в таблицу Касса
id клиента: 211, Нал: 30000, comment: , office: P0, Менеджер: Бахтибекова Елена 👩‍💼 (Админ)
[2025-07-22 16:21:28] Операция: Обновление баланса клиента в таблице Клиенты
id Клиента: 211, Выплата/пополнение 30000, Баланс_новый: 30387, Баланс_старый: 387
[2025-07-22 16:23:12] Операция: Внесение данных в таблицу Касса
id клиента: 228, Нал: 3187, comment: % июнь, office: P0, Менеджер: Бахтибекова Елена 👩‍💼 (Админ)
[2025-07-22 16:23:12] Операция: Обновление баланса клиента в таблице Клиенты
id Клиента: 228, Выплата/пополнение 3187, Баланс_новый: 22335, Баланс_старый: 19148
[2025-07-22 16:23:41] Операция: Внесение данных в таблицу Касса
id клиента: 215, Нал: 83648, comment: % июнь, office: P0, Менеджер: Бахтибекова Елена 👩‍💼 (Админ)
[2025-07-22 16:23:41] Операция: Обновление баланса клиента в таблице Клиенты
id Клиента: 215, Выплата/пополнение 83648, Баланс_новый: 83648, Баланс_старый: 0
[2025-07-22 16:44:52] Операция: Внесение данных в таблицу Касса
id клиента: 215, Нал: -20648, comment: , office: P1, Менеджер: Бунчина Ирина 👩‍💼 P1
[2025-07-22 16:44:52] Операция: Обновление баланса клиента в таблице Клиенты
id Клиента: 215, Баланс_новый: 63000, Баланс_старый: 83648
[2025-07-22 16:45:41] Операция: Внесение данных в таблицу Касса
id клиента: 211, Нал: -20000, comment: , office: P5, Менеджер: Фролова Ирина 👩‍💼 P5
[2025-07-22 16:45:41] Операция: Обновление баланса клиента в таблице Клиенты
id Клиента: 211, Баланс_новый: 10387, Баланс_старый: 30387
[2025-07-23 09:58:03] Операция: Внесение данных в таблицу Касса
id клиента: 209, Нал: 13200, comment: , office: P0, Менеджер: Бахтибекова Елена 👩‍💼 (Админ)
[2025-07-23 09:58:03] Операция: Обновление баланса клиента в таблице Клиенты
id Клиента: 209, Выплата/пополнение 13200, Баланс_новый: 13200, Баланс_старый: 0
[2025-07-23 10:06:17] Операция: Внесение данных в таблицу Касса
id клиента: 209, Нал: -13200, comment: , office: K12, Менеджер: Гришина Надежда 👩‍💼 K12
[2025-07-23 10:06:17] Операция: Обновление баланса клиента в таблице Клиенты
id Клиента: 209, Баланс_новый: 0, Баланс_старый: 13200
[2025-07-23 12:21:02] Операция: Внесение данных в таблицу Касса
id клиента: 11, Нал: -340000, comment: Каляева, office: P11, Менеджер: Голубева Мария 👩‍💼 P11
[2025-07-23 12:21:02] Операция: Обновление баланса клиента в таблице Клиенты
id Клиента: 11, Баланс_новый: 3319200, Баланс_старый: 3659200
[2025-07-23 13:00:37] Операция: Внесение данных в таблицу Касса
id клиента: 11, Нал: -837850, comment: Калинина, office: P7, Менеджер: Алпатова Оксана 👩‍💼 P7
[2025-07-23 13:00:37] Операция: Обновление баланса клиента в таблице Клиенты
id Клиента: 11, Баланс_новый: 2481350, Баланс_старый: 3319200
[2025-07-23 16:44:42] Операция: Внесение данных в таблицу Касса
id клиента: 235, Нал: -2000, comment: , office: P7, Менеджер: Алпатова Оксана 👩‍💼 P7
[2025-07-23 16:44:42] Операция: Обновление баланса клиента в таблице Клиенты
id Клиента: 235, Баланс_новый: 1006, Баланс_старый: 3006
[2025-07-24 09:59:05] Операция: Внесение данных в таблицу Касса
id клиента: 215, Нал: -40000, comment: , office: P1, Менеджер: Максимкина Татьяна 👩‍💼 P1
[2025-07-24 09:59:05] Операция: Обновление баланса клиента в таблице Клиенты
id Клиента: 215, Баланс_новый: 23000, Баланс_старый: 63000
[2025-07-24 11:03:17] Операция: Внесение данных в таблицу Касса
id клиента: 11, Нал: 0, comment: , office: P0, Менеджер: Бахтибеков Мирен 👨‍💼 (Админ)
[2025-07-24 11:03:17] Операция: Обновление баланса клиента в таблице Клиенты
id Клиента: 11, Выплата/пополнение 0, Баланс_новый: 2481350, Баланс_старый: 2481350
[2025-07-24 11:16:20] Операция: Внесение данных в таблицу Касса
id клиента: 11, Нал: 451950, comment: 23.07.2025 502 175,00 ТЕХПАРТ (наш долг), office: P0, Менеджер: Бахтибеков Мирен 👨‍💼 (Админ)
[2025-07-24 11:16:20] Операция: Обновление баланса клиента в таблице Клиенты
id Клиента: 11, Выплата/пополнение 451950, Баланс_новый: 2933300, Баланс_старый: 2481350
[2025-07-24 17:52:26] Операция: Внесение данных в таблицу Касса
id клиента: 216, Нал: 9000, comment: , office: P0, Менеджер: Шестаков Дмитрий 👨‍💼 (Админ)
[2025-07-24 17:52:26] Операция: Обновление баланса клиента в таблице Клиенты
id Клиента: 216, Выплата/пополнение 9000, Баланс_новый: -90940, Баланс_старый: -99940
[2025-07-24 17:52:37] Операция: Внесение данных в таблицу Касса
id клиента: 216, Нал: -5000, comment: , office: P7, Менеджер: Алпатова Оксана 👩‍💼 P7
[2025-07-24 17:52:37] Операция: Обновление баланса клиента в таблице Клиенты
id Клиента: 216, Баланс_новый: -95940, Баланс_старый: -90940
[2025-07-25 09:58:41] Операция: Внесение данных в таблицу Касса
id клиента: 216, Нал: -2750, comment: , office: P1, Менеджер: Бунчина Ирина 👩‍💼 P1
[2025-07-25 09:58:41] Операция: Обновление баланса клиента в таблице Клиенты
id Клиента: 216, Баланс_новый: -98690, Баланс_старый: -95940
[2025-07-25 10:48:27] Операция: Внесение данных в таблицу Касса
id клиента: 216, Нал: -1250, comment: , office: P7, Менеджер: Алпатова Оксана 👩‍💼 P7
[2025-07-25 10:48:27] Операция: Обновление баланса клиента в таблице Клиенты
id Клиента: 216, Баланс_новый: -99940, Баланс_старый: -98690
[2025-07-25 11:07:19] Операция: Внесение данных в таблицу Касса
id клиента: 229, Нал: 5800, comment: , office: P0, Менеджер: Бахтибекова Елена 👩‍💼 (Админ)
[2025-07-25 11:07:19] Операция: Обновление баланса клиента в таблице Клиенты
id Клиента: 229, Выплата/пополнение 5800, Баланс_новый: 5900, Баланс_старый: 100
[2025-07-25 11:09:30] Операция: Внесение данных в таблицу Касса
id клиента: 222, Нал: -17892, comment: карта 25.07.2025, office: P0, Менеджер: Бахтибекова Елена 👩‍💼 (Админ)
[2025-07-25 11:09:30] Операция: Обновление баланса клиента в таблице Клиенты
id Клиента: 222, Выплата/пополнение -17892, Баланс_новый: -17332, Баланс_старый: 560
[2025-07-25 11:10:55] Операция: Внесение данных в таблицу Касса
id клиента: 202, Нал: -18394, comment: 25.07.2025, office: P0, Менеджер: Бахтибекова Елена 👩‍💼 (Админ)
[2025-07-25 11:10:55] Операция: Обновление баланса клиента в таблице Клиенты
id Клиента: 202, Выплата/пополнение -18394, Баланс_новый: -18334, Баланс_старый: 60
[2025-07-25 11:12:17] Операция: Внесение данных в таблицу Касса
id клиента: 202, Нал: -6090, comment: карта 25.07.2025, office: P0, Менеджер: Бахтибекова Елена 👩‍💼 (Админ)
[2025-07-25 11:12:17] Операция: Обновление баланса клиента в таблице Клиенты
id Клиента: 202, Выплата/пополнение -6090, Баланс_новый: -24424, Баланс_старый: -18334
[2025-07-25 11:12:37] Операция: Внесение данных в таблицу Касса
id клиента: 222, Нал: 6090, comment: карта 25.07.2025, office: P0, Менеджер: Бахтибекова Елена 👩‍💼 (Админ)
[2025-07-25 11:12:37] Операция: Обновление баланса клиента в таблице Клиенты
id Клиента: 222, Выплата/пополнение 6090, Баланс_новый: -11242, Баланс_старый: -17332
[2025-07-25 11:13:01] Операция: Внесение данных в таблицу Касса
id клиента: 222, Нал: -6090, comment: карта 25.07.2025, office: P0, Менеджер: Бахтибекова Елена 👩‍💼 (Админ)
[2025-07-25 11:13:01] Операция: Обновление баланса клиента в таблице Клиенты
id Клиента: 222, Выплата/пополнение -6090, Баланс_новый: -23422, Баланс_старый: -17332
[2025-07-25 11:13:53] Операция: Внесение данных в таблицу Касса
id клиента: 202, Нал: 18700, comment: , office: P0, Менеджер: Бахтибекова Елена 👩‍💼 (Админ)
[2025-07-25 11:13:53] Операция: Обновление баланса клиента в таблице Клиенты
id Клиента: 202, Выплата/пополнение 18700, Баланс_новый: -5724, Баланс_старый: -24424
[2025-07-25 11:14:48] Операция: Внесение данных в таблицу Касса
id клиента: 222, Нал: 15000, comment: , office: P0, Менеджер: Бахтибекова Елена 👩‍💼 (Админ)
[2025-07-25 11:14:48] Операция: Обновление баланса клиента в таблице Клиенты
id Клиента: 222, Выплата/пополнение 15000, Баланс_новый: -8422, Баланс_старый: -23422
[2025-07-25 11:15:28] Операция: Внесение данных в таблицу Касса
id клиента: 232, Нал: 6000, comment: , office: P0, Менеджер: Бахтибекова Елена 👩‍💼 (Админ)
[2025-07-25 11:15:28] Операция: Обновление баланса клиента в таблице Клиенты
id Клиента: 232, Выплата/пополнение 6000, Баланс_новый: 6000, Баланс_старый: 0
[2025-07-25 12:49:00] Операция: Внесение данных в таблицу Касса
id клиента: 235, Нал: -1000, comment: , office: P7, Менеджер: Алпатова Оксана 👩‍💼 P7
[2025-07-25 12:49:00] Операция: Обновление баланса клиента в таблице Клиенты
id Клиента: 235, Баланс_новый: 6, Баланс_старый: 1006
[2025-07-25 13:29:06] Операция: Внесение данных в таблицу Касса
id клиента: 229, Нал: -5500, comment: , office: P5, Менеджер: Фролова Ирина 👩‍💼 P5
[2025-07-25 13:29:06] Операция: Обновление баланса клиента в таблице Клиенты
id Клиента: 229, Баланс_новый: 400, Баланс_старый: 5900
[2025-07-25 14:19:48] Операция: Внесение данных в таблицу Касса
id клиента: 11, Нал: -1166500, comment: Калинина, office: P7, Менеджер: Алпатова Оксана 👩‍💼 P7
[2025-07-25 14:19:48] Операция: Обновление баланса клиента в таблице Клиенты
id Клиента: 11, Баланс_новый: 1766800, Баланс_старый: 2933300
[2025-07-25 16:11:41] Операция: Внесение данных в таблицу Касса
id клиента: 232, Нал: -6000, comment: Зарплата, office: P2, Менеджер: Анискина Ольга 👩‍💼 P2
[2025-07-25 16:11:41] Операция: Обновление баланса клиента в таблице Клиенты
id Клиента: 232, Баланс_новый: 0, Баланс_старый: 6000
[2025-07-26 11:10:02] Операция: Внесение данных в таблицу Касса
id клиента: 215, Нал: -1500, comment: , office: P1, Менеджер: Бунчина Ирина 👩‍💼 P1
[2025-07-26 11:10:02] Операция: Обновление баланса клиента в таблице Клиенты
id Клиента: 215, Баланс_новый: 21500, Баланс_старый: 23000
[2025-07-26 11:45:12] Операция: Внесение данных в таблицу Касса
id клиента: 226, Нал: 17700, comment: , office: P0, Менеджер: Бахтибекова Елена 👩‍💼 (Админ)
[2025-07-26 11:45:12] Операция: Обновление баланса клиента в таблице Клиенты
id Клиента: 226, Выплата/пополнение 17700, Баланс_новый: 17700, Баланс_старый: 0
[2025-07-26 11:45:54] Операция: Внесение данных в таблицу Касса
id клиента: 231, Нал: 9250, comment: , office: P0, Менеджер: Бахтибекова Елена 👩‍💼 (Админ)
[2025-07-26 11:45:54] Операция: Обновление баланса клиента в таблице Клиенты
id Клиента: 231, Выплата/пополнение 9250, Баланс_новый: 9250, Баланс_старый: 0
[2025-07-26 11:46:30] Операция: Внесение данных в таблицу Касса
id клиента: 234, Нал: 15000, comment: , office: P0, Менеджер: Бахтибекова Елена 👩‍💼 (Админ)
[2025-07-26 11:46:30] Операция: Обновление баланса клиента в таблице Клиенты
id Клиента: 234, Выплата/пополнение 15000, Баланс_новый: 15000, Баланс_старый: 0
[2025-07-26 11:46:56] Операция: Внесение данных в таблицу Касса
id клиента: 208, Нал: 13200, comment: , office: P0, Менеджер: Бахтибекова Елена 👩‍💼 (Админ)
[2025-07-26 11:46:56] Операция: Обновление баланса клиента в таблице Клиенты
id Клиента: 208, Выплата/пополнение 13200, Баланс_новый: 13200, Баланс_старый: 0
[2025-07-26 12:04:19] Операция: Внесение данных в таблицу Касса
id клиента: 231, Нал: -9200, comment: , office: P7, Менеджер: Алпатова Оксана 👩‍💼 P7
[2025-07-26 12:04:19] Операция: Обновление баланса клиента в таблице Клиенты
id Клиента: 231, Баланс_новый: 50, Баланс_старый: 9250
[2025-07-26 12:06:43] Операция: Внесение данных в таблицу Касса
id клиента: 234, Нал: -15000, comment: , office: P7, Менеджер: Алпатова Оксана 👩‍💼 P7
[2025-07-26 12:06:43] Операция: Обновление баланса клиента в таблице Клиенты
id Клиента: 234, Баланс_новый: 0, Баланс_старый: 15000
[2025-07-26 12:14:04] Операция: Внесение данных в таблицу Касса
id клиента: 226, Нал: -17900, comment: , office: P1, Менеджер: Бунчина Ирина 👩‍💼 P1
[2025-07-26 12:14:04] Операция: Обновление баланса клиента в таблице Клиенты
id Клиента: 226, Баланс_новый: 0, Баланс_старый: 17900
[2025-07-26 14:07:10] Операция: Внесение данных в таблицу Касса
id клиента: 208, Нал: -13200, comment: , office: P11, Менеджер: Голубева Мария 👩‍💼 P11
[2025-07-26 14:07:10] Операция: Обновление баланса клиента в таблице Клиенты
id Клиента: 208, Баланс_новый: 0, Баланс_старый: 13200
[2025-07-28 11:03:12] Операция: Внесение данных в таблицу Касса
id клиента: 229, Нал: 2900, comment: , office: P0, Менеджер: Бахтибекова Елена 👩‍💼 (Админ)
[2025-07-28 11:03:12] Операция: Обновление баланса клиента в таблице Клиенты
id Клиента: 229, Выплата/пополнение 2900, Баланс_новый: 3300, Баланс_старый: 400
[2025-07-28 14:11:38] Операция: Внесение данных в таблицу Касса
id клиента: 11, Нал: -217000, comment: , office: P1, Менеджер: Максимкина Татьяна 👩‍💼 P1
[2025-07-28 14:11:38] Операция: Обновление баланса клиента в таблице Клиенты
id Клиента: 11, Баланс_новый: 1549800, Баланс_старый: 1766800
[2025-07-28 14:29:21] Операция: Внесение данных в таблицу Касса
id клиента: 11, Нал: -644950, comment: Калинина, office: P7, Менеджер: Алпатова Оксана 👩‍💼 P7
[2025-07-28 14:29:21] Операция: Обновление баланса клиента в таблице Клиенты
id Клиента: 11, Баланс_новый: 904850, Баланс_старый: 1549800
[2025-07-28 15:13:11] Операция: Внесение данных в таблицу Касса
id клиента: 229, Нал: -3000, comment: , office: P5, Менеджер: Фролова Ирина 👩‍💼 P5
[2025-07-28 15:13:11] Операция: Обновление баланса клиента в таблице Клиенты
id Клиента: 229, Баланс_новый: 300, Баланс_старый: 3300
[2025-07-28 15:48:22] Операция: Внесение данных в таблицу Касса
id клиента: 204, Нал: -42500, comment: , office: P7, Менеджер: Алпатова Оксана 👩‍💼 P7
[2025-07-28 15:48:22] Операция: Обновление баланса клиента в таблице Клиенты
id Клиента: 204, Баланс_новый: 0, Баланс_старый: 42500
[2025-07-29 10:38:36] Операция: Внесение данных в таблицу Касса
id клиента: 213, Нал: -17862, comment: карта 29.07.2025, office: P0, Менеджер: Бахтибекова Елена 👩‍💼 (Админ)
[2025-07-29 10:38:36] Операция: Обновление баланса клиента в таблице Клиенты
id Клиента: 213, Выплата/пополнение -17862, Баланс_новый: -17862, Баланс_старый: 0
[2025-07-29 12:18:35] Операция: Внесение данных в таблицу Касса
id клиента: 211, Нал: -10000, comment: , office: P5, Менеджер: Фролова Ирина 👩‍💼 P5
[2025-07-29 12:18:35] Операция: Обновление баланса клиента в таблице Клиенты
id Клиента: 211, Баланс_новый: 387, Баланс_старый: 10387
[2025-07-30 12:52:04] Операция: Внесение данных в таблицу Касса
id клиента: 11, Нал: 541950, comment: 29.07.2025 602 153,00 АВТОЗАПЧАСТЬ АМБ (наш долг), office: P0, Менеджер: Бахтибеков Мирен 👨‍💼 (Админ)
[2025-07-30 12:52:04] Операция: Обновление баланса клиента в таблице Клиенты
id Клиента: 11, Выплата/пополнение 541950, Баланс_новый: 1446800, Баланс_старый: 904850
[2025-07-30 12:52:47] Операция: Внесение данных в таблицу Касса
id клиента: 11, Нал: 795700, comment: 29.07.2025 884 104,00 АВТОЗАПЧАСТЬ АМБ (наш долг), office: P0, Менеджер: Бахтибеков Мирен 👨‍💼 (Админ)
[2025-07-30 12:52:47] Операция: Обновление баланса клиента в таблице Клиенты
id Клиента: 11, Выплата/пополнение 795700, Баланс_новый: 2242500, Баланс_старый: 1446800
[2025-07-30 12:53:21] Операция: Внесение данных в таблицу Касса
id клиента: 11, Нал: 634700, comment: 29.07.2025 705 204,00 АВТОЗАПЧАСТЬ АМБ (наш долг), office: P0, Менеджер: Бахтибеков Мирен 👨‍💼 (Админ)
[2025-07-30 12:53:21] Операция: Обновление баланса клиента в таблице Клиенты
id Клиента: 11, Выплата/пополнение 634700, Баланс_новый: 2877200, Баланс_старый: 2242500
[2025-07-30 12:54:07] Операция: Внесение данных в таблицу Касса
id клиента: 11, Нал: -904850, comment: Калинина, office: P7, Менеджер: Алпатова Оксана 👩‍💼 P7
[2025-07-30 12:54:07] Операция: Обновление баланса клиента в таблице Клиенты
id Клиента: 11, Баланс_новый: 1972350, Баланс_старый: 2877200
[2025-07-30 12:54:24] Операция: Внесение данных в таблицу Касса
id клиента: 11, Нал: 759600, comment: 30.07.2025 844 027,00 ТЕХПАРТ (наш долг), office: P0, Менеджер: Бахтибеков Мирен 👨‍💼 (Админ)
[2025-07-30 12:54:24] Операция: Обновление баланса клиента в таблице Клиенты
id Клиента: 11, Выплата/пополнение 759600, Баланс_новый: 2731950, Баланс_старый: 1972350
[2025-07-31 09:24:21] Операция: Внесение данных в таблицу Касса
id клиента: 215, Нал: -21500, comment: , office: P1, Менеджер: Бунчина Ирина 👩‍💼 P1
[2025-07-31 09:24:21] Операция: Обновление баланса клиента в таблице Клиенты
id Клиента: 215, Баланс_новый: 0, Баланс_старый: 21500
[2025-07-31 12:52:36] Операция: Внесение данных в таблицу Касса
id клиента: 11, Нал: 759600, comment: 30.07.2025 844 027,00 ТЕХПАРТ (наш долг), office: P0, Менеджер: Бахтибеков Мирен 👨‍💼 (Админ)
[2025-07-31 12:52:36] Операция: Обновление баланса клиента в таблице Клиенты
id Клиента: 11, Выплата/пополнение 759600, Баланс_новый: 3491550, Баланс_старый: 2731950
[2025-07-31 12:53:11] Операция: Внесение данных в таблицу Касса
id клиента: 11, Нал: 366500, comment: 30.07.2025 407 204,00 АВТОЗАПЧАСТЬ АМБ (наш долг), office: P0, Менеджер: Бахтибеков Мирен 👨‍💼 (Админ)
[2025-07-31 12:53:11] Операция: Обновление баланса клиента в таблице Клиенты
id Клиента: 11, Выплата/пополнение 366500, Баланс_новый: 3858050, Баланс_старый: 3491550
[2025-07-31 12:53:47] Операция: Внесение данных в таблицу Касса
id клиента: 11, Нал: 814600, comment: 30.07.2025 905 103,00 АВТОЗАПЧАСТЬ АМБ (наш долг), office: P0, Менеджер: Бахтибеков Мирен 👨‍💼 (Админ)
[2025-07-31 12:53:47] Операция: Обновление баланса клиента в таблице Клиенты
id Клиента: 11, Выплата/пополнение 814600, Баланс_новый: 4672650, Баланс_старый: 3858050
[2025-07-31 12:54:20] Операция: Внесение данных в таблицу Касса
id клиента: 11, Нал: 640850, comment: 30.07.2025 712 054,00 АВТОЗАПЧАСТЬ АМБ (наш долг), office: P0, Менеджер: Бахтибеков Мирен 👨‍💼 (Админ)
[2025-07-31 12:54:20] Операция: Обновление баланса клиента в таблице Клиенты
id Клиента: 11, Выплата/пополнение 640850, Баланс_новый: 5313500, Баланс_старый: 4672650
[2025-07-31 12:54:54] Операция: Внесение данных в таблицу Касса
id клиента: 11, Нал: 450200, comment: 30.07.2025 500 201,00 АВТОЗАПЧАСТЬ АМБ (наш долг), office: P0, Менеджер: Бахтибеков Мирен 👨‍💼 (Админ)
[2025-07-31 12:54:54] Операция: Обновление баланса клиента в таблице Клиенты
id Клиента: 11, Выплата/пополнение 450200, Баланс_новый: 5763700, Баланс_старый: 5313500
[2025-08-01 11:35:19] Операция: Внесение данных в таблицу Касса
id клиента: 210, Нал: 618, comment: % июнь, office: P0, Менеджер: Гирчев Роман 👨‍💼 (Админ)
[2025-08-01 11:35:19] Операция: Обновление баланса клиента в таблице Клиенты
id Клиента: 210, Выплата/пополнение 618, Баланс_новый: 1012, Баланс_старый: 394
[2025-08-01 11:36:21] Операция: Внесение данных в таблицу Касса
id клиента: 206, Нал: 3532, comment: % июнь общая, office: P0, Менеджер: Гирчев Роман 👨‍💼 (Админ)
[2025-08-01 11:36:21] Операция: Обновление баланса клиента в таблице Клиенты
id Клиента: 206, Выплата/пополнение 3532, Баланс_новый: 53532, Баланс_старый: 50000
[2025-08-01 11:36:38] Операция: Внесение данных в таблицу Касса
id клиента: 225, Нал: 27800, comment: , office: P0, Менеджер: Бахтибекова Елена 👩‍💼 (Админ)
[2025-08-01 11:36:38] Операция: Обновление баланса клиента в таблице Клиенты
id Клиента: 225, Выплата/пополнение 27800, Баланс_новый: 64500, Баланс_старый: 36700
[2025-08-01 11:37:28] Операция: Внесение данных в таблицу Касса
id клиента: 216, Нал: 2500, comment: , office: P0, Менеджер: Бахтибекова Елена 👩‍💼 (Админ)
[2025-08-01 11:37:28] Операция: Обновление баланса клиента в таблице Клиенты
id Клиента: 216, Выплата/пополнение 2500, Баланс_новый: -97440, Баланс_старый: -99940
[2025-08-01 11:37:55] Операция: Внесение данных в таблицу Касса
id клиента: 226, Нал: 10400, comment: , office: P0, Менеджер: Бахтибекова Елена 👩‍💼 (Админ)
[2025-08-01 11:37:55] Операция: Обновление баланса клиента в таблице Клиенты
id Клиента: 226, Выплата/пополнение 10400, Баланс_новый: 10400, Баланс_старый: 0
[2025-08-01 11:38:34] Операция: Внесение данных в таблицу Касса
id клиента: 231, Нал: 11800, comment: , office: P0, Менеджер: Бахтибекова Елена 👩‍💼 (Админ)
[2025-08-01 11:38:34] Операция: Обновление баланса клиента в таблице Клиенты
id Клиента: 231, Выплата/пополнение 11800, Баланс_новый: 11850, Баланс_старый: 50
[2025-08-01 11:39:07] Операция: Внесение данных в таблицу Касса
id клиента: 205, Нал: 20000, comment: , office: P0, Менеджер: Бахтибекова Елена 👩‍💼 (Админ)
[2025-08-01 11:39:07] Операция: Обновление баланса клиента в таблице Клиенты
id Клиента: 205, Выплата/пополнение 20000, Баланс_новый: 10563, Баланс_старый: -9437
[2025-08-01 11:40:07] Операция: Внесение данных в таблицу Касса
id клиента: 213, Нал: 25500, comment: , office: P0, Менеджер: Бахтибекова Елена 👩‍💼 (Админ)
[2025-08-01 11:40:07] Операция: Обновление баланса клиента в таблице Клиенты
id Клиента: 213, Выплата/пополнение 25500, Баланс_новый: 7638, Баланс_старый: -17862
[2025-08-01 11:40:44] Операция: Внесение данных в таблицу Касса
id клиента: 213, Нал: -9570, comment: карта 01.08.2025, office: P0, Менеджер: Бахтибекова Елена 👩‍💼 (Админ)
[2025-08-01 11:40:44] Операция: Обновление баланса клиента в таблице Клиенты
id Клиента: 213, Выплата/пополнение -9570, Баланс_новый: -1932, Баланс_старый: 7638
[2025-08-01 11:41:40] Операция: Внесение данных в таблицу Касса
id клиента: 204, Нал: 10800, comment: , office: P0, Менеджер: Бахтибекова Елена 👩‍💼 (Админ)
[2025-08-01 11:41:40] Операция: Обновление баланса клиента в таблице Клиенты
id Клиента: 204, Выплата/пополнение 10800, Баланс_новый: 10800, Баланс_старый: 0
[2025-08-01 11:42:40] Операция: Внесение данных в таблицу Касса
id клиента: 235, Нал: 19550, comment: , office: P0, Менеджер: Бахтибекова Елена 👩‍💼 (Админ)
[2025-08-01 11:42:40] Операция: Обновление баланса клиента в таблице Клиенты
id Клиента: 235, Выплата/пополнение 19550, Баланс_новый: 19556, Баланс_старый: 6
[2025-08-01 11:43:11] Операция: Внесение данных в таблицу Касса
id клиента: 235, Нал: -10167, comment: карта 01.08.2025, office: P0, Менеджер: Бахтибекова Елена 👩‍💼 (Админ)
[2025-08-01 11:43:11] Операция: Обновление баланса клиента в таблице Клиенты
id Клиента: 235, Выплата/пополнение -10167, Баланс_новый: 9389, Баланс_старый: 19556
[2025-08-01 11:44:04] Операция: Внесение данных в таблицу Касса
id клиента: 234, Нал: 8000, comment: , office: P0, Менеджер: Бахтибекова Елена 👩‍💼 (Админ)
[2025-08-01 11:44:04] Операция: Обновление баланса клиента в таблице Клиенты
id Клиента: 234, Выплата/пополнение 8000, Баланс_новый: 8000, Баланс_старый: 0
[2025-08-01 11:44:29] Операция: Внесение данных в таблицу Касса
id клиента: 208, Нал: 10200, comment: , office: P0, Менеджер: Бахтибекова Елена 👩‍💼 (Админ)
[2025-08-01 11:44:29] Операция: Обновление баланса клиента в таблице Клиенты
id Клиента: 208, Выплата/пополнение 10200, Баланс_новый: 10200, Баланс_старый: 0
[2025-08-01 11:44:59] Операция: Внесение данных в таблицу Касса
id клиента: 209, Нал: 13200, comment: , office: P0, Менеджер: Бахтибекова Елена 👩‍💼 (Админ)
[2025-08-01 11:44:59] Операция: Обновление баланса клиента в таблице Клиенты
id Клиента: 209, Выплата/пополнение 13200, Баланс_новый: 13200, Баланс_старый: 0
[2025-08-01 11:45:20] Операция: Внесение данных в таблицу Касса
id клиента: 209, Нал: -10350, comment: карта 01.08.2025, office: P0, Менеджер: Бахтибекова Елена 👩‍💼 (Админ)
[2025-08-01 11:45:20] Операция: Обновление баланса клиента в таблице Клиенты
id Клиента: 209, Выплата/пополнение -10350, Баланс_новый: 2850, Баланс_старый: 13200
[2025-08-01 11:47:03] Операция: Внесение данных в таблицу Касса
id клиента: 202, Нал: 1100, comment: , office: P0, Менеджер: Бахтибекова Елена 👩‍💼 (Админ)
[2025-08-01 11:47:03] Операция: Обновление баланса клиента в таблице Клиенты
id Клиента: 202, Выплата/пополнение 1100, Баланс_новый: -4624, Баланс_старый: -5724
[2025-08-01 11:48:11] Операция: Внесение данных в таблицу Касса
id клиента: 230, Нал: 26100, comment: , office: P0, Менеджер: Бахтибекова Елена 👩‍💼 (Админ)
[2025-08-01 11:48:11] Операция: Обновление баланса клиента в таблице Клиенты
id Клиента: 230, Выплата/пополнение 26100, Баланс_новый: 26135, Баланс_старый: 35
[2025-08-01 11:48:35] Операция: Внесение данных в таблицу Касса
id клиента: 230, Нал: -9986, comment: карта 01.08.2025, office: P0, Менеджер: Бахтибекова Елена 👩‍💼 (Админ)
[2025-08-01 11:48:35] Операция: Обновление баланса клиента в таблице Клиенты
id Клиента: 230, Выплата/пополнение -9986, Баланс_новый: 16149, Баланс_старый: 26135
[2025-08-01 11:49:43] Операция: Внесение данных в таблицу Касса
id клиента: 222, Нал: 15000, comment: , office: P0, Менеджер: Бахтибекова Елена 👩‍💼 (Админ)
[2025-08-01 11:49:43] Операция: Обновление баланса клиента в таблице Клиенты
id Клиента: 222, Выплата/пополнение 15000, Баланс_новый: 6578, Баланс_старый: -8422
[2025-08-01 11:51:00] Операция: Внесение данных в таблицу Касса
id клиента: 232, Нал: 6000, comment: , office: P0, Менеджер: Бахтибекова Елена 👩‍💼 (Админ)
[2025-08-01 11:51:00] Операция: Обновление баланса клиента в таблице Клиенты
id Клиента: 232, Выплата/пополнение 6000, Баланс_новый: 6000, Баланс_старый: 0
[2025-08-01 11:51:32] Операция: Внесение данных в таблицу Касса
id клиента: 207, Нал: 27500, comment: , office: P0, Менеджер: Бахтибекова Елена 👩‍💼 (Админ)
[2025-08-01 11:51:32] Операция: Обновление баланса клиента в таблице Клиенты
id Клиента: 207, Выплата/пополнение 27500, Баланс_новый: 47607, Баланс_старый: 20107
[2025-08-01 11:51:54] Операция: Внесение данных в таблицу Касса
id клиента: 207, Нал: -9986, comment: карта 01.08.2025, office: P0, Менеджер: Бахтибекова Елена 👩‍💼 (Админ)
[2025-08-01 11:51:54] Операция: Обновление баланса клиента в таблице Клиенты
id Клиента: 207, Выплата/пополнение -9986, Баланс_новый: 37621, Баланс_старый: 47607
[2025-08-01 11:52:36] Операция: Внесение данных в таблицу Касса
id клиента: 221, Нал: 10000, comment: , office: P0, Менеджер: Бахтибекова Елена 👩‍💼 (Админ)
[2025-08-01 11:52:36] Операция: Обновление баланса клиента в таблице Клиенты
id Клиента: 221, Выплата/пополнение 10000, Баланс_новый: 20265, Баланс_старый: 10265
[2025-08-01 11:53:18] Операция: Внесение данных в таблицу Касса
id клиента: 210, Нал: 34500, comment: , office: P0, Менеджер: Бахтибекова Елена 👩‍💼 (Админ)
[2025-08-01 11:53:18] Операция: Обновление баланса клиента в таблице Клиенты
id Клиента: 210, Выплата/пополнение 34500, Баланс_новый: 35512, Баланс_старый: 1012
[2025-08-01 11:53:51] Операция: Внесение данных в таблицу Касса
id клиента: 210, Нал: -9986, comment: карта 01.08.2025, office: P0, Менеджер: Бахтибекова Елена 👩‍💼 (Админ)
[2025-08-01 11:53:51] Операция: Обновление баланса клиента в таблице Клиенты
id Клиента: 210, Выплата/пополнение -9986, Баланс_новый: 25526, Баланс_старый: 35512
[2025-08-01 11:54:55] Операция: Внесение данных в таблицу Касса
id клиента: 228, Нал: 28000, comment: , office: P0, Менеджер: Бахтибекова Елена 👩‍💼 (Админ)
[2025-08-01 11:54:55] Операция: Обновление баланса клиента в таблице Клиенты
id Клиента: 228, Выплата/пополнение 28000, Баланс_новый: 50335, Баланс_старый: 22335
[2025-08-01 11:55:19] Операция: Внесение данных в таблицу Касса
id клиента: 228, Нал: -10350, comment: карта 01.08.2025, office: P0, Менеджер: Бахтибекова Елена 👩‍💼 (Админ)
[2025-08-01 11:55:19] Операция: Обновление баланса клиента в таблице Клиенты
id Клиента: 228, Выплата/пополнение -10350, Баланс_новый: 39985, Баланс_старый: 50335
[2025-08-01 11:56:31] Операция: Внесение данных в таблицу Касса
id клиента: 220, Нал: 35000, comment: , office: P0, Менеджер: Бахтибекова Елена 👩‍💼 (Админ)
[2025-08-01 11:56:31] Операция: Обновление баланса клиента в таблице Клиенты
id Клиента: 220, Выплата/пополнение 35000, Баланс_новый: 35000, Баланс_старый: 0
[2025-08-01 11:56:51] Операция: Внесение данных в таблицу Касса
id клиента: 220, Нал: -5175, comment: карта 01.08.2025, office: P0, Менеджер: Бахтибекова Елена 👩‍💼 (Админ)
[2025-08-01 11:56:51] Операция: Обновление баланса клиента в таблице Клиенты
id Клиента: 220, Выплата/пополнение -5175, Баланс_новый: 29825, Баланс_старый: 35000
[2025-08-01 11:57:37] Операция: Внесение данных в таблицу Касса
id клиента: 201, Нал: 35500, comment: , office: P0, Менеджер: Бахтибекова Елена 👩‍💼 (Админ)
[2025-08-01 11:57:37] Операция: Обновление баланса клиента в таблице Клиенты
id Клиента: 201, Выплата/пополнение 35500, Баланс_новый: 35500, Баланс_старый: 0
[2025-08-01 11:57:57] Операция: Внесение данных в таблицу Касса
id клиента: 201, Нал: -9986, comment: карта 01.08.2025, office: P0, Менеджер: Бахтибекова Елена 👩‍💼 (Админ)
[2025-08-01 11:57:57] Операция: Обновление баланса клиента в таблице Клиенты
id Клиента: 201, Выплата/пополнение -9986, Баланс_новый: 25514, Баланс_старый: 35500
[2025-08-01 11:58:46] Операция: Внесение данных в таблицу Касса
id клиента: 214, Нал: 36800, comment: , office: P0, Менеджер: Бахтибекова Елена 👩‍💼 (Админ)
[2025-08-01 11:58:46] Операция: Обновление баланса клиента в таблице Клиенты
id Клиента: 214, Выплата/пополнение 36800, Баланс_новый: -95775, Баланс_старый: -132575
[2025-08-01 11:59:06] Операция: Внесение данных в таблицу Касса
id клиента: 214, Нал: -10532, comment: карта 01.08.2025, office: P0, Менеджер: Бахтибекова Елена 👩‍💼 (Админ)
[2025-08-01 11:59:06] Операция: Обновление баланса клиента в таблице Клиенты
id Клиента: 214, Выплата/пополнение -10532, Баланс_новый: -106307, Баланс_старый: -95775
[2025-08-01 11:59:49] Операция: Внесение данных в таблицу Касса
id клиента: 223, Нал: 34200, comment: , office: P0, Менеджер: Бахтибекова Елена 👩‍💼 (Админ)
[2025-08-01 11:59:49] Операция: Обновление баланса клиента в таблице Клиенты
id Клиента: 223, Выплата/пополнение 34200, Баланс_новый: 34200, Баланс_старый: 0
[2025-08-01 12:00:09] Операция: Внесение данных в таблицу Касса
id клиента: 223, Нал: -9986, comment: карта 01.08.2025, office: P0, Менеджер: Бахтибекова Елена 👩‍💼 (Админ)
[2025-08-01 12:00:09] Операция: Обновление баланса клиента в таблице Клиенты
id Клиента: 223, Выплата/пополнение -9986, Баланс_новый: 24214, Баланс_старый: 34200
[2025-08-01 12:01:19] Операция: Внесение данных в таблицу Касса
id клиента: 212, Нал: 13450, comment: , office: P0, Менеджер: Бахтибекова Елена 👩‍💼 (Админ)
[2025-08-01 12:01:19] Операция: Обновление баланса клиента в таблице Клиенты
id Клиента: 212, Выплата/пополнение 13450, Баланс_новый: 7330, Баланс_старый: -6120
[2025-08-01 12:02:06] Операция: Внесение данных в таблицу Касса
id клиента: 203, Нал: 25000, comment: , office: P0, Менеджер: Бахтибекова Елена 👩‍💼 (Админ)
[2025-08-01 12:02:06] Операция: Обновление баланса клиента в таблице Клиенты
id Клиента: 203, Выплата/пополнение 25000, Баланс_новый: 25000, Баланс_старый: 0
[2025-08-01 12:02:24] Операция: Внесение данных в таблицу Касса
id клиента: 203, Нал: -9570, comment: карта 01.08.2025, office: P0, Менеджер: Бахтибекова Елена 👩‍💼 (Админ)
[2025-08-01 12:02:24] Операция: Обновление баланса клиента в таблице Клиенты
id Клиента: 203, Выплата/пополнение -9570, Баланс_новый: 15430, Баланс_старый: 25000
[2025-08-01 12:03:17] Операция: Внесение данных в таблицу Касса
id клиента: 218, Нал: 31000, comment: , office: P0, Менеджер: Бахтибекова Елена 👩‍💼 (Админ)
[2025-08-01 12:03:17] Операция: Обновление баланса клиента в таблице Клиенты
id Клиента: 218, Выплата/пополнение 31000, Баланс_новый: 31000, Баланс_старый: 0
[2025-08-01 12:04:34] Операция: Внесение данных в таблицу Касса
id клиента: 211, Нал: 15000, comment: , office: P0, Менеджер: Бахтибекова Елена 👩‍💼 (Админ)
[2025-08-01 12:04:34] Операция: Обновление баланса клиента в таблице Клиенты
id Клиента: 211, Выплата/пополнение 15000, Баланс_новый: 15387, Баланс_старый: 387
[2025-08-01 12:04:47] Операция: Внесение данных в таблицу Касса
id клиента: 211, Нал: -10167, comment: карта 01.08.2025, office: P0, Менеджер: Бахтибекова Елена 👩‍💼 (Админ)
[2025-08-01 12:04:47] Операция: Обновление баланса клиента в таблице Клиенты
id Клиента: 211, Выплата/пополнение -10167, Баланс_новый: 5220, Баланс_старый: 15387
[2025-08-01 12:06:35] Операция: Внесение данных в таблицу Касса
id клиента: 219, Нал: 35000, comment: , office: P0, Менеджер: Бахтибекова Елена 👩‍💼 (Админ)
[2025-08-01 12:06:35] Операция: Обновление баланса клиента в таблице Клиенты
id Клиента: 219, Выплата/пополнение 35000, Баланс_новый: -700000, Баланс_старый: -735000
[2025-08-01 12:07:29] Операция: Внесение данных в таблицу Касса
id клиента: 215, Нал: 45000, comment: , office: P0, Менеджер: Бахтибекова Елена 👩‍💼 (Админ)
[2025-08-01 12:07:29] Операция: Обновление баланса клиента в таблице Клиенты
id Клиента: 215, Выплата/пополнение 45000, Баланс_новый: 45000, Баланс_старый: 0
[2025-08-01 12:07:44] Операция: Внесение данных в таблицу Касса
id клиента: 215, Нал: -10584, comment: карта 01.08.2025, office: P0, Менеджер: Бахтибекова Елена 👩‍💼 (Админ)
[2025-08-01 12:07:44] Операция: Обновление баланса клиента в таблице Клиенты
id Клиента: 215, Выплата/пополнение -10584, Баланс_новый: 34416, Баланс_старый: 45000
[2025-08-01 12:08:06] Операция: Внесение данных в таблицу Касса
id клиента: 11, Нал: -270000, comment: Каляева, office: P11, Менеджер: Голубева Мария 👩‍💼 P11
[2025-08-01 12:08:06] Операция: Обновление баланса клиента в таблице Клиенты
id Клиента: 11, Баланс_новый: 5493700, Баланс_старый: 5763700
[2025-08-01 12:08:48] Операция: Внесение данных в таблицу Касса
id клиента: 224, Нал: 15000, comment: , office: P0, Менеджер: Бахтибекова Елена 👩‍💼 (Админ)
[2025-08-01 12:08:48] Операция: Обновление баланса клиента в таблице Клиенты
id Клиента: 224, Выплата/пополнение 15000, Баланс_новый: -108198, Баланс_старый: -123198
[2025-08-01 12:09:29] Операция: Внесение данных в таблицу Касса
id клиента: 206, Нал: 50000, comment: , office: P0, Менеджер: Бахтибекова Елена 👩‍💼 (Админ)
[2025-08-01 12:09:29] Операция: Обновление баланса клиента в таблице Клиенты
id Клиента: 206, Выплата/пополнение 50000, Баланс_новый: 103532, Баланс_старый: 53532
[2025-08-01 12:23:49] Операция: Внесение данных в таблицу Касса
id клиента: 201, Нал: -25514, comment: , office: P2, Менеджер: Анискина Ольга 👩‍💼 P2
[2025-08-01 12:23:49] Операция: Обновление баланса клиента в таблице Клиенты
id Клиента: 201, Баланс_новый: 0, Баланс_старый: 25514
[2025-08-01 12:24:03] Операция: Внесение данных в таблицу Касса
id клиента: 203, Нал: -15430, comment: , office: P2, Менеджер: Анискина Ольга 👩‍💼 P2
[2025-08-01 12:24:03] Операция: Обновление баланса клиента в таблице Клиенты
id Клиента: 203, Баланс_новый: 0, Баланс_старый: 15430
[2025-08-01 12:36:24] Операция: Внесение данных в таблицу Касса
id клиента: 209, Нал: -2850, comment: , office: K12, Менеджер: Гришина Надежда 👩‍💼 K12
[2025-08-01 12:36:24] Операция: Обновление баланса клиента в таблице Клиенты
id Клиента: 209, Баланс_новый: 0, Баланс_старый: 2850
[2025-08-01 12:43:26] Операция: Внесение данных в таблицу Касса
id клиента: 228, Нал: -39985, comment: , office: K12, Менеджер: Гришина Надежда 👩‍💼 K12
[2025-08-01 12:43:26] Операция: Обновление баланса клиента в таблице Клиенты
id Клиента: 228, Баланс_новый: 0, Баланс_старый: 39985
[2025-08-01 12:46:18] Операция: Внесение данных в таблицу Касса
id клиента: 215, Нал: -20000, comment: , office: P1, Менеджер: Бунчина Ирина 👩‍💼 P1
[2025-08-01 12:46:18] Операция: Обновление баланса клиента в таблице Клиенты
id Клиента: 215, Баланс_новый: 14416, Баланс_старый: 34416
[2025-08-01 12:53:18] Операция: Внесение данных в таблицу Касса
id клиента: 220, Нал: -29825, comment: , office: Z6, Менеджер: Соловков Александр 👨‍💼 Z6
[2025-08-01 12:53:18] Операция: Обновление баланса клиента в таблице Клиенты
id Клиента: 220, Баланс_новый: 0, Баланс_старый: 29825
[2025-08-01 12:56:33] Операция: Внесение данных в таблицу Касса
id клиента: 214, Нал: -26200, comment: , office: P5, Менеджер: Фролова Ирина 👩‍💼 P5
[2025-08-01 12:56:33] Операция: Обновление баланса клиента в таблице Клиенты
id Клиента: 214, Баланс_новый: -132507, Баланс_старый: -106307
[2025-08-01 13:04:27] Операция: Внесение данных в таблицу Касса
id клиента: 206, Нал: -103532, comment: , office: S8, Менеджер: Гирчева Ольга 👩‍💼 S8
[2025-08-01 13:04:27] Операция: Обновление баланса клиента в таблице Клиенты
id Клиента: 206, Баланс_новый: 0, Баланс_старый: 103532
[2025-08-01 13:06:24] Операция: Внесение данных в таблицу Касса
id клиента: 207, Нал: -37621, comment: , office: S8, Менеджер: Гирчева Ольга 👩‍💼 S8
[2025-08-01 13:06:24] Операция: Обновление баланса клиента в таблице Клиенты
id Клиента: 207, Баланс_новый: 0, Баланс_старый: 37621
[2025-08-01 13:33:57] Операция: Внесение данных в таблицу Касса
id клиента: 11, Нал: -525700, comment: Калинина, office: P7, Менеджер: Алпатова Оксана 👩‍💼 P7
[2025-08-01 13:33:57] Операция: Обновление баланса клиента в таблице Клиенты
id Клиента: 11, Баланс_новый: 4968000, Баланс_старый: 5493700
[2025-08-01 14:00:19] Операция: Внесение данных в таблицу Касса
id клиента: 231, Нал: -11850, comment: , office: P7, Менеджер: Алпатова Оксана 👩‍💼 P7
[2025-08-01 14:00:19] Операция: Обновление баланса клиента в таблице Клиенты
id Клиента: 231, Баланс_новый: 0, Баланс_старый: 11850
[2025-08-01 14:14:39] Операция: Внесение данных в таблицу Касса
id клиента: 224, Нал: -15700, comment: , office: P2, Менеджер: Анискина Ольга 👩‍💼 P2
[2025-08-01 14:14:39] Операция: Обновление баланса клиента в таблице Клиенты
id Клиента: 224, Баланс_новый: -123898, Баланс_старый: -108198
[2025-08-01 14:19:07] Операция: Внесение данных в таблицу Касса
id клиента: 225, Нал: -64500, comment: , office: P7, Менеджер: Алпатова Оксана 👩‍💼 P7
[2025-08-01 14:19:07] Операция: Обновление баланса клиента в таблице Клиенты
id Клиента: 225, Баланс_новый: 0, Баланс_старый: 64500
[2025-08-01 14:19:37] Операция: Внесение данных в таблицу Касса
id клиента: 204, Нал: -10800, comment: , office: P7, Менеджер: Алпатова Оксана 👩‍💼 P7
[2025-08-01 14:19:37] Операция: Обновление баланса клиента в таблице Клиенты
id Клиента: 204, Баланс_новый: 0, Баланс_старый: 10800
[2025-08-01 14:57:43] Операция: Внесение данных в таблицу Касса
id клиента: 232, Нал: -6000, comment: , office: P2, Менеджер: Анискина Ольга 👩‍💼 P2
[2025-08-01 14:57:43] Операция: Обновление баланса клиента в таблице Клиенты
id Клиента: 232, Баланс_новый: 0, Баланс_старый: 6000
[2025-08-01 16:00:07] Операция: Внесение данных в таблицу Касса
id клиента: 205, Нал: -10563, comment: , office: P1, Менеджер: Бунчина Ирина 👩‍💼 P1
[2025-08-01 16:00:07] Операция: Обновление баланса клиента в таблице Клиенты
id Клиента: 205, Баланс_новый: 0, Баланс_старый: 10563
[2025-08-01 16:05:28] Операция: Внесение данных в таблицу Касса
id клиента: 223, Нал: -24200, comment: , office: P11, Менеджер: Голубева Мария 👩‍💼 P11
[2025-08-01 16:05:28] Операция: Обновление баланса клиента в таблице Клиенты
id Клиента: 223, Баланс_новый: 14, Баланс_старый: 24214
[2025-08-01 16:36:23] Операция: Внесение данных в таблицу Касса
id клиента: 234, Нал: -8000, comment: , office: P7, Менеджер: Алпатова Оксана 👩‍💼 P7
[2025-08-01 16:36:23] Операция: Обновление баланса клиента в таблице Клиенты
id Клиента: 234, Баланс_новый: 0, Баланс_старый: 8000
[2025-08-01 18:04:46] Операция: Внесение данных в таблицу Касса
id клиента: 218, Нал: -31000, comment: , office: P1, Менеджер: Бунчина Ирина 👩‍💼 P1
[2025-08-01 18:04:46] Операция: Обновление баланса клиента в таблице Клиенты
id Клиента: 218, Баланс_новый: 0, Баланс_старый: 31000
[2025-08-02 10:07:45] Операция: Внесение данных в таблицу Касса
id клиента: 215, Нал: -4416, comment: , office: P1, Менеджер: Бунчина Ирина 👩‍💼 P1
[2025-08-02 10:07:45] Операция: Обновление баланса клиента в таблице Клиенты
id Клиента: 215, Баланс_новый: 10000, Баланс_старый: 14416
[2025-08-02 10:53:53] Операция: Внесение данных в таблицу Касса
id клиента: 226, Нал: 5000, comment: , office: P0, Менеджер: Бахтибекова Елена 👩‍💼 (Админ)
[2025-08-02 10:53:53] Операция: Обновление баланса клиента в таблице Клиенты
id Клиента: 226, Выплата/пополнение 5000, Баланс_новый: 15400, Баланс_старый: 10400
[2025-08-02 10:54:25] Операция: Внесение данных в таблицу Касса
id клиента: 234, Нал: 4000, comment: , office: P0, Менеджер: Бахтибекова Елена 👩‍💼 (Админ)
[2025-08-02 10:54:25] Операция: Обновление баланса клиента в таблице Клиенты
id Клиента: 234, Выплата/пополнение 4000, Баланс_новый: 4000, Баланс_старый: 0
[2025-08-02 10:54:47] Операция: Внесение данных в таблицу Касса
id клиента: 208, Нал: 4700, comment: , office: P0, Менеджер: Бахтибекова Елена 👩‍💼 (Админ)
[2025-08-02 10:54:47] Операция: Обновление баланса клиента в таблице Клиенты
id Клиента: 208, Выплата/пополнение 4700, Баланс_новый: 14900, Баланс_старый: 10200
[2025-08-02 10:55:09] Операция: Внесение данных в таблицу Касса
id клиента: 202, Нал: 2200, comment: , office: P0, Менеджер: Бахтибекова Елена 👩‍💼 (Админ)
[2025-08-02 10:55:09] Операция: Обновление баланса клиента в таблице Клиенты
id Клиента: 202, Выплата/пополнение 2200, Баланс_новый: -1324, Баланс_старый: -3524
[2025-08-02 10:55:40] Операция: Внесение данных в таблицу Касса
id клиента: 229, Нал: 5800, comment: , office: P0, Менеджер: Бахтибекова Елена 👩‍💼 (Админ)
[2025-08-02 10:55:40] Операция: Обновление баланса клиента в таблице Клиенты
id Клиента: 229, Выплата/пополнение 5800, Баланс_новый: 6100, Баланс_старый: 300
[2025-08-02 10:56:16] Операция: Внесение данных в таблицу Касса
id клиента: 232, Нал: 1500, comment: , office: P0, Менеджер: Бахтибекова Елена 👩‍💼 (Админ)
[2025-08-02 10:56:16] Операция: Обновление баланса клиента в таблице Клиенты
id Клиента: 232, Выплата/пополнение 1500, Баланс_новый: 1500, Баланс_старый: 0
[2025-08-02 11:29:03] Операция: Внесение данных в таблицу Касса
id клиента: 226, Нал: -15400, comment: , office: P1, Менеджер: Бунчина Ирина 👩‍💼 P1
[2025-08-02 11:29:03] Операция: Обновление баланса клиента в таблице Клиенты
id Клиента: 226, Баланс_новый: 0, Баланс_старый: 15400
[2025-08-02 11:29:31] Операция: Внесение данных в таблицу Касса
id клиента: 235, Нал: -350, comment: , office: P7, Менеджер: Алпатова Оксана 👩‍💼 P7
[2025-08-02 11:29:31] Операция: Обновление баланса клиента в таблице Клиенты
id Клиента: 235, Баланс_новый: 9039, Баланс_старый: 9389
[2025-08-02 11:53:17] Операция: Внесение данных в таблицу Касса
id клиента: 216, Нал: -2500, comment: , office: P7, Менеджер: Алпатова Оксана 👩‍💼 P7
[2025-08-02 11:53:17] Операция: Обновление баланса клиента в таблице Клиенты
id Клиента: 216, Баланс_новый: -99940, Баланс_старый: -97440
[2025-08-02 12:24:21] Операция: Внесение данных в таблицу Касса
id клиента: 229, Нал: -6000, comment: , office: P5, Менеджер: Фролова Ирина 👩‍💼 P5
[2025-08-02 12:24:21] Операция: Обновление баланса клиента в таблице Клиенты
id Клиента: 229, Баланс_новый: 100, Баланс_старый: 6100
[2025-08-02 14:46:48] Операция: Внесение данных в таблицу Касса
id клиента: 234, Нал: -4000, comment: , office: P7, Менеджер: Алпатова Оксана 👩‍💼 P7
[2025-08-02 14:46:48] Операция: Обновление баланса клиента в таблице Клиенты
id Клиента: 234, Баланс_новый: 0, Баланс_старый: 4000
[2025-08-02 15:18:46] Операция: Внесение данных в таблицу Касса
id клиента: 208, Нал: -14900, comment: , office: P11, Менеджер: Голубева Мария 👩‍💼 P11
[2025-08-02 15:18:46] Операция: Обновление баланса клиента в таблице Клиенты
id Клиента: 208, Баланс_новый: 0, Баланс_старый: 14900
[2025-08-04 14:07:05] Операция: Внесение данных в таблицу Касса
id клиента: 11, Нал: -759600, comment: Калинина, office: P7, Менеджер: Алпатова Оксана 👩‍💼 P7
[2025-08-04 14:07:05] Операция: Обновление баланса клиента в таблице Клиенты
id Клиента: 11, Баланс_новый: 4208400, Баланс_старый: 4968000
[2025-08-04 15:54:37] Операция: Внесение данных в таблицу Касса
id клиента: 210, Нал: -25500, comment: , office: S4, Менеджер: Занчев Олег 👨‍💼 S4
[2025-08-04 15:54:37] Операция: Обновление баланса клиента в таблице Клиенты
id Клиента: 210, Баланс_новый: 26, Баланс_старый: 25526
[2025-08-04 15:58:25] Операция: Внесение данных в таблицу Касса
id клиента: 230, Нал: -16000, comment: , office: P5, Менеджер: Фролова Ирина 👩‍💼 P5
[2025-08-04 15:58:25] Операция: Обновление баланса клиента в таблице Клиенты
id Клиента: 230, Баланс_новый: 149, Баланс_старый: 16149
[2025-08-04 16:33:37] Операция: Внесение данных в таблицу Касса
id клиента: 215, Нал: -3000, comment: , office: P1, Менеджер: Бунчина Ирина 👩‍💼 P1
[2025-08-04 16:33:37] Операция: Обновление баланса клиента в таблице Клиенты
id Клиента: 215, Баланс_новый: 7000, Баланс_старый: 10000
[2025-08-05 11:33:38] Операция: Внесение данных в таблицу Касса
id клиента: 221, Нал: -20265, comment: , office: S4, Менеджер: Сонина Наталья 👩‍💼 S4
[2025-08-05 11:33:38] Операция: Обновление баланса клиента в таблице Клиенты
id Клиента: 221, Баланс_новый: 0, Баланс_старый: 20265
[2025-08-05 12:05:23] Операция: Внесение данных в таблицу Касса
id клиента: 224, Нал: 50000, comment: , office: P0, Менеджер: Бахтибекова Елена 👩‍💼 (Админ)
[2025-08-05 12:05:23] Операция: Обновление баланса клиента в таблице Клиенты
id Клиента: 224, Выплата/пополнение 50000, Баланс_новый: -73898, Баланс_старый: -123898
[2025-08-05 17:37:06] Операция: Внесение данных в таблицу Касса
id клиента: 216, Нал: 9250, comment: , office: P0, Менеджер: Шестаков Дмитрий 👨‍💼 (Админ)
[2025-08-05 17:37:06] Операция: Обновление баланса клиента в таблице Клиенты
id Клиента: 216, Выплата/пополнение 9250, Баланс_новый: -90690, Баланс_старый: -99940
[2025-08-05 17:38:30] Операция: Внесение данных в таблицу Касса
id клиента: 216, Нал: -7000, comment: , office: P7, Менеджер: Алпатова Оксана 👩‍💼 P7
[2025-08-05 17:38:30] Операция: Обновление баланса клиента в таблице Клиенты
id Клиента: 216, Баланс_новый: -97690, Баланс_старый: -90690
[2025-08-05 17:51:54] Операция: Внесение данных в таблицу Касса
id клиента: 224, Нал: -50000, comment: , office: P1, Менеджер: Бунчина Ирина 👩‍💼 P1
[2025-08-05 17:51:54] Операция: Обновление баланса клиента в таблице Клиенты
id Клиента: 224, Баланс_новый: -123898, Баланс_старый: -73898
[2025-08-06 10:09:28] Операция: Внесение данных в таблицу Касса
id клиента: 216, Нал: -2000, comment: , office: P7, Менеджер: Алпатова Оксана 👩‍💼 P7
[2025-08-06 10:09:28] Операция: Обновление баланса клиента в таблице Клиенты
id Клиента: 216, Баланс_новый: -99690, Баланс_старый: -97690
[2025-08-06 17:23:25] Операция: Внесение данных в таблицу Касса
id клиента: 235, Нал: -6000, comment: , office: P7, Менеджер: Алпатова Оксана 👩‍💼 P7
[2025-08-06 17:23:25] Операция: Обновление баланса клиента в таблице Клиенты
id Клиента: 235, Баланс_новый: 3039, Баланс_старый: 9039
[2025-08-06 18:46:11] Операция: Внесение данных в таблицу Касса
id клиента: 215, Нал: -3000, comment: , office: P1, Менеджер: Бунчина Ирина 👩‍💼 P1
[2025-08-06 18:46:11] Операция: Обновление баланса клиента в таблице Клиенты
id Клиента: 215, Баланс_новый: 4000, Баланс_старый: 7000
[2025-08-07 11:13:15] Операция: Внесение данных в таблицу Касса
id клиента: 11, Нал: -1176650, comment: Калинина, office: P7, Менеджер: Алпатова Оксана 👩‍💼 P7
[2025-08-07 11:13:15] Операция: Обновление баланса клиента в таблице Клиенты
id Клиента: 11, Баланс_новый: 3031750, Баланс_старый: 4208400
[2025-08-07 12:00:03] Операция: Внесение данных в таблицу Касса
id клиента: 220, Нал: 4441, comment: % июль, office: P0, Менеджер: Бахтибекова Елена 👩‍💼 (Админ)
[2025-08-07 12:00:03] Операция: Обновление баланса клиента в таблице Клиенты
id Клиента: 220, Выплата/пополнение 4441, Баланс_новый: 4441, Баланс_старый: 0
[2025-08-07 12:33:01] Операция: Внесение данных в таблицу Касса
id клиента: 220, Нал: -4441, comment: % июль, office: Z6, Менеджер: Соловков Александр 👨‍💼 Z6
[2025-08-07 12:33:01] Операция: Обновление баланса клиента в таблице Клиенты
id Клиента: 220, Баланс_новый: 0, Баланс_старый: 4441
[2025-08-07 18:10:04] Операция: Внесение данных в таблицу Касса
id клиента: 219, Нал: -1125, comment: штраф, office: P0, Менеджер: Бахтибекова Елена 👩‍💼 (Админ)
[2025-08-07 18:10:04] Операция: Обновление баланса клиента в таблице Клиенты
id Клиента: 219, Выплата/пополнение -1125, Баланс_новый: -701125, Баланс_старый: -700000
[2025-08-08 09:18:37] Операция: Внесение данных в таблицу Касса
id клиента: 215, Нал: -4000, comment: , office: P1, Менеджер: Бунчина Ирина 👩‍💼 P1
[2025-08-08 09:18:37] Операция: Обновление баланса клиента в таблице Клиенты
id Клиента: 215, Баланс_новый: 0, Баланс_старый: 4000
[2025-08-08 12:44:35] Операция: Внесение данных в таблицу Касса
id клиента: 209, Нал: 15400, comment: , office: P0, Менеджер: Бахтибекова Елена 👩‍💼 (Админ)
[2025-08-08 12:44:35] Операция: Обновление баланса клиента в таблице Клиенты
id Клиента: 209, Выплата/пополнение 15400, Баланс_новый: 15400, Баланс_старый: 0
[2025-08-08 13:16:34] Операция: Внесение данных в таблицу Касса
id клиента: 209, Нал: -15400, comment: , office: K12, Менеджер: Гришина Надежда 👩‍💼 K12
[2025-08-08 13:16:34] Операция: Обновление баланса клиента в таблице Клиенты
id Клиента: 209, Баланс_новый: 0, Баланс_старый: 15400
[2025-08-08 13:23:16] Операция: Внесение данных в таблицу Касса
id клиента: 11, Нал: -814600, comment: Калинина, office: P7, Менеджер: Алпатова Оксана 👩‍💼 P7
[2025-08-08 13:23:16] Операция: Обновление баланса клиента в таблице Клиенты
id Клиента: 11, Баланс_новый: 1457550, Баланс_старый: 2272150
[2025-08-08 16:51:27] Операция: Внесение данных в таблицу Касса
id клиента: 235, Нал: -3000, comment: , office: P7, Менеджер: Алпатова Оксана 👩‍💼 P7
[2025-08-08 16:51:27] Операция: Обновление баланса клиента в таблице Клиенты
id Клиента: 235, Баланс_новый: 39, Баланс_старый: 3039
[2025-08-09 10:10:36] Операция: Внесение данных в таблицу Касса
id клиента: 216, Нал: 11700, comment: , office: P0, Менеджер: Бахтибекова Елена 👩‍💼 (Админ)
[2025-08-09 10:10:36] Операция: Обновление баланса клиента в таблице Клиенты
id Клиента: 216, Выплата/пополнение 11700, Баланс_новый: -87990, Баланс_старый: -99690
[2025-08-09 10:10:58] Операция: Внесение данных в таблицу Касса
id клиента: 226, Нал: 15600, comment: , office: P0, Менеджер: Бахтибекова Елена 👩‍💼 (Админ)
[2025-08-09 10:10:58] Операция: Обновление баланса клиента в таблице Клиенты
id Клиента: 226, Выплата/пополнение 15600, Баланс_новый: 15600, Баланс_старый: 0
[2025-08-09 10:11:21] Операция: Внесение данных в таблицу Касса
id клиента: 231, Нал: 12500, comment: , office: P0, Менеджер: Бахтибекова Елена 👩‍💼 (Админ)
[2025-08-09 10:11:21] Операция: Обновление баланса клиента в таблице Клиенты
id Клиента: 231, Выплата/пополнение 12500, Баланс_новый: 12500, Баланс_старый: 0
[2025-08-09 10:12:03] Операция: Внесение данных в таблицу Касса
id клиента: 234, Нал: 12000, comment: , office: P0, Менеджер: Бахтибекова Елена 👩‍💼 (Админ)
[2025-08-09 10:12:03] Операция: Обновление баланса клиента в таблице Клиенты
id Клиента: 234, Выплата/пополнение 12000, Баланс_новый: 12000, Баланс_старый: 0
[2025-08-09 10:12:26] Операция: Внесение данных в таблицу Касса
id клиента: 208, Нал: 13800, comment: , office: P0, Менеджер: Бахтибекова Елена 👩‍💼 (Админ)
[2025-08-09 10:12:26] Операция: Обновление баланса клиента в таблице Клиенты
id Клиента: 208, Выплата/пополнение 13800, Баланс_новый: 13800, Баланс_старый: 0
[2025-08-09 10:13:06] Операция: Внесение данных в таблицу Касса
id клиента: 202, Нал: 13200, comment: , office: P0, Менеджер: Бахтибекова Елена 👩‍💼 (Админ)
[2025-08-09 10:13:06] Операция: Обновление баланса клиента в таблице Клиенты
id Клиента: 202, Выплата/пополнение 13200, Баланс_новый: 11876, Баланс_старый: -1324
[2025-08-09 10:13:33] Операция: Внесение данных в таблицу Касса
id клиента: 229, Нал: 2900, comment: , office: P0, Менеджер: Бахтибекова Елена 👩‍💼 (Админ)
[2025-08-09 10:13:33] Операция: Обновление баланса клиента в таблице Клиенты
id Клиента: 229, Выплата/пополнение 2900, Баланс_новый: 3000, Баланс_старый: 100
[2025-08-09 10:18:30] Операция: Внесение данных в таблицу Касса
id клиента: 216, Нал: -7950, comment: , office: P7, Менеджер: Алпатова Оксана 👩‍💼 P7
[2025-08-09 10:18:30] Операция: Обновление баланса клиента в таблице Клиенты
id Клиента: 216, Баланс_новый: -95940, Баланс_старый: -87990
[2025-08-09 10:18:43] Операция: Внесение данных в таблицу Касса
id клиента: 231, Нал: -12500, comment: , office: P7, Менеджер: Алпатова Оксана 👩‍💼 P7
[2025-08-09 10:18:43] Операция: Обновление баланса клиента в таблице Клиенты
id Клиента: 231, Баланс_новый: 0, Баланс_старый: 12500
[2025-08-09 10:20:15] Операция: Внесение данных в таблицу Касса
id клиента: 216, Нал: -4000, comment: , office: P1, Менеджер: Бунчина Ирина 👩‍💼 P1
[2025-08-09 10:20:15] Операция: Обновление баланса клиента в таблице Клиенты
id Клиента: 216, Баланс_новый: -99940, Баланс_старый: -95940
[2025-08-09 10:45:52] Операция: Внесение данных в таблицу Касса
id клиента: 202, Нал: -11876, comment: Зарплата, office: P2, Менеджер: Анискина Ольга 👩‍💼 P2
[2025-08-09 10:45:52] Операция: Обновление баланса клиента в таблице Клиенты
id Клиента: 202, Баланс_новый: 0, Баланс_старый: 11876
[2025-08-09 11:07:44] Операция: Внесение данных в таблицу Касса
id клиента: 232, Нал: -1500, comment: Зарплата, office: P2, Менеджер: Анискина Ольга 👩‍💼 P2
[2025-08-09 11:07:44] Операция: Обновление баланса клиента в таблице Клиенты
id Клиента: 232, Баланс_новый: 0, Баланс_старый: 1500
[2025-08-09 12:03:18] Операция: Внесение данных в таблицу Касса
id клиента: 208, Нал: -13800, comment: , office: P11, Менеджер: Голубева Мария 👩‍💼 P11
[2025-08-09 12:03:18] Операция: Обновление баланса клиента в таблице Клиенты
id Клиента: 208, Баланс_новый: 0, Баланс_старый: 13800
[2025-08-09 12:40:18] Операция: Внесение данных в таблицу Касса
id клиента: 226, Нал: -15600, comment: , office: P1, Менеджер: Бунчина Ирина 👩‍💼 P1
[2025-08-09 12:40:18] Операция: Обновление баланса клиента в таблице Клиенты
id Клиента: 226, Баланс_новый: 0, Баланс_старый: 15600
[2025-08-09 14:56:58] Операция: Внесение данных в таблицу Касса
id клиента: 229, Нал: -3000, comment: , office: P5, Менеджер: Фролова Ирина 👩‍💼 P5
[2025-08-09 14:56:58] Операция: Обновление баланса клиента в таблице Клиенты
id Клиента: 229, Баланс_новый: 0, Баланс_старый: 3000
[2025-08-11 11:03:41] Операция: Внесение данных в таблицу Касса
id клиента: 11, Нал: 703100, comment: 08.08.2025 781 204,00 ТЕХПАРТ (наш долг), office: P0, Менеджер: Бахтибеков Мирен 👨‍💼 (Админ)
[2025-08-11 11:03:41] Операция: Обновление баланса клиента в таблице Клиенты
id Клиента: 11, Выплата/пополнение 703100, Баланс_новый: 2160650, Баланс_старый: 1457550
[2025-08-11 15:10:40] Операция: Внесение данных в таблицу Касса
id клиента: 11, Нал: -1007350, comment: Калинина, office: P7, Менеджер: Алпатова Оксана 👩‍💼 P7
[2025-08-11 15:10:40] Операция: Обновление баланса клиента в таблице Клиенты
id Клиента: 11, Баланс_новый: 1153300, Баланс_старый: 2160650
[2025-08-12 16:20:21] Операция: Внесение данных в таблицу Касса
id клиента: 222, Нал: -5000, comment: , office: P5, Менеджер: Фролова Ирина 👩‍💼 P5
[2025-08-12 16:20:21] Операция: Обновление баланса клиента в таблице Клиенты
id Клиента: 222, Баланс_новый: 1578, Баланс_старый: 6578
[2025-08-12 17:02:15] Операция: Внесение данных в таблицу Касса
id клиента: 211, Нал: 30000, comment: , office: P0, Менеджер: Бахтибекова Елена 👩‍💼 (Админ)
[2025-08-12 17:02:15] Операция: Обновление баланса клиента в таблице Клиенты
id Клиента: 211, Выплата/пополнение 30000, Баланс_новый: 35220, Баланс_старый: 5220
[2025-08-12 17:03:19] Операция: Внесение данных в таблицу Касса
id клиента: 211, Нал: -20000, comment: , office: P5, Менеджер: Фролова Ирина 👩‍💼 P5
[2025-08-12 17:03:19] Операция: Обновление баланса клиента в таблице Клиенты
id Клиента: 211, Баланс_новый: 15220, Баланс_старый: 35220
[2025-08-13 11:57:22] Операция: Внесение данных в таблицу Касса
id клиента: 11, Нал: -703100, comment: Калинина, office: P7, Менеджер: Алпатова Оксана 👩‍💼 P7
[2025-08-13 11:57:22] Операция: Обновление баланса клиента в таблице Клиенты
id Клиента: 11, Баланс_новый: 450200, Баланс_старый: 1153300
[2025-08-14 11:11:36] Операция: Внесение данных в таблицу Касса
id клиента: 11, Нал: 721950, comment: 13.08.2025 802 154,00 АВТОЗАПЧАСТЬ АМБ (наш долг), office: P0, Менеджер: Бахтибеков Мирен 👨‍💼 (Админ)
[2025-08-14 11:11:36] Операция: Обновление баланса клиента в таблице Клиенты
id Клиента: 11, Выплата/пополнение 721950, Баланс_новый: 1172150, Баланс_старый: 450200
[2025-08-14 11:12:14] Операция: Внесение данных в таблицу Касса
id клиента: 11, Нал: 493450, comment: 13.08.2025 548 271,00 АВТОЗАПЧАСТЬ АМБ (наш долг), office: P0, Менеджер: Бахтибеков Мирен 👨‍💼 (Админ)
[2025-08-14 11:12:14] Операция: Обновление баланса клиента в таблице Клиенты
id Клиента: 11, Выплата/пополнение 493450, Баланс_новый: 1665600, Баланс_старый: 1172150
[2025-08-14 11:12:50] Операция: Внесение данных в таблицу Касса
id клиента: 11, Нал: 656200, comment: 13.08.2025 729 104,00 АВТОЗАПЧАСТЬ АМБ (наш долг), office: P0, Менеджер: Бахтибеков Мирен 👨‍💼 (Админ)
[2025-08-14 11:12:50] Операция: Обновление баланса клиента в таблице Клиенты
id Клиента: 11, Выплата/пополнение 656200, Баланс_новый: 2321800, Баланс_старый: 1665600
[2025-08-15 10:53:22] Операция: Внесение данных в таблицу Касса
id клиента: 214, Нал: 11370, comment: % июль, office: P0, Менеджер: Бахтибекова Елена 👩‍💼 (Админ)
[2025-08-15 10:53:22] Операция: Обновление баланса клиента в таблице Клиенты
id Клиента: 214, Выплата/пополнение 11370, Баланс_новый: -121137, Баланс_старый: -132507
[2025-08-15 10:53:46] Операция: Внесение данных в таблицу Касса
id клиента: 201, Нал: 24221, comment: % июль, office: P0, Менеджер: Бахтибекова Елена 👩‍💼 (Админ)
[2025-08-15 10:53:46] Операция: Обновление баланса клиента в таблице Клиенты
id Клиента: 201, Выплата/пополнение 24221, Баланс_новый: 24221, Баланс_старый: 0
[2025-08-15 11:15:14] Операция: Внесение данных в таблицу Касса
id клиента: 203, Нал: -18147, comment: отп карта 15.08.2025, office: P0, Менеджер: Бахтибекова Елена 👩‍💼 (Админ)
[2025-08-15 11:15:14] Операция: Обновление баланса клиента в таблице Клиенты
id Клиента: 203, Выплата/пополнение -18147, Баланс_новый: -18147, Баланс_старый: 0
[2025-08-15 11:16:04] Операция: Внесение данных в таблицу Касса
id клиента: 225, Нал: 35000, comment: , office: P0, Менеджер: Бахтибекова Елена 👩‍💼 (Админ)
[2025-08-15 11:16:04] Операция: Обновление баланса клиента в таблице Клиенты
id Клиента: 225, Выплата/пополнение 35000, Баланс_новый: 35000, Баланс_старый: 0
[2025-08-15 11:16:50] Операция: Внесение данных в таблицу Касса
id клиента: 205, Нал: 30000, comment: , office: P0, Менеджер: Бахтибекова Елена 👩‍💼 (Админ)
[2025-08-15 11:16:50] Операция: Обновление баланса клиента в таблице Клиенты
id Клиента: 205, Выплата/пополнение 30000, Баланс_новый: 30000, Баланс_старый: 0
[2025-08-15 11:17:13] Операция: Внесение данных в таблицу Касса
id клиента: 205, Нал: -3040, comment: карта 15.08.2025, office: P0, Менеджер: Бахтибекова Елена 👩‍💼 (Админ)
[2025-08-15 11:17:13] Операция: Обновление баланса клиента в таблице Клиенты
id Клиента: 205, Выплата/пополнение -3040, Баланс_новый: 26960, Баланс_старый: 30000
[2025-08-15 11:18:14] Операция: Внесение данных в таблицу Касса
id клиента: 213, Нал: 2500, comment: , office: P0, Менеджер: Бахтибекова Елена 👩‍💼 (Админ)
[2025-08-15 11:18:14] Операция: Обновление баланса клиента в таблице Клиенты
id Клиента: 213, Выплата/пополнение 2500, Баланс_новый: 568, Баланс_старый: -1932
[2025-08-15 11:18:52] Операция: Внесение данных в таблицу Касса
id клиента: 204, Нал: 20700, comment: , office: P0, Менеджер: Бахтибекова Елена 👩‍💼 (Админ)
[2025-08-15 11:18:52] Операция: Обновление баланса клиента в таблице Клиенты
id Клиента: 204, Выплата/пополнение 20700, Баланс_новый: 20700, Баланс_старый: 0
[2025-08-15 11:19:21] Операция: Внесение данных в таблицу Касса
id клиента: 235, Нал: 11900, comment: , office: P0, Менеджер: Бахтибекова Елена 👩‍💼 (Админ)
[2025-08-15 11:19:21] Операция: Обновление баланса клиента в таблице Клиенты
id Клиента: 235, Выплата/пополнение 11900, Баланс_новый: 11939, Баланс_старый: 39
[2025-08-15 11:19:50] Операция: Внесение данных в таблицу Касса
id клиента: 235, Нал: -5966, comment: карта 15.08.2025, office: P0, Менеджер: Бахтибекова Елена 👩‍💼 (Админ)
[2025-08-15 11:19:50] Операция: Обновление баланса клиента в таблице Клиенты
id Клиента: 235, Выплата/пополнение -5966, Баланс_новый: 5973, Баланс_старый: 11939
[2025-08-15 11:23:24] Операция: Внесение данных в таблицу Касса
id клиента: 223, Нал: 2279, comment: % июль, office: P0, Менеджер: Бахтибекова Елена 👩‍💼 (Админ)
[2025-08-15 11:23:24] Операция: Обновление баланса клиента в таблице Клиенты
id Клиента: 223, Выплата/пополнение 2279, Баланс_новый: 2293, Баланс_старый: 14
[2025-08-15 11:23:31] Операция: Внесение данных в таблицу Касса
id клиента: 201, Нал: -24221, comment: Зарплата, office: P2, Менеджер: Анискина Ольга 👩‍💼 P2
[2025-08-15 11:23:31] Операция: Обновление баланса клиента в таблице Клиенты
id Клиента: 201, Баланс_новый: 0, Баланс_старый: 24221
[2025-08-15 11:24:45] Операция: Внесение данных в таблицу Касса
id клиента: 209, Нал: 13200, comment: , office: P0, Менеджер: Бахтибекова Елена 👩‍💼 (Админ)
[2025-08-15 11:24:45] Операция: Обновление баланса клиента в таблице Клиенты
id Клиента: 209, Выплата/пополнение 13200, Баланс_новый: 13200, Баланс_старый: 0
[2025-08-15 11:25:08] Операция: Внесение данных в таблицу Касса
id клиента: 209, Нал: -10937, comment: карта 15.08.2025, office: P0, Менеджер: Бахтибекова Елена 👩‍💼 (Админ)
[2025-08-15 11:25:08] Операция: Обновление баланса клиента в таблице Клиенты
id Клиента: 209, Выплата/пополнение -10937, Баланс_новый: 2263, Баланс_старый: 13200
[2025-08-15 11:26:40] Операция: Внесение данных в таблицу Касса
id клиента: 230, Нал: 29000, comment: , office: P0, Менеджер: Бахтибекова Елена 👩‍💼 (Админ)
[2025-08-15 11:26:40] Операция: Обновление баланса клиента в таблице Клиенты
id Клиента: 230, Выплата/пополнение 29000, Баланс_новый: 29149, Баланс_старый: 149
[2025-08-15 11:26:58] Операция: Внесение данных в таблицу Касса
id клиента: 230, Нал: -10937, comment: карта 15.08.2025, office: P0, Менеджер: Бахтибекова Елена 👩‍💼 (Админ)
[2025-08-15 11:26:58] Операция: Обновление баланса клиента в таблице Клиенты
id Клиента: 230, Выплата/пополнение -10937, Баланс_новый: 18212, Баланс_старый: 29149
[2025-08-15 11:28:35] Операция: Внесение данных в таблицу Касса
id клиента: 222, Нал: 15000, comment: , office: P0, Менеджер: Бахтибекова Елена 👩‍💼 (Админ)
[2025-08-15 11:28:35] Операция: Обновление баланса клиента в таблице Клиенты
id Клиента: 222, Выплата/пополнение 15000, Баланс_новый: 16578, Баланс_старый: 1578
[2025-08-15 11:30:16] Операция: Внесение данных в таблицу Касса
id клиента: 207, Нал: 27500, comment: , office: P0, Менеджер: Бахтибекова Елена 👩‍💼 (Админ)
[2025-08-15 11:30:16] Операция: Обновление баланса клиента в таблице Клиенты
id Клиента: 207, Выплата/пополнение 27500, Баланс_новый: 27500, Баланс_старый: 0
[2025-08-15 11:30:36] Операция: Внесение данных в таблицу Касса
id клиента: 207, Нал: -10937, comment: карта 15.08.2025, office: P0, Менеджер: Бахтибекова Елена 👩‍💼 (Админ)
[2025-08-15 11:30:36] Операция: Обновление баланса клиента в таблице Клиенты
id Клиента: 207, Выплата/пополнение -10937, Баланс_новый: 16563, Баланс_старый: 27500
[2025-08-15 11:34:25] Операция: Внесение данных в таблицу Касса
id клиента: 221, Нал: 25500, comment: , office: P0, Менеджер: Бахтибекова Елена 👩‍💼 (Админ)
[2025-08-15 11:34:25] Операция: Обновление баланса клиента в таблице Клиенты
id Клиента: 221, Выплата/пополнение 25500, Баланс_новый: 25500, Баланс_старый: 0
[2025-08-15 11:34:42] Операция: Внесение данных в таблицу Касса
id клиента: 221, Нал: -4972, comment: карта 15.08.2025, office: P0, Менеджер: Бахтибекова Елена 👩‍💼 (Админ)
[2025-08-15 11:34:42] Операция: Обновление баланса клиента в таблице Клиенты
id Клиента: 221, Выплата/пополнение -4972, Баланс_новый: 20528, Баланс_старый: 25500
[2025-08-15 11:35:17] Операция: Внесение данных в таблицу Касса
id клиента: 210, Нал: 29500, comment: , office: P0, Менеджер: Бахтибекова Елена 👩‍💼 (Админ)
[2025-08-15 11:35:17] Операция: Обновление баланса клиента в таблице Клиенты
id Клиента: 210, Выплата/пополнение 29500, Баланс_новый: 29526, Баланс_старый: 26
[2025-08-15 11:35:36] Операция: Внесение данных в таблицу Касса
id клиента: 210, Нал: -10936, comment: карта 15.08.2025, office: P0, Менеджер: Бахтибекова Елена 👩‍💼 (Админ)
[2025-08-15 11:35:36] Операция: Обновление баланса клиента в таблице Клиенты
id Клиента: 210, Выплата/пополнение -10936, Баланс_новый: 18590, Баланс_старый: 29526
[2025-08-15 11:37:07] Операция: Внесение данных в таблицу Касса
id клиента: 228, Нал: 30000, comment: , office: P0, Менеджер: Бахтибекова Елена 👩‍💼 (Админ)
[2025-08-15 11:37:07] Операция: Обновление баланса клиента в таблице Клиенты
id Клиента: 228, Выплата/пополнение 30000, Баланс_новый: 30000, Баланс_старый: 0
[2025-08-15 11:37:25] Операция: Внесение данных в таблицу Касса
id клиента: 228, Нал: -10937, comment: карта 15.08.2025, office: P0, Менеджер: Бахтибекова Елена 👩‍💼 (Админ)
[2025-08-15 11:37:25] Операция: Обновление баланса клиента в таблице Клиенты
id Клиента: 228, Выплата/пополнение -10937, Баланс_новый: 19063, Баланс_старый: 30000
[2025-08-15 11:37:55] Операция: Внесение данных в таблицу Касса
id клиента: 220, Нал: 35000, comment: , office: P0, Менеджер: Бахтибекова Елена 👩‍💼 (Админ)
[2025-08-15 11:37:55] Операция: Обновление баланса клиента в таблице Клиенты
id Клиента: 220, Выплата/пополнение 35000, Баланс_новый: 35000, Баланс_старый: 0
[2025-08-15 11:38:17] Операция: Внесение данных в таблицу Касса
id клиента: 220, Нал: -5468, comment: карта 15.08.2025, office: P0, Менеджер: Бахтибекова Елена 👩‍💼 (Админ)
[2025-08-15 11:38:17] Операция: Обновление баланса клиента в таблице Клиенты
id Клиента: 220, Выплата/пополнение -5468, Баланс_новый: 29532, Баланс_старый: 35000
[2025-08-15 11:39:01] Операция: Внесение данных в таблицу Касса
id клиента: 201, Нал: 35000, comment: , office: P0, Менеджер: Бахтибекова Елена 👩‍💼 (Админ)
[2025-08-15 11:39:01] Операция: Обновление баланса клиента в таблице Клиенты
id Клиента: 201, Выплата/пополнение 35000, Баланс_новый: 35000, Баланс_старый: 0
[2025-08-15 11:39:20] Операция: Внесение данных в таблицу Касса
id клиента: 201, Нал: -10937, comment: карта 15.08.2025, office: P0, Менеджер: Бахтибекова Елена 👩‍💼 (Админ)
[2025-08-15 11:39:20] Операция: Обновление баланса клиента в таблице Клиенты
id Клиента: 201, Выплата/пополнение -10937, Баланс_новый: 24063, Баланс_старый: 35000
[2025-08-15 11:39:56] Операция: Внесение данных в таблицу Касса
id клиента: 214, Нал: 36500, comment: , office: P0, Менеджер: Бахтибекова Елена 👩‍💼 (Админ)
[2025-08-15 11:39:56] Операция: Обновление баланса клиента в таблице Клиенты
id Клиента: 214, Выплата/пополнение 36500, Баланс_новый: -84637, Баланс_старый: -121137
[2025-08-15 11:40:16] Операция: Внесение данных в таблицу Касса
id клиента: 214, Нал: -10937, comment: карта 15.08.2025, office: P0, Менеджер: Бахтибекова Елена 👩‍💼 (Админ)
[2025-08-15 11:40:16] Операция: Обновление баланса клиента в таблице Клиенты
id Клиента: 214, Выплата/пополнение -10937, Баланс_новый: -95574, Баланс_старый: -84637
[2025-08-15 11:41:05] Операция: Внесение данных в таблицу Касса
id клиента: 223, Нал: 35800, comment: , office: P0, Менеджер: Бахтибекова Елена 👩‍💼 (Админ)
[2025-08-15 11:41:05] Операция: Обновление баланса клиента в таблице Клиенты
id Клиента: 223, Выплата/пополнение 35800, Баланс_новый: 38093, Баланс_старый: 2293
[2025-08-15 11:41:26] Операция: Внесение данных в таблицу Касса
id клиента: 223, Нал: -10937, comment: карта 15.08.2025, office: P0, Менеджер: Бахтибекова Елена 👩‍💼 (Админ)
[2025-08-15 11:41:26] Операция: Обновление баланса клиента в таблице Клиенты
id Клиента: 223, Выплата/пополнение -10937, Баланс_новый: 27156, Баланс_старый: 38093
[2025-08-15 11:42:11] Операция: Внесение данных в таблицу Касса
id клиента: 212, Нал: 22525, comment: , office: P0, Менеджер: Бахтибекова Елена 👩‍💼 (Админ)
[2025-08-15 11:42:11] Операция: Обновление баланса клиента в таблице Клиенты
id Клиента: 212, Выплата/пополнение 22525, Баланс_новый: 29855, Баланс_старый: 7330
[2025-08-15 11:43:01] Операция: Внесение данных в таблицу Касса
id клиента: 11, Нал: -1172150, comment: Калинина, office: P7, Менеджер: Алпатова Оксана 👩‍💼 P7
[2025-08-15 11:43:01] Операция: Обновление баланса клиента в таблице Клиенты
id Клиента: 11, Баланс_новый: 1149650, Баланс_старый: 2321800
[2025-08-15 11:43:16] Операция: Внесение данных в таблицу Касса
id клиента: 203, Нал: 20000, comment: , office: P0, Менеджер: Бахтибекова Елена 👩‍💼 (Админ)
[2025-08-15 11:43:16] Операция: Обновление баланса клиента в таблице Клиенты
id Клиента: 203, Выплата/пополнение 20000, Баланс_новый: 1853, Баланс_старый: -18147
[2025-08-15 11:43:42] Операция: Внесение данных в таблицу Касса
id клиента: 203, Нал: -10481, comment: карта 15.08.2025, office: P0, Менеджер: Бахтибекова Елена 👩‍💼 (Админ)
[2025-08-15 11:43:42] Операция: Обновление баланса клиента в таблице Клиенты
id Клиента: 203, Выплата/пополнение -10481, Баланс_новый: -8628, Баланс_старый: 1853
[2025-08-15 11:45:38] Операция: Внесение данных в таблицу Касса
id клиента: 218, Нал: 17500, comment: , office: P0, Менеджер: Бахтибекова Елена 👩‍💼 (Админ)
[2025-08-15 11:45:38] Операция: Обновление баланса клиента в таблице Клиенты
id Клиента: 218, Выплата/пополнение 17500, Баланс_новый: 17500, Баланс_старый: 0
[2025-08-15 11:46:45] Операция: Внесение данных в таблицу Касса
id клиента: 211, Нал: 15000, comment: , office: P0, Менеджер: Бахтибекова Елена 👩‍💼 (Админ)
[2025-08-15 11:46:45] Операция: Обновление баланса клиента в таблице Клиенты
id Клиента: 211, Выплата/пополнение 15000, Баланс_новый: 30220, Баланс_старый: 15220
[2025-08-15 11:47:15] Операция: Внесение данных в таблицу Касса
id клиента: 211, Нал: -10937, comment: карта 15.08.2025, office: P0, Менеджер: Бахтибекова Елена 👩‍💼 (Админ)
[2025-08-15 11:47:15] Операция: Обновление баланса клиента в таблице Клиенты
id Клиента: 211, Выплата/пополнение -10937, Баланс_новый: 19283, Баланс_старый: 30220
[2025-08-15 11:51:12] Операция: Внесение данных в таблицу Касса
id клиента: 219, Нал: 35000, comment: , office: P0, Менеджер: Бахтибекова Елена 👩‍💼 (Админ)
[2025-08-15 11:51:12] Операция: Обновление баланса клиента в таблице Клиенты
id Клиента: 219, Выплата/пополнение 35000, Баланс_новый: -666125, Баланс_старый: -701125
[2025-08-15 11:52:54] Операция: Внесение данных в таблицу Касса
id клиента: 209, Нал: -2263, comment: , office: K12, Менеджер: Гришина Надежда 👩‍💼 K12
[2025-08-15 11:52:54] Операция: Обновление баланса клиента в таблице Клиенты
id Клиента: 209, Баланс_новый: 0, Баланс_старый: 2263
[2025-08-15 11:54:33] Операция: Внесение данных в таблицу Касса
id клиента: 224, Нал: 15000, comment: , office: P0, Менеджер: Бахтибекова Елена 👩‍💼 (Админ)
[2025-08-15 11:54:33] Операция: Обновление баланса клиента в таблице Клиенты
id Клиента: 224, Выплата/пополнение 15000, Баланс_новый: -108898, Баланс_старый: -123898
[2025-08-15 11:54:52] Операция: Внесение данных в таблицу Касса
id клиента: 215, Нал: 45000, comment: , office: P0, Менеджер: Бахтибекова Елена 👩‍💼 (Админ)
[2025-08-15 11:54:52] Операция: Обновление баланса клиента в таблице Клиенты
id Клиента: 215, Выплата/пополнение 45000, Баланс_новый: 45000, Баланс_старый: 0
[2025-08-15 11:55:22] Операция: Внесение данных в таблицу Касса
id клиента: 215, Нал: -11393, comment: карта 15.08.2025, office: P0, Менеджер: Бахтибекова Елена 👩‍💼 (Админ)
[2025-08-15 11:55:22] Операция: Обновление баланса клиента в таблице Клиенты
id Клиента: 215, Выплата/пополнение -11393, Баланс_новый: 33607, Баланс_старый: 45000
[2025-08-15 11:55:36] Операция: Внесение данных в таблицу Касса
id клиента: 206, Нал: 50000, comment: , office: P0, Менеджер: Бахтибекова Елена 👩‍💼 (Админ)
[2025-08-15 11:55:36] Операция: Обновление баланса клиента в таблице Клиенты
id Клиента: 206, Выплата/пополнение 50000, Баланс_новый: 50000, Баланс_старый: 0
[2025-08-15 12:10:03] Операция: Внесение данных в таблицу Касса
id клиента: 221, Нал: -15500, comment: , office: S4, Менеджер: Сонина Наталья 👩‍💼 S4
[2025-08-15 12:10:03] Операция: Обновление баланса клиента в таблице Клиенты
id Клиента: 221, Баланс_новый: 5028, Баланс_старый: 20528
[2025-08-15 13:21:08] Операция: Внесение данных в таблицу Касса
id клиента: 224, Нал: -10000, comment: , office: P7, Менеджер: Алпатова Оксана 👩‍💼 P7
[2025-08-15 13:21:08] Операция: Обновление баланса клиента в таблице Клиенты
id Клиента: 224, Баланс_новый: -118898, Баланс_старый: -108898
[2025-08-15 13:50:20] Операция: Внесение данных в таблицу Касса
id клиента: 201, Нал: -24063, comment: Зарплата, office: P2, Менеджер: Анискина Ольга 👩‍💼 P2
[2025-08-15 13:50:20] Операция: Обновление баланса клиента в таблице Клиенты
id Клиента: 201, Баланс_новый: 0, Баланс_старый: 24063
[2025-08-15 14:02:02] Операция: Внесение данных в таблицу Касса
id клиента: 235, Нал: -5900, comment: , office: P7, Менеджер: Алпатова Оксана 👩‍💼 P7
[2025-08-15 14:02:02] Операция: Обновление баланса клиента в таблице Клиенты
id Клиента: 235, Баланс_новый: 73, Баланс_старый: 5973
[2025-08-15 14:19:49] Операция: Внесение данных в таблицу Касса
id клиента: 219, Нал: -18875, comment: , office: P5, Менеджер: Фролова Ирина 👩‍💼 P5
[2025-08-15 14:19:49] Операция: Обновление баланса клиента в таблице Клиенты
id Клиента: 219, Баланс_новый: -685000, Баланс_старый: -666125
[2025-08-15 14:21:15] Операция: Внесение данных в таблицу Касса
id клиента: 230, Нал: -18200, comment: , office: P5, Менеджер: Фролова Ирина 👩‍💼 P5
[2025-08-15 14:21:15] Операция: Обновление баланса клиента в таблице Клиенты
id Клиента: 230, Баланс_новый: 12, Баланс_старый: 18212
[2025-08-15 14:53:58] Операция: Внесение данных в таблицу Касса
id клиента: 210, Нал: -18500, comment: , office: S4, Менеджер: Сонина Наталья 👩‍💼 S4
[2025-08-15 14:53:58] Операция: Обновление баланса клиента в таблице Клиенты
id Клиента: 210, Баланс_новый: 90, Баланс_старый: 18590
[2025-08-15 16:10:55] Операция: Внесение данных в таблицу Касса
id клиента: 224, Нал: -15000, comment: , office: P7, Менеджер: Алпатова Оксана 👩‍💼 P7
[2025-08-15 16:10:55] Операция: Обновление баланса клиента в таблице Клиенты
id Клиента: 224, Баланс_новый: -123898, Баланс_старый: -108898
[2025-08-15 16:27:20] Операция: Внесение данных в таблицу Касса
id клиента: 211, Нал: -15000, comment: , office: P5, Менеджер: Фролова Ирина 👩‍💼 P5
[2025-08-15 16:27:20] Операция: Обновление баланса клиента в таблице Клиенты
id Клиента: 211, Баланс_новый: 4283, Баланс_старый: 19283
[2025-08-15 16:33:20] Операция: Внесение данных в таблицу Касса
id клиента: 214, Нал: -10000, comment: , office: P5, Менеджер: Фролова Ирина 👩‍💼 P5
[2025-08-15 16:33:20] Операция: Обновление баланса клиента в таблице Клиенты
id Клиента: 214, Баланс_новый: -105574, Баланс_старый: -95574
[2025-08-15 17:46:03] Операция: Внесение данных в таблицу Касса
id клиента: 223, Нал: -7156, comment: , office: P11, Менеджер: Голубева Мария 👩‍💼 P11
[2025-08-15 17:46:03] Операция: Обновление баланса клиента в таблице Клиенты
id Клиента: 223, Баланс_новый: 20000, Баланс_старый: 27156
[2025-08-16 11:21:19] Операция: Внесение данных в таблицу Касса
id клиента: 216, Нал: 13000, comment: , office: P0, Менеджер: Бахтибекова Елена 👩‍💼 (Админ)
[2025-08-16 11:21:19] Операция: Обновление баланса клиента в таблице Клиенты
id Клиента: 216, Выплата/пополнение 13000, Баланс_новый: -86940, Баланс_старый: -99940
[2025-08-16 11:21:46] Операция: Внесение данных в таблицу Касса
id клиента: 226, Нал: 15600, comment: , office: P0, Менеджер: Бахтибекова Елена 👩‍💼 (Админ)
[2025-08-16 11:21:46] Операция: Обновление баланса клиента в таблице Клиенты
id Клиента: 226, Выплата/пополнение 15600, Баланс_новый: 15600, Баланс_старый: 0
[2025-08-16 11:22:09] Операция: Внесение данных в таблицу Касса
id клиента: 231, Нал: 13000, comment: , office: P0, Менеджер: Бахтибекова Елена 👩‍💼 (Админ)
[2025-08-16 11:22:09] Операция: Обновление баланса клиента в таблице Клиенты
id Клиента: 231, Выплата/пополнение 13000, Баланс_новый: 13000, Баланс_старый: 0
[2025-08-16 11:22:53] Операция: Внесение данных в таблицу Касса
id клиента: 234, Нал: 12000, comment: , office: P0, Менеджер: Бахтибекова Елена 👩‍💼 (Админ)
[2025-08-16 11:22:53] Операция: Обновление баланса клиента в таблице Клиенты
id Клиента: 234, Выплата/пополнение 12000, Баланс_новый: 24000, Баланс_старый: 12000
[2025-08-16 11:23:15] Операция: Внесение данных в таблицу Касса
id клиента: 208, Нал: 10400, comment: , office: P0, Менеджер: Бахтибекова Елена 👩‍💼 (Админ)
[2025-08-16 11:23:15] Операция: Обновление баланса клиента в таблице Клиенты
id Клиента: 208, Выплата/пополнение 10400, Баланс_новый: 10400, Баланс_старый: 0
[2025-08-16 11:23:37] Операция: Внесение данных в таблицу Касса
id клиента: 202, Нал: 13200, comment: , office: P0, Менеджер: Бахтибекова Елена 👩‍💼 (Админ)
[2025-08-16 11:23:37] Операция: Обновление баланса клиента в таблице Клиенты
id Клиента: 202, Выплата/пополнение 13200, Баланс_новый: 13200, Баланс_старый: 0
[2025-08-16 11:24:14] Операция: Внесение данных в таблицу Касса
id клиента: 202, Нал: -13200, comment: Зарплата, office: P2, Менеджер: Анискина Ольга 👩‍💼 P2
[2025-08-16 11:24:14] Операция: Обновление баланса клиента в таблице Клиенты
id Клиента: 202, Баланс_новый: 0, Баланс_старый: 13200
[2025-08-16 11:32:47] Операция: Внесение данных в таблицу Касса
id клиента: 216, Нал: -6900, comment: , office: P7, Менеджер: Алпатова Оксана 👩‍💼 P7
[2025-08-16 11:32:47] Операция: Обновление баланса клиента в таблице Клиенты
id Клиента: 216, Баланс_новый: -93840, Баланс_старый: -86940
[2025-08-16 11:33:54] Операция: Внесение данных в таблицу Касса
id клиента: 231, Нал: -13000, comment: , office: P7, Менеджер: Алпатова Оксана 👩‍💼 P7
[2025-08-16 11:33:54] Операция: Обновление баланса клиента в таблице Клиенты
id Клиента: 231, Баланс_новый: 0, Баланс_старый: 13000
[2025-08-16 11:59:06] Операция: Внесение данных в таблицу Касса
id клиента: 216, Нал: -1050, comment: , office: P1, Менеджер: Максимкина Татьяна 👩‍💼 P1
[2025-08-16 11:59:06] Операция: Обновление баланса клиента в таблице Клиенты
id Клиента: 216, Баланс_новый: -94890, Баланс_старый: -93840
[2025-08-16 14:04:52] Операция: Внесение данных в таблицу Касса
id клиента: 226, Нал: -15600, comment: , office: P1, Менеджер: Максимкина Татьяна 👩‍💼 P1
[2025-08-16 14:04:52] Операция: Обновление баланса клиента в таблице Клиенты
id Клиента: 226, Баланс_новый: 0, Баланс_старый: 15600
[2025-08-16 14:50:08] Операция: Внесение данных в таблицу Касса
id клиента: 234, Нал: -24000, comment: , office: P7, Менеджер: Алпатова Оксана 👩‍💼 P7
[2025-08-16 14:50:08] Операция: Обновление баланса клиента в таблице Клиенты
id Клиента: 234, Баланс_новый: 0, Баланс_старый: 24000
[2025-08-16 14:53:15] Операция: Внесение данных в таблицу Касса
id клиента: 208, Нал: -10400, comment: , office: P11, Менеджер: Голубева Мария 👩‍💼 P11
[2025-08-16 14:53:15] Операция: Обновление баланса клиента в таблице Клиенты
id Клиента: 208, Баланс_новый: 0, Баланс_старый: 10400
[2025-08-18 09:52:39] Операция: Внесение данных в таблицу Касса
id клиента: 215, Нал: -20607, comment: , office: P1, Менеджер: Максимкина Татьяна 👩‍💼 P1
[2025-08-18 09:52:39] Операция: Обновление баланса клиента в таблице Клиенты
id Клиента: 215, Баланс_новый: 13000, Баланс_старый: 33607
[2025-08-18 10:05:59] Операция: Внесение данных в таблицу Касса
id клиента: 220, Нал: -29532, comment: , office: Z6, Менеджер: Соловков Александр 👨‍💼 Z6
[2025-08-18 10:05:59] Операция: Обновление баланса клиента в таблице Клиенты
id Клиента: 220, Баланс_новый: 0, Баланс_старый: 29532
[2025-08-18 10:18:58] Операция: Внесение данных в таблицу Касса
id клиента: 11, Нал: 432000, comment: 15.08.2025 480 000,00 КАПИТАЛ ГРУПП (наш долг), office: P0, Менеджер: Бахтибеков Мирен 👨‍💼 (Админ)
[2025-08-18 10:18:58] Операция: Обновление баланса клиента в таблице Клиенты
id Клиента: 11, Выплата/пополнение 432000, Баланс_новый: 1581650, Баланс_старый: 1149650
[2025-08-18 10:19:35] Операция: Внесение данных в таблицу Касса
id клиента: 11, Нал: 541150, comment: 15.08.2025 601 250,00 ТЕХПАРТ (наш долг), office: P0, Менеджер: Бахтибеков Мирен 👨‍💼 (Админ)
[2025-08-18 10:19:35] Операция: Обновление баланса клиента в таблице Клиенты
id Клиента: 11, Выплата/пополнение 541150, Баланс_новый: 2122800, Баланс_старый: 1581650
[2025-08-18 11:42:20] Операция: Внесение данных в таблицу Касса
id клиента: 224, Нал: 50000, comment: , office: P0, Менеджер: Бахтибекова Елена 👩‍💼 (Админ)
[2025-08-18 11:42:20] Операция: Обновление баланса клиента в таблице Клиенты
id Клиента: 224, Выплата/пополнение 50000, Баланс_новый: -73898, Баланс_старый: -123898
[2025-08-18 11:43:41] Операция: Внесение данных в таблицу Касса
id клиента: 224, Нал: -50000, comment: , office: P1, Менеджер: Максимкина Татьяна 👩‍💼 P1
[2025-08-18 11:43:41] Операция: Обновление баланса клиента в таблице Клиенты
id Клиента: 224, Баланс_новый: -123898, Баланс_старый: -73898
[2025-08-18 12:18:32] Операция: Внесение данных в таблицу Касса
id клиента: 11, Нал: -435000, comment: ул Ново-Тамбовская 22а, office: P1, Менеджер: Максимкина Татьяна 👩‍💼 P1
[2025-08-18 12:18:32] Операция: Обновление баланса клиента в таблице Клиенты
id Клиента: 11, Баланс_новый: 1687800, Баланс_старый: 2122800
[2025-08-18 13:31:16] Операция: Внесение данных в таблицу Касса
id клиента: 11, Нал: -714650, comment: Калинина, office: P7, Менеджер: Алпатова Оксана 👩‍💼 P7
[2025-08-18 13:31:16] Операция: Обновление баланса клиента в таблице Клиенты
id Клиента: 11, Баланс_новый: 973150, Баланс_старый: 1687800
[2025-08-18 15:09:55] Операция: Внесение данных в таблицу Касса
id клиента: 216, Нал: 3000, comment: , office: P0, Менеджер: Бахтибекова Елена 👩‍💼 (Админ)
[2025-08-18 15:09:55] Операция: Обновление баланса клиента в таблице Клиенты
id Клиента: 216, Выплата/пополнение 3000, Баланс_новый: -91890, Баланс_старый: -94890
[2025-08-18 15:12:41] Операция: Внесение данных в таблицу Касса
id клиента: 216, Нал: -3000, comment: , office: P7, Менеджер: Алпатова Оксана 👩‍💼 P7
[2025-08-18 15:12:41] Операция: Обновление баланса клиента в таблице Клиенты
id Клиента: 216, Баланс_новый: -94890, Баланс_старый: -91890
[2025-08-19 16:46:37] Операция: Внесение данных в таблицу Касса
id клиента: 223, Нал: -20000, comment: , office: P11, Менеджер: Голубева Мария 👩‍💼 P11
[2025-08-19 16:46:37] Операция: Обновление баланса клиента в таблице Клиенты
id Клиента: 223, Баланс_новый: 0, Баланс_старый: 20000
[2025-08-19 17:44:58] Операция: Внесение данных в таблицу Касса
id клиента: 215, Нал: -3000, comment: , office: P1, Менеджер: Максимкина Татьяна 👩‍💼 P1
[2025-08-19 17:44:58] Операция: Обновление баланса клиента в таблице Клиенты
id Клиента: 215, Баланс_новый: 10000, Баланс_старый: 13000
[2025-08-19 18:28:51] Операция: Внесение данных в таблицу Касса
id клиента: 222, Нал: -15000, comment: , office: P5, Менеджер: Фролова Ирина 👩‍💼 P5
[2025-08-19 18:28:51] Операция: Обновление баланса клиента в таблице Клиенты
id Клиента: 222, Баланс_новый: 1578, Баланс_старый: 16578
[2025-08-20 11:58:43] Операция: Внесение данных в таблицу Касса
id клиента: 11, Нал: -973150, comment: Калинина, office: P7, Менеджер: Алпатова Оксана 👩‍💼 P7
[2025-08-20 11:58:43] Операция: Обновление баланса клиента в таблице Клиенты
id Клиента: 11, Баланс_новый: 0, Баланс_старый: 973150
[2025-08-20 15:38:52] Операция: Внесение данных в таблицу Касса
id клиента: 228, Нал: 3388, comment: % июль, office: P0, Менеджер: Бахтибекова Елена 👩‍💼 (Админ)
[2025-08-20 15:38:52] Операция: Обновление баланса клиента в таблице Клиенты
id Клиента: 228, Выплата/пополнение 3388, Баланс_новый: 22451, Баланс_старый: 19063
[2025-08-20 16:16:24] Операция: Внесение данных в таблицу Касса
id клиента: 215, Нал: 83748, comment: % июль, office: P0, Менеджер: Бахтибекова Елена 👩‍💼 (Админ)
[2025-08-20 16:16:24] Операция: Обновление баланса клиента в таблице Клиенты
id Клиента: 215, Выплата/пополнение 83748, Баланс_новый: 93748, Баланс_старый: 10000
[2025-08-20 16:21:23] Операция: Внесение данных в таблицу Касса
id клиента: 215, Нал: -37748, comment: , office: P1, Менеджер: Максимкина Татьяна 👩‍💼 P1
[2025-08-20 16:21:23] Операция: Обновление баланса клиента в таблице Клиенты
id Клиента: 215, Баланс_новый: 56000, Баланс_старый: 93748
[2025-08-21 12:08:43] Операция: Внесение данных в таблицу Касса
id клиента: 202, Нал: 8800, comment: , office: P0, Менеджер: Бахтибекова Елена 👩‍💼 (Админ)
[2025-08-21 12:08:43] Операция: Обновление баланса клиента в таблице Клиенты
id Клиента: 202, Выплата/пополнение 8800, Баланс_новый: 8800, Баланс_старый: 0
[2025-08-21 12:21:32] Операция: Внесение данных в таблицу Касса
id клиента: 202, Нал: -8000, comment: Зарплата, office: P2, Менеджер: Анискина Ольга 👩‍💼 P2
[2025-08-21 12:21:32] Операция: Обновление баланса клиента в таблице Клиенты
id Клиента: 202, Баланс_новый: 800, Баланс_старый: 8800
[2025-08-21 12:27:16] Операция: Внесение данных в таблицу Касса
id клиента: 11, Нал: 24500, comment: 18.08.2025 27 208,00 КАПИТАЛ ГРУПП (наш долг), office: P0, Менеджер: Бахтибеков Мирен 👨‍💼 (Админ)
[2025-08-21 12:27:16] Операция: Обновление баланса клиента в таблице Клиенты
id Клиента: 11, Выплата/пополнение 24500, Баланс_новый: 24500, Баланс_старый: 0
[2025-08-21 12:27:56] Операция: Внесение данных в таблицу Касса
id клиента: 11, Нал: 541950, comment: 20.08.2025 602 175,00 КАПИТАЛ ГРУПП (наш долг), office: P0, Менеджер: Бахтибеков Мирен 👨‍💼 (Админ)
[2025-08-21 12:27:56] Операция: Обновление баланса клиента в таблице Клиенты
id Клиента: 11, Выплата/пополнение 541950, Баланс_новый: 566450, Баланс_старый: 24500
[2025-08-21 12:28:36] Операция: Внесение данных в таблицу Касса
id клиента: 11, Нал: 892100, comment: 20.08.2025 991 205,00 АВТОЗАПЧАСТЬ АМБ (наш долг), office: P0, Менеджер: Бахтибеков Мирен 👨‍💼 (Админ)
[2025-08-21 12:28:36] Операция: Обновление баланса клиента в таблице Клиенты
id Клиента: 11, Выплата/пополнение 892100, Баланс_новый: 1458550, Баланс_старый: 566450
[2025-08-21 12:29:10] Операция: Внесение данных в таблицу Касса
id клиента: 11, Нал: 631950, comment: 20.08.2025 702 185,00 АВТОЗАПЧАСТЬ АМБ (наш долг), office: P0, Менеджер: Бахтибеков Мирен 👨‍💼 (Админ)
[2025-08-21 12:29:10] Операция: Обновление баланса клиента в таблице Клиенты
id Клиента: 11, Выплата/пополнение 631950, Баланс_новый: 2090500, Баланс_старый: 1458550
[2025-08-21 12:29:41] Операция: Внесение данных в таблицу Касса
id клиента: 11, Нал: 613150, comment: 20.08.2025 681 253,00 АВТОЗАПЧАСТЬ АМБ (наш долг), office: P0, Менеджер: Бахтибеков Мирен 👨‍💼 (Админ)
[2025-08-21 12:29:41] Операция: Обновление баланса клиента в таблице Клиенты
id Клиента: 11, Выплата/пополнение 613150, Баланс_новый: 2703650, Баланс_старый: 2090500
[2025-08-21 12:30:16] Операция: Внесение данных в таблицу Касса
id клиента: 11, Нал: 553700, comment: 20.08.2025 615 242,00 АВТОЗАПЧАСТЬ АМБ (наш долг), office: P0, Менеджер: Бахтибеков Мирен 👨‍💼 (Админ)
[2025-08-21 12:30:16] Операция: Обновление баланса клиента в таблице Клиенты
id Клиента: 11, Выплата/пополнение 553700, Баланс_новый: 3257350, Баланс_старый: 2703650
[2025-08-22 09:18:20] Операция: Внесение данных в таблицу Касса
id клиента: 215, Нал: -3600, comment: , office: P1, Менеджер: Максимкина Татьяна 👩‍💼 P1
[2025-08-22 09:18:20] Операция: Обновление баланса клиента в таблице Клиенты
id Клиента: 215, Баланс_новый: 52400, Баланс_старый: 56000
[2025-08-22 09:52:19] Операция: Внесение данных в таблицу Касса
id клиента: 11, Нал: -892100, comment: Калинина, office: P7, Менеджер: Алпатова Оксана 👩‍💼 P7
[2025-08-22 09:52:19] Операция: Обновление баланса клиента в таблице Клиенты
id Клиента: 11, Баланс_новый: 2365250, Баланс_старый: 3257350
[2025-08-22 10:20:00] Операция: Внесение данных в таблицу Касса
id клиента: 222, Нал: 15000, comment: , office: P0, Менеджер: Бахтибекова Елена 👩‍💼 (Админ)
[2025-08-22 10:20:00] Операция: Обновление баланса клиента в таблице Клиенты
id Клиента: 222, Выплата/пополнение 15000, Баланс_новый: 16578, Баланс_старый: 1578
[2025-08-22 10:20:39] Операция: Внесение данных в таблицу Касса
id клиента: 232, Нал: 6000, comment: , office: P0, Менеджер: Бахтибекова Елена 👩‍💼 (Админ)
[2025-08-22 10:20:39] Операция: Обновление баланса клиента в таблице Клиенты
id Клиента: 232, Выплата/пополнение 6000, Баланс_новый: 6000, Баланс_старый: 0
[2025-08-22 10:28:06] Операция: Внесение данных в таблицу Касса
id клиента: 210, Нал: -4971, comment: 22.08.2025, office: P0, Менеджер: Бахтибекова Елена 👩‍💼 (Админ)
[2025-08-22 10:28:06] Операция: Обновление баланса клиента в таблице Клиенты
id Клиента: 210, Выплата/пополнение -4971, Баланс_новый: -4881, Баланс_старый: 90
[2025-08-22 10:28:47] Операция: Внесение данных в таблицу Касса
id клиента: 210, Нал: -18631, comment: отпускные 22.08.2025, office: P0, Менеджер: Бахтибекова Елена 👩‍💼 (Админ)
[2025-08-22 10:28:47] Операция: Обновление баланса клиента в таблице Клиенты
id Клиента: 210, Выплата/пополнение -18631, Баланс_новый: -23512, Баланс_старый: -4881
[2025-08-22 12:32:06] Операция: Внесение данных в таблицу Касса
id клиента: 211, Нал: 30000, comment: , office: P0, Менеджер: Бахтибекова Елена 👩‍💼 (Админ)
[2025-08-22 12:32:06] Операция: Обновление баланса клиента в таблице Клиенты
id Клиента: 211, Выплата/пополнение 30000, Баланс_новый: 34283, Баланс_старый: 4283
[2025-08-22 15:31:14] Операция: Внесение данных в таблицу Касса
id клиента: 232, Нал: -6000, comment: Зарплата, office: P2, Менеджер: Анискина Ольга 👩‍💼 P2
[2025-08-22 15:31:14] Операция: Обновление баланса клиента в таблице Клиенты
id Клиента: 232, Баланс_новый: 0, Баланс_старый: 6000
[2025-08-22 16:27:51] Операция: Внесение данных в таблицу Касса
id клиента: 211, Нал: -30000, comment: , office: P5, Менеджер: Фролова Ирина 👩‍💼 P5
[2025-08-22 16:27:51] Операция: Обновление баланса клиента в таблице Клиенты
id Клиента: 211, Баланс_новый: 4283, Баланс_старый: 34283
[2025-08-22 16:28:19] Операция: Внесение данных в таблицу Касса
id клиента: 222, Нал: -15000, comment: , office: P5, Менеджер: Фролова Ирина 👩‍💼 P5
[2025-08-22 16:28:19] Операция: Обновление баланса клиента в таблице Клиенты
id Клиента: 222, Баланс_новый: 1578, Баланс_старый: 16578
[2025-08-23 09:21:39] Операция: Внесение данных в таблицу Касса
id клиента: 228, Нал: -15000, comment: , office: K12, Менеджер: Гришина Надежда 👩‍💼 K12
[2025-08-23 09:21:39] Операция: Обновление баланса клиента в таблице Клиенты
id Клиента: 228, Баланс_новый: 7451, Баланс_старый: 22451
[2025-08-23 10:20:05] Операция: Внесение данных в таблицу Касса
id клиента: 216, Нал: 15000, comment: , office: P0, Менеджер: Бахтибекова Елена 👩‍💼 (Админ)
[2025-08-23 10:20:05] Операция: Обновление баланса клиента в таблице Клиенты
id Клиента: 216, Выплата/пополнение 15000, Баланс_новый: -79890, Баланс_старый: -94890
[2025-08-23 10:20:29] Операция: Внесение данных в таблицу Касса
id клиента: 226, Нал: 15600, comment: , office: P0, Менеджер: Бахтибекова Елена 👩‍💼 (Админ)
[2025-08-23 10:20:29] Операция: Обновление баланса клиента в таблице Клиенты
id Клиента: 226, Выплата/пополнение 15600, Баланс_новый: 15600, Баланс_старый: 0
[2025-08-23 10:21:07] Операция: Внесение данных в таблицу Касса
id клиента: 235, Нал: 8500, comment: , office: P0, Менеджер: Бахтибекова Елена 👩‍💼 (Админ)
[2025-08-23 10:21:07] Операция: Обновление баланса клиента в таблице Клиенты
id Клиента: 235, Выплата/пополнение 8500, Баланс_новый: 8573, Баланс_старый: 73
[2025-08-23 10:21:29] Операция: Внесение данных в таблицу Касса
id клиента: 234, Нал: 12000, comment: , office: P0, Менеджер: Бахтибекова Елена 👩‍💼 (Админ)
[2025-08-23 10:21:29] Операция: Обновление баланса клиента в таблице Клиенты
id Клиента: 234, Выплата/пополнение 12000, Баланс_новый: 12000, Баланс_старый: 0
[2025-08-23 10:21:45] Операция: Внесение данных в таблицу Касса
id клиента: 208, Нал: 13200, comment: , office: P0, Менеджер: Бахтибекова Елена 👩‍💼 (Админ)
[2025-08-23 10:21:45] Операция: Обновление баланса клиента в таблице Клиенты
id Клиента: 208, Выплата/пополнение 13200, Баланс_новый: 13200, Баланс_старый: 0
[2025-08-23 10:22:09] Операция: Внесение данных в таблицу Касса
id клиента: 209, Нал: 15400, comment: , office: P0, Менеджер: Бахтибекова Елена 👩‍💼 (Админ)
[2025-08-23 10:22:09] Операция: Обновление баланса клиента в таблице Клиенты
id Клиента: 209, Выплата/пополнение 15400, Баланс_новый: 15400, Баланс_старый: 0
[2025-08-23 10:22:30] Операция: Внесение данных в таблицу Касса
id клиента: 202, Нал: 4400, comment: , office: P0, Менеджер: Бахтибекова Елена 👩‍💼 (Админ)
[2025-08-23 10:22:30] Операция: Обновление баланса клиента в таблице Клиенты
id Клиента: 202, Выплата/пополнение 4400, Баланс_новый: 4400, Баланс_старый: 0
[2025-08-23 10:30:57] Операция: Внесение данных в таблицу Касса
id клиента: 209, Нал: -15400, comment: , office: K12, Менеджер: Гришина Надежда 👩‍💼 K12
[2025-08-23 10:30:57] Операция: Обновление баланса клиента в таблице Клиенты
id Клиента: 209, Баланс_новый: 0, Баланс_старый: 15400
[2025-08-23 10:47:37] Операция: Внесение данных в таблицу Касса
id клиента: 226, Нал: -15600, comment: , office: P1, Менеджер: Максимкина Татьяна 👩‍💼 P1
[2025-08-23 10:47:37] Операция: Обновление баланса клиента в таблице Клиенты
id Клиента: 226, Баланс_новый: 0, Баланс_старый: 15600
[2025-08-23 10:49:15] Операция: Внесение данных в таблицу Касса
id клиента: 215, Нал: -7400, comment: , office: P1, Менеджер: Максимкина Татьяна 👩‍💼 P1
[2025-08-23 10:49:15] Операция: Обновление баланса клиента в таблице Клиенты
id Клиента: 215, Баланс_новый: 45000, Баланс_старый: 52400
[2025-08-23 10:54:24] Операция: Внесение данных в таблицу Касса
id клиента: 216, Нал: -15000, comment: , office: P7, Менеджер: Алпатова Оксана 👩‍💼 P7
[2025-08-23 10:54:24] Операция: Обновление баланса клиента в таблице Клиенты
id Клиента: 216, Баланс_новый: -94890, Баланс_старый: -79890
[2025-08-23 10:57:10] Операция: Внесение данных в таблицу Касса
id клиента: 234, Нал: -12000, comment: , office: P7, Менеджер: Алпатова Оксана 👩‍💼 P7
[2025-08-23 10:57:10] Операция: Обновление баланса клиента в таблице Клиенты
id Клиента: 234, Баланс_новый: 0, Баланс_старый: 12000
[2025-08-23 11:42:05] Операция: Внесение данных в таблицу Касса
id клиента: 202, Нал: -4400, comment: Зарплата, office: P2, Менеджер: Анискина Ольга 👩‍💼 P2
[2025-08-23 11:42:05] Операция: Обновление баланса клиента в таблице Клиенты
id Клиента: 202, Баланс_новый: 0, Баланс_старый: 4400
[2025-08-23 12:21:16] Операция: Внесение данных в таблицу Касса
id клиента: 208, Нал: -13200, comment: , office: P11, Менеджер: Голубева Мария 👩‍💼 P11
[2025-08-23 12:21:16] Операция: Обновление баланса клиента в таблице Клиенты
id Клиента: 208, Баланс_новый: 0, Баланс_старый: 13200
[2025-08-25 09:58:57] Операция: Внесение данных в таблицу Касса
id клиента: 215, Нал: -2000, comment: , office: P1, Менеджер: Максимкина Татьяна 👩‍💼 P1
[2025-08-25 09:58:57] Операция: Обновление баланса клиента в таблице Клиенты
id Клиента: 215, Баланс_новый: 43000, Баланс_старый: 45000
[2025-08-25 13:46:15] Операция: Внесение данных в таблицу Касса
id клиента: 11, Нал: -541950, comment: Калинина, office: P7, Менеджер: Алпатова Оксана 👩‍💼 P7
[2025-08-25 13:46:15] Операция: Обновление баланса клиента в таблице Клиенты
id Клиента: 11, Баланс_новый: 1823300, Баланс_старый: 2365250
[2025-08-25 14:43:50] Операция: Внесение данных в таблицу Касса
id клиента: 216, Нал: 3000, comment: , office: P0, Менеджер: Бахтибекова Елена 👩‍💼 (Админ)
[2025-08-25 14:43:50] Операция: Обновление баланса клиента в таблице Клиенты
id Клиента: 216, Выплата/пополнение 3000, Баланс_новый: -91890, Баланс_старый: -94890
[2025-08-25 14:52:40] Операция: Внесение данных в таблицу Касса
id клиента: 215, Нал: -30000, comment: , office: P1, Менеджер: Максимкина Татьяна 👩‍💼 P1
[2025-08-25 14:52:40] Операция: Обновление баланса клиента в таблице Клиенты
id Клиента: 215, Баланс_новый: 13000, Баланс_старый: 43000
[2025-08-25 16:06:43] Операция: Внесение данных в таблицу Касса
id клиента: 216, Нал: -3000, comment: , office: P7, Менеджер: Алпатова Оксана 👩‍💼 P7
[2025-08-25 16:06:43] Операция: Обновление баланса клиента в таблице Клиенты
id Клиента: 216, Баланс_новый: -94890, Баланс_старый: -91890
[2025-08-26 17:12:24] Операция: Внесение данных в таблицу Касса
id клиента: 11, Нал: 543050, comment: 21.08.2025 603 375,00 Регион Авто (наш долг), office: P0, Менеджер: Бахтибеков Мирен 👨‍💼 (Админ)
[2025-08-26 17:12:24] Операция: Обновление баланса клиента в таблице Клиенты
id Клиента: 11, Выплата/пополнение 543050, Баланс_новый: 2366350, Баланс_старый: 1823300
[2025-08-26 17:12:59] Операция: Внесение данных в таблицу Касса
id клиента: 11, Нал: 430400, comment: 21.08.2025 478 203,00 Автомир 58 (наш долг), office: P0, Менеджер: Бахтибеков Мирен 👨‍💼 (Админ)
[2025-08-26 17:12:59] Операция: Обновление баланса клиента в таблице Клиенты
id Клиента: 11, Выплата/пополнение 430400, Баланс_новый: 2796750, Баланс_старый: 2366350
[2025-08-26 17:13:33] Операция: Внесение данных в таблицу Касса
id клиента: 11, Нал: 409600, comment: 22.08.2025 455 105,00 ТЕХПАРТ (наш долг), office: P0, Менеджер: Бахтибеков Мирен 👨‍💼 (Админ)
[2025-08-26 17:13:33] Операция: Обновление баланса клиента в таблице Клиенты
id Клиента: 11, Выплата/пополнение 409600, Баланс_новый: 3206350, Баланс_старый: 2796750
[2025-08-26 17:14:08] Операция: Внесение данных в таблицу Касса
id клиента: 11, Нал: 486300, comment: 22.08.2025 540 295,00 ТЕХПАРТ (наш долг), office: P0, Менеджер: Бахтибеков Мирен 👨‍💼 (Админ)
[2025-08-26 17:14:08] Операция: Обновление баланса клиента в таблице Клиенты
id Клиента: 11, Выплата/пополнение 486300, Баланс_новый: 3692650, Баланс_старый: 3206350
[2025-08-27 11:12:38] Операция: Внесение данных в таблицу Касса
id клиента: 222, Нал: -1000, comment: , office: P5, Менеджер: Фролова Ирина 👩‍💼 P5
[2025-08-27 11:12:38] Операция: Обновление баланса клиента в таблице Клиенты
id Клиента: 222, Баланс_новый: 578, Баланс_старый: 1578
[2025-08-27 13:58:21] Операция: Внесение данных в таблицу Касса
id клиента: 11, Нал: -1191350, comment: Калинина, office: P7, Менеджер: Алпатова Оксана 👩‍💼 P7
[2025-08-27 13:58:21] Операция: Обновление баланса клиента в таблице Клиенты
id Клиента: 11, Баланс_новый: 2501300, Баланс_старый: 3692650
[2025-08-28 10:41:59] Операция: Внесение данных в таблицу Касса
id клиента: 215, Нал: -13000, comment: , office: P1, Менеджер: Максимкина Татьяна 👩‍💼 P1
[2025-08-28 10:41:59] Операция: Обновление баланса клиента в таблице Клиенты
id Клиента: 215, Баланс_новый: 0, Баланс_старый: 13000
[2025-08-28 13:43:02] Операция: Внесение данных в таблицу Касса
id клиента: 216, Нал: 9000, comment: , office: P0, Менеджер: Бахтибекова Елена 👩‍💼 (Админ)
[2025-08-28 13:43:02] Операция: Обновление баланса клиента в таблице Клиенты
id Клиента: 216, Выплата/пополнение 9000, Баланс_новый: -85890, Баланс_старый: -94890
[2025-08-28 13:55:31] Операция: Внесение данных в таблицу Касса
id клиента: 216, Нал: -9000, comment: , office: P7, Менеджер: Алпатова Оксана 👩‍💼 P7
[2025-08-28 13:55:31] Операция: Обновление баланса клиента в таблице Клиенты
id Клиента: 216, Баланс_новый: -94890, Баланс_старый: -85890
[2025-08-29 10:14:39] Операция: Внесение данных в таблицу Касса
id клиента: 226, Нал: 13100, comment: , office: P0, Менеджер: Бахтибекова Елена 👩‍💼 (Админ)
[2025-08-29 10:14:39] Операция: Обновление баланса клиента в таблице Клиенты
id Клиента: 226, Выплата/пополнение 13100, Баланс_новый: 13100, Баланс_старый: 0
[2025-08-29 10:45:22] Операция: Внесение данных в таблицу Касса
id клиента: 11, Нал: -1041550, comment: Калинина, office: P7, Менеджер: Алпатова Оксана 👩‍💼 P7
[2025-08-29 10:45:22] Операция: Обновление баланса клиента в таблице Клиенты
id Клиента: 11, Баланс_новый: 1459750, Баланс_старый: 2501300
[2025-08-29 13:03:56] Операция: Внесение данных в таблицу Касса
id клиента: 226, Нал: -13100, comment: , office: P1, Менеджер: Максимкина Татьяна 👩‍💼 P1
[2025-08-29 13:03:56] Операция: Обновление баланса клиента в таблице Клиенты
id Клиента: 226, Баланс_новый: 0, Баланс_старый: 13100
[2025-08-29 15:08:34] Операция: Внесение данных в таблицу Касса
id клиента: 214, Нал: -5000, comment: , office: P5, Менеджер: Фролова Ирина 👩‍💼 P5
[2025-08-29 15:08:34] Операция: Обновление баланса клиента в таблице Клиенты
id Клиента: 214, Баланс_новый: -110574, Баланс_старый: -105574
[2025-08-29 16:08:30] Операция: Внесение данных в таблицу Касса
id клиента: 232, Нал: 7500, comment: , office: P0, Менеджер: Бахтибекова Елена 👩‍💼 (Админ)
[2025-08-29 16:08:30] Операция: Обновление баланса клиента в таблице Клиенты
id Клиента: 232, Выплата/пополнение 7500, Баланс_новый: 7500, Баланс_старый: 0
[2025-08-29 16:09:03] Операция: Внесение данных в таблицу Касса
id клиента: 222, Нал: 15000, comment: , office: P0, Менеджер: Бахтибекова Елена 👩‍💼 (Админ)
[2025-08-29 16:09:03] Операция: Обновление баланса клиента в таблице Клиенты
id Клиента: 222, Выплата/пополнение 15000, Баланс_новый: 15578, Баланс_старый: 578
[2025-08-29 16:10:10] Операция: Внесение данных в таблицу Касса
id клиента: 232, Нал: -7500, comment: Зарплата, office: P2, Менеджер: Анискина Ольга 👩‍💼 P2
[2025-08-29 16:10:10] Операция: Обновление баланса клиента в таблице Клиенты
id Клиента: 232, Баланс_новый: 0, Баланс_старый: 7500
[2025-08-30 10:10:34] Операция: Внесение данных в таблицу Касса
id клиента: 224, Нал: 15000, comment: , office: P0, Менеджер: Бахтибекова Елена 👩‍💼 (Админ)
[2025-08-30 10:10:34] Операция: Обновление баланса клиента в таблице Клиенты
id Клиента: 224, Выплата/пополнение 15000, Баланс_новый: -108898, Баланс_старый: -123898
[2025-08-30 10:12:49] Операция: Внесение данных в таблицу Касса
id клиента: 231, Нал: 18000, comment: , office: P0, Менеджер: Бахтибекова Елена 👩‍💼 (Админ)
[2025-08-30 10:12:49] Операция: Обновление баланса клиента в таблице Клиенты
id Клиента: 231, Выплата/пополнение 18000, Баланс_новый: 18000, Баланс_старый: 0
[2025-08-30 10:13:14] Операция: Внесение данных в таблицу Касса
id клиента: 228, Нал: -2000, comment: , office: K12, Менеджер: Гришина Надежда 👩‍💼 K12
[2025-08-30 10:13:14] Операция: Обновление баланса клиента в таблице Клиенты
id Клиента: 228, Баланс_новый: 5451, Баланс_старый: 7451
[2025-08-30 10:13:34] Операция: Внесение данных в таблицу Касса
id клиента: 234, Нал: 12000, comment: , office: P0, Менеджер: Бахтибекова Елена 👩‍💼 (Админ)
[2025-08-30 10:13:34] Операция: Обновление баланса клиента в таблице Клиенты
id Клиента: 234, Выплата/пополнение 12000, Баланс_новый: 12000, Баланс_старый: 0
[2025-08-30 10:14:17] Операция: Внесение данных в таблицу Касса
id клиента: 208, Нал: 13200, comment: , office: P0, Менеджер: Бахтибекова Елена 👩‍💼 (Админ)
[2025-08-30 10:14:17] Операция: Обновление баланса клиента в таблице Клиенты
id Клиента: 208, Выплата/пополнение 13200, Баланс_новый: 13200, Баланс_старый: 0
[2025-08-30 10:14:50] Операция: Внесение данных в таблицу Касса
id клиента: 202, Нал: 13200, comment: , office: P0, Менеджер: Бахтибекова Елена 👩‍💼 (Админ)
[2025-08-30 10:14:50] Операция: Обновление баланса клиента в таблице Клиенты
id Клиента: 202, Выплата/пополнение 13200, Баланс_новый: 13200, Баланс_старый: 0
[2025-08-30 11:07:06] Операция: Внесение данных в таблицу Касса
id клиента: 234, Нал: -12000, comment: , office: P7, Менеджер: Алпатова Оксана 👩‍💼 P7
[2025-08-30 11:07:06] Операция: Обновление баланса клиента в таблице Клиенты
id Клиента: 234, Баланс_новый: 0, Баланс_старый: 12000
[2025-08-30 11:08:06] Операция: Внесение данных в таблицу Касса
id клиента: 231, Нал: -18000, comment: , office: P7, Менеджер: Алпатова Оксана 👩‍💼 P7
[2025-08-30 11:08:06] Операция: Обновление баланса клиента в таблице Клиенты
id Клиента: 231, Баланс_новый: 0, Баланс_старый: 18000
[2025-08-30 11:16:24] Операция: Внесение данных в таблицу Касса
id клиента: 202, Нал: -13200, comment: Зарплата, office: P2, Менеджер: Анискина Ольга 👩‍💼 P2
[2025-08-30 11:16:24] Операция: Обновление баланса клиента в таблице Клиенты
id Клиента: 202, Баланс_новый: 0, Баланс_старый: 13200
[2025-08-30 11:36:45] Операция: Внесение данных в таблицу Касса
id клиента: 224, Нал: -15000, comment: , office: P1, Менеджер: Максимкина Татьяна 👩‍💼 P1
[2025-08-30 11:36:45] Операция: Обновление баланса клиента в таблице Клиенты
id Клиента: 224, Баланс_новый: -123898, Баланс_старый: -108898
[2025-08-30 14:37:04] Операция: Внесение данных в таблицу Касса
id клиента: 214, Нал: -5000, comment: , office: P5, Менеджер: Фролова Ирина 👩‍💼 P5
[2025-08-30 14:37:04] Операция: Обновление баланса клиента в таблице Клиенты
id Клиента: 214, Баланс_новый: -115574, Баланс_старый: -110574
[2025-08-30 14:54:32] Операция: Внесение данных в таблицу Касса
id клиента: 208, Нал: -13200, comment: , office: P11, Менеджер: Голубева Мария 👩‍💼 P11
[2025-08-30 14:54:32] Операция: Обновление баланса клиента в таблице Клиенты
id Клиента: 208, Баланс_новый: 0, Баланс_старый: 13200
[2025-09-01 12:07:55] Операция: Внесение данных в таблицу Касса
id клиента: 11, Нал: 760500, comment: 28.08.2025 845 020,00 АВТОЗАПЧАСТЬ АМБ (наш долг), office: P0, Менеджер: Бахтибеков Мирен 👨‍💼 (Админ)
[2025-09-01 12:07:55] Операция: Обновление баланса клиента в таблице Клиенты
id Клиента: 11, Выплата/пополнение 760500, Баланс_новый: 2220250, Баланс_старый: 1459750
[2025-09-01 12:08:29] Операция: Внесение данных в таблицу Касса
id клиента: 11, Нал: 718050, comment: 28.08.2025 797 828,00 АВТОЗАПЧАСТЬ АМБ (наш долг), office: P0, Менеджер: Бахтибеков Мирен 👨‍💼 (Админ)
[2025-09-01 12:08:29] Операция: Обновление баланса клиента в таблице Клиенты
id Клиента: 11, Выплата/пополнение 718050, Баланс_новый: 2938300, Баланс_старый: 2220250
[2025-09-01 12:09:04] Операция: Внесение данных в таблицу Касса
id клиента: 11, Нал: 811950, comment: 28.08.2025 902 150,00 АВТОЗАПЧАСТЬ АМБ (наш долг), office: P0, Менеджер: Бахтибеков Мирен 👨‍💼 (Админ)
[2025-09-01 12:09:04] Операция: Обновление баланса клиента в таблице Клиенты
id Клиента: 11, Выплата/пополнение 811950, Баланс_новый: 3750250, Баланс_старый: 2938300
[2025-09-01 12:16:06] Операция: Внесение данных в таблицу Касса
id клиента: 11, Нал: -973450, comment: Калинина, office: P7, Менеджер: Алпатова Оксана 👩‍💼 P7
[2025-09-01 12:16:06] Операция: Обновление баланса клиента в таблице Клиенты
id Клиента: 11, Баланс_новый: 2776800, Баланс_старый: 3750250
[2025-09-01 12:26:01] Операция: Внесение данных в таблицу Касса
id клиента: 216, Нал: -5189, comment: Алименты , office: P0, Менеджер: Бахтибекова Елена 👩‍💼 (Админ)
[2025-09-01 12:26:01] Операция: Обновление баланса клиента в таблице Клиенты
id Клиента: 216, Выплата/пополнение -5189, Баланс_новый: -100079, Баланс_старый: -94890
[2025-09-01 12:31:30] Операция: Внесение данных в таблицу Касса
id клиента: 225, Нал: 35500, comment: , office: P0, Менеджер: Бахтибекова Елена 👩‍💼 (Админ)
[2025-09-01 12:31:30] Операция: Обновление баланса клиента в таблице Клиенты
id Клиента: 225, Выплата/пополнение 35500, Баланс_новый: 70500, Баланс_старый: 35000
[2025-09-01 12:32:25] Операция: Внесение данных в таблицу Касса
id клиента: 205, Нал: 10000, comment: , office: P0, Менеджер: Бахтибекова Елена 👩‍💼 (Админ)
[2025-09-01 12:32:25] Операция: Обновление баланса клиента в таблице Клиенты
id Клиента: 205, Выплата/пополнение 10000, Баланс_новый: 36960, Баланс_старый: 26960
[2025-09-01 12:33:01] Операция: Внесение данных в таблицу Касса
id клиента: 205, Нал: -9710, comment: карта 01.09.2025, office: P0, Менеджер: Бахтибекова Елена 👩‍💼 (Админ)
[2025-09-01 12:33:01] Операция: Обновление баланса клиента в таблице Клиенты
id Клиента: 205, Выплата/пополнение -9710, Баланс_новый: 27250, Баланс_старый: 36960
[2025-09-01 12:34:47] Операция: Внесение данных в таблицу Касса
id клиента: 213, Нал: 32500, comment: , office: P0, Менеджер: Бахтибекова Елена 👩‍💼 (Админ)
[2025-09-01 12:34:47] Операция: Обновление баланса клиента в таблице Клиенты
id Клиента: 213, Выплата/пополнение 32500, Баланс_новый: 33068, Баланс_старый: 568
[2025-09-01 12:35:13] Операция: Внесение данных в таблицу Касса
id клиента: 213, Нал: -952, comment: карта 01.09.2025, office: P0, Менеджер: Бахтибекова Елена 👩‍💼 (Админ)
[2025-09-01 12:35:13] Операция: Обновление баланса клиента в таблице Клиенты
id Клиента: 213, Выплата/пополнение -952, Баланс_новый: 32116, Баланс_старый: 33068
[2025-09-01 12:36:09] Операция: Внесение данных в таблицу Касса
id клиента: 204, Нал: 31250, comment: , office: P0, Менеджер: Бахтибекова Елена 👩‍💼 (Админ)
[2025-09-01 12:36:09] Операция: Обновление баланса клиента в таблице Клиенты
id Клиента: 204, Выплата/пополнение 31250, Баланс_новый: 51950, Баланс_старый: 20700
[2025-09-01 12:36:38] Операция: Внесение данных в таблицу Касса
id клиента: 235, Нал: 8500, comment: , office: P0, Менеджер: Бахтибекова Елена 👩‍💼 (Админ)
[2025-09-01 12:36:38] Операция: Обновление баланса клиента в таблице Клиенты
id Клиента: 235, Выплата/пополнение 8500, Баланс_новый: 17073, Баланс_старый: 8573
[2025-09-01 12:37:01] Операция: Внесение данных в таблицу Касса
id клиента: 235, Нал: -10124, comment: карта 01.09.2025, office: P0, Менеджер: Бахтибекова Елена 👩‍💼 (Админ)
[2025-09-01 12:37:01] Операция: Обновление баланса клиента в таблице Клиенты
id Клиента: 235, Выплата/пополнение -10124, Баланс_новый: 6949, Баланс_старый: 17073
[2025-09-01 12:38:18] Операция: Внесение данных в таблицу Касса
id клиента: 209, Нал: 13200, comment: , office: P0, Менеджер: Бахтибекова Елена 👩‍💼 (Админ)
[2025-09-01 12:38:18] Операция: Обновление баланса клиента в таблице Клиенты
id Клиента: 209, Выплата/пополнение 13200, Баланс_новый: 13200, Баланс_старый: 0
[2025-09-01 12:38:43] Операция: Внесение данных в таблицу Касса
id клиента: 209, Нал: -10306, comment: карта 01.09.2025, office: P0, Менеджер: Бахтибекова Елена 👩‍💼 (Админ)
[2025-09-01 12:38:43] Операция: Обновление баланса клиента в таблице Клиенты
id Клиента: 209, Выплата/пополнение -10306, Баланс_новый: 2894, Баланс_старый: 13200
[2025-09-01 12:40:55] Операция: Внесение данных в таблицу Касса
id клиента: 230, Нал: 37700, comment: , office: P0, Менеджер: Бахтибекова Елена 👩‍💼 (Админ)
[2025-09-01 12:40:55] Операция: Обновление баланса клиента в таблице Клиенты
id Клиента: 230, Выплата/пополнение 37700, Баланс_новый: 37712, Баланс_старый: 12
[2025-09-01 12:41:14] Операция: Внесение данных в таблицу Касса
id клиента: 230, Нал: -9942, comment: карта 01.09.2025, office: P0, Менеджер: Бахтибекова Елена 👩‍💼 (Админ)
[2025-09-01 12:41:14] Операция: Обновление баланса клиента в таблице Клиенты
id Клиента: 230, Выплата/пополнение -9942, Баланс_новый: 27770, Баланс_старый: 37712
[2025-09-01 12:42:08] Операция: Внесение данных в таблицу Касса
id клиента: 222, Нал: -4764, comment: карта 01.09.2025, office: P0, Менеджер: Бахтибекова Елена 👩‍💼 (Админ)
[2025-09-01 12:42:08] Операция: Обновление баланса клиента в таблице Клиенты
id Клиента: 222, Выплата/пополнение -4764, Баланс_новый: 10814, Баланс_старый: 15578
[2025-09-01 12:43:09] Операция: Внесение данных в таблицу Касса
id клиента: 207, Нал: 25000, comment: , office: P0, Менеджер: Бахтибекова Елена 👩‍💼 (Админ)
[2025-09-01 12:43:09] Операция: Обновление баланса клиента в таблице Клиенты
id Клиента: 207, Выплата/пополнение 25000, Баланс_новый: 41563, Баланс_старый: 16563
[2025-09-01 12:43:33] Операция: Внесение данных в таблицу Касса
id клиента: 207, Нал: -9942, comment: карта 01.09.2025, office: P0, Менеджер: Бахтибекова Елена 👩‍💼 (Админ)
[2025-09-01 12:43:33] Операция: Обновление баланса клиента в таблице Клиенты
id Клиента: 207, Выплата/пополнение -9942, Баланс_новый: 31621, Баланс_старый: 41563
[2025-09-01 12:43:59] Операция: Внесение данных в таблицу Касса
id клиента: 221, Нал: 30500, comment: , office: P0, Менеджер: Бахтибекова Елена 👩‍💼 (Админ)
[2025-09-01 12:43:59] Операция: Обновление баланса клиента в таблице Клиенты
id Клиента: 221, Выплата/пополнение 30500, Баланс_новый: 30500, Баланс_старый: 0
[2025-09-01 12:44:15] Операция: Внесение данных в таблицу Касса
id клиента: 221, Нал: -9942, comment: карта 01.09.2025, office: P0, Менеджер: Бахтибекова Елена 👩‍💼 (Админ)
[2025-09-01 12:44:15] Операция: Обновление баланса клиента в таблице Клиенты
id Клиента: 221, Выплата/пополнение -9942, Баланс_новый: 20558, Баланс_старый: 30500
[2025-09-01 12:48:53] Операция: Внесение данных в таблицу Касса
id клиента: 207, Нал: -31621, comment: , office: S8, Менеджер: Гирчева Ольга 👩‍💼 S8
[2025-09-01 12:48:53] Операция: Обновление баланса клиента в таблице Клиенты
id Клиента: 207, Баланс_новый: 0, Баланс_старый: 31621
[2025-09-01 12:50:46] Операция: Внесение данных в таблицу Касса
id клиента: 210, Нал: 19000, comment: , office: P0, Менеджер: Бахтибекова Елена 👩‍💼 (Админ)
[2025-09-01 12:50:46] Операция: Обновление баланса клиента в таблице Клиенты
id Клиента: 210, Выплата/пополнение 19000, Баланс_новый: -4512, Баланс_старый: -23512
[2025-09-01 12:51:26] Операция: Внесение данных в таблицу Касса
id клиента: 228, Нал: 30000, comment: , office: P0, Менеджер: Бахтибекова Елена 👩‍💼 (Админ)
[2025-09-01 12:51:26] Операция: Обновление баланса клиента в таблице Клиенты
id Клиента: 228, Выплата/пополнение 30000, Баланс_новый: 35451, Баланс_старый: 5451
[2025-09-01 12:51:44] Операция: Внесение данных в таблицу Касса
id клиента: 228, Нал: -10306, comment: 01.09.2025, office: P0, Менеджер: Бахтибекова Елена 👩‍💼 (Админ)
[2025-09-01 12:51:44] Операция: Обновление баланса клиента в таблице Клиенты
id Клиента: 228, Выплата/пополнение -10306, Баланс_новый: 25145, Баланс_старый: 35451
[2025-09-01 12:52:17] Операция: Внесение данных в таблицу Касса
id клиента: 220, Нал: 35000, comment: , office: P0, Менеджер: Бахтибекова Елена 👩‍💼 (Админ)
[2025-09-01 12:52:17] Операция: Обновление баланса клиента в таблице Клиенты
id Клиента: 220, Выплата/пополнение 35000, Баланс_новый: 35000, Баланс_старый: 0
[2025-09-01 12:52:34] Операция: Внесение данных в таблицу Касса
id клиента: 220, Нал: -5153, comment: карта 01.09.2025, office: P0, Менеджер: Бахтибекова Елена 👩‍💼 (Админ)
[2025-09-01 12:52:34] Операция: Обновление баланса клиента в таблице Клиенты
id Клиента: 220, Выплата/пополнение -5153, Баланс_новый: 29847, Баланс_старый: 35000
[2025-09-01 12:52:58] Операция: Внесение данных в таблицу Касса
id клиента: 201, Нал: 35000, comment: , office: P0, Менеджер: Бахтибекова Елена 👩‍💼 (Админ)
[2025-09-01 12:52:58] Операция: Обновление баланса клиента в таблице Клиенты
id Клиента: 201, Выплата/пополнение 35000, Баланс_новый: 35000, Баланс_старый: 0
[2025-09-01 12:53:16] Операция: Внесение данных в таблицу Касса
id клиента: 201, Нал: -9942, comment: карта 01.09.2025, office: P0, Менеджер: Бахтибекова Елена 👩‍💼 (Админ)
[2025-09-01 12:53:16] Операция: Обновление баланса клиента в таблице Клиенты
id Клиента: 201, Выплата/пополнение -9942, Баланс_новый: 25058, Баланс_старый: 35000
[2025-09-01 12:53:49] Операция: Внесение данных в таблицу Касса
id клиента: 214, Нал: 29100, comment: , office: P0, Менеджер: Бахтибекова Елена 👩‍💼 (Админ)
[2025-09-01 12:53:49] Операция: Обновление баланса клиента в таблице Клиенты
id Клиента: 214, Выплата/пополнение 29100, Баланс_новый: -86474, Баланс_старый: -115574
[2025-09-01 12:54:10] Операция: Внесение данных в таблицу Касса
id клиента: 214, Нал: -10488, comment: карта 01.09.2025, office: P0, Менеджер: Бахтибекова Елена 👩‍💼 (Админ)
[2025-09-01 12:54:10] Операция: Обновление баланса клиента в таблице Клиенты
id Клиента: 214, Выплата/пополнение -10488, Баланс_новый: -96962, Баланс_старый: -86474
[2025-09-01 12:54:37] Операция: Внесение данных в таблицу Касса
id клиента: 223, Нал: 35000, comment: , office: P0, Менеджер: Бахтибекова Елена 👩‍💼 (Админ)
[2025-09-01 12:54:37] Операция: Обновление баланса клиента в таблице Клиенты
id Клиента: 223, Выплата/пополнение 35000, Баланс_новый: 35000, Баланс_старый: 0
[2025-09-01 12:54:57] Операция: Внесение данных в таблицу Касса
id клиента: 223, Нал: -9942, comment: карта 01.09.2025, office: P0, Менеджер: Бахтибекова Елена 👩‍💼 (Админ)
[2025-09-01 12:54:57] Операция: Обновление баланса клиента в таблице Клиенты
id Клиента: 223, Выплата/пополнение -9942, Баланс_новый: 25058, Баланс_старый: 35000
[2025-09-01 12:55:26] Операция: Внесение данных в таблицу Касса
id клиента: 212, Нал: 25000, comment: , office: P0, Менеджер: Бахтибекова Елена 👩‍💼 (Админ)
[2025-09-01 12:55:26] Операция: Обновление баланса клиента в таблице Клиенты
id Клиента: 212, Выплата/пополнение 25000, Баланс_новый: 54855, Баланс_старый: 29855
[2025-09-01 12:55:50] Операция: Внесение данных в таблицу Касса
id клиента: 212, Нал: -10306, comment: карта 01.09.2025, office: P0, Менеджер: Бахтибекова Елена 👩‍💼 (Админ)
[2025-09-01 12:55:50] Операция: Обновление баланса клиента в таблице Клиенты
id Клиента: 212, Выплата/пополнение -10306, Баланс_новый: 44549, Баланс_старый: 54855
[2025-09-01 12:56:22] Операция: Внесение данных в таблицу Касса
id клиента: 203, Нал: 25000, comment: , office: P0, Менеджер: Бахтибекова Елена 👩‍💼 (Админ)
[2025-09-01 12:56:22] Операция: Обновление баланса клиента в таблице Клиенты
id Клиента: 203, Выплата/пополнение 25000, Баланс_новый: 16372, Баланс_старый: -8628
[2025-09-01 12:56:56] Операция: Внесение данных в таблицу Касса
id клиента: 218, Нал: 27800, comment: , office: P0, Менеджер: Бахтибекова Елена 👩‍💼 (Админ)
[2025-09-01 12:56:56] Операция: Обновление баланса клиента в таблице Клиенты
id Клиента: 218, Выплата/пополнение 27800, Баланс_новый: 48300, Баланс_старый: 20500
[2025-09-01 12:57:57] Операция: Внесение данных в таблицу Касса
id клиента: 211, Нал: 15000, comment: , office: P0, Менеджер: Бахтибекова Елена 👩‍💼 (Админ)
[2025-09-01 12:57:57] Операция: Обновление баланса клиента в таблице Клиенты
id Клиента: 211, Выплата/пополнение 15000, Баланс_новый: 19283, Баланс_старый: 4283
[2025-09-01 12:57:59] Операция: Внесение данных в таблицу Касса
id клиента: 213, Нал: -32116, comment: , office: P1, Менеджер: Максимкина Татьяна 👩‍💼 P1
[2025-09-01 12:57:59] Операция: Обновление баланса клиента в таблице Клиенты
id Клиента: 213, Баланс_новый: 0, Баланс_старый: 32116
[2025-09-01 12:58:27] Операция: Внесение данных в таблицу Касса
id клиента: 211, Нал: -10124, comment: карта 01.09.2025, office: P0, Менеджер: Бахтибекова Елена 👩‍💼 (Админ)
[2025-09-01 12:58:27] Операция: Обновление баланса клиента в таблице Клиенты
id Клиента: 211, Выплата/пополнение -10124, Баланс_новый: 9159, Баланс_старый: 19283
[2025-09-01 12:59:09] Операция: Внесение данных в таблицу Касса
id клиента: 215, Нал: 45000, comment: , office: P0, Менеджер: Бахтибекова Елена 👩‍💼 (Админ)
[2025-09-01 12:59:09] Операция: Обновление баланса клиента в таблице Клиенты
id Клиента: 215, Выплата/пополнение 45000, Баланс_новый: 45000, Баланс_старый: 0
[2025-09-01 12:59:34] Операция: Внесение данных в таблицу Касса
id клиента: 215, Нал: -10538, comment: карта 01.09.2025, office: P0, Менеджер: Бахтибекова Елена 👩‍💼 (Админ)
[2025-09-01 12:59:34] Операция: Обновление баланса клиента в таблице Клиенты
id Клиента: 215, Выплата/пополнение -10538, Баланс_новый: 34462, Баланс_старый: 45000
[2025-09-01 13:00:45] Операция: Внесение данных в таблицу Касса
id клиента: 220, Нал: -29847, comment: , office: Z6, Менеджер: Соловков Александр 👨‍💼 Z6
[2025-09-01 13:00:45] Операция: Обновление баланса клиента в таблице Клиенты
id Клиента: 220, Баланс_новый: 0, Баланс_старый: 29847
[2025-09-01 13:03:04] Операция: Внесение данных в таблицу Касса
id клиента: 216, Нал: 6000, comment: , office: P0, Менеджер: Бахтибекова Елена 👩‍💼 (Админ)
[2025-09-01 13:03:04] Операция: Обновление баланса клиента в таблице Клиенты
id Клиента: 216, Выплата/пополнение 6000, Баланс_новый: -94079, Баланс_старый: -100079
[2025-09-01 13:05:14] Операция: Внесение данных в таблицу Касса
id клиента: 206, Нал: 50000, comment: , office: P0, Менеджер: Бахтибекова Елена 👩‍💼 (Админ)
[2025-09-01 13:05:14] Операция: Обновление баланса клиента в таблице Клиенты
id Клиента: 206, Выплата/пополнение 50000, Баланс_новый: 100000, Баланс_старый: 50000
[2025-09-01 13:05:44] Операция: Внесение данных в таблицу Касса
id клиента: 202, Нал: -4764, comment: карта 01.09.2025, office: P0, Менеджер: Бахтибекова Елена 👩‍💼 (Админ)
[2025-09-01 13:05:44] Операция: Обновление баланса клиента в таблице Клиенты
id Клиента: 202, Выплата/пополнение -4764, Баланс_новый: -4764, Баланс_старый: 0
[2025-09-01 13:08:38] Операция: Внесение данных в таблицу Касса
id клиента: 219, Нал: 35000, comment: , office: P0, Менеджер: Бахтибекова Елена 👩‍💼 (Админ)
[2025-09-01 13:08:38] Операция: Обновление баланса клиента в таблице Клиенты
id Клиента: 219, Выплата/пополнение 35000, Баланс_новый: -650000, Баланс_старый: -685000
[2025-09-01 13:16:31] Операция: Внесение данных в таблицу Касса
id клиента: 218, Нал: -48000, comment: , office: P1, Менеджер: Максимкина Татьяна 👩‍💼 P1
[2025-09-01 13:16:31] Операция: Обновление баланса клиента в таблице Клиенты
id Клиента: 218, Баланс_новый: 300, Баланс_старый: 48300
[2025-09-01 13:26:33] Операция: Внесение данных в таблицу Касса
id клиента: 203, Нал: -16372, comment: Зарплата, office: P2, Менеджер: Анискина Ольга 👩‍💼 P2
[2025-09-01 13:26:33] Операция: Обновление баланса клиента в таблице Клиенты
id Клиента: 203, Баланс_новый: 0, Баланс_старый: 16372
[2025-09-01 13:27:58] Операция: Внесение данных в таблицу Касса
id клиента: 235, Нал: -6949, comment: , office: P7, Менеджер: Алпатова Оксана 👩‍💼 P7
[2025-09-01 13:27:58] Операция: Обновление баланса клиента в таблице Клиенты
id Клиента: 235, Баланс_новый: 0, Баланс_старый: 6949
[2025-09-01 13:52:48] Операция: Внесение данных в таблицу Касса
id клиента: 222, Нал: -10814, comment: , office: P5, Менеджер: Фролова Ирина 👩‍💼 P5
[2025-09-01 13:52:48] Операция: Обновление баланса клиента в таблице Клиенты
id Клиента: 222, Баланс_новый: 0, Баланс_старый: 10814
[2025-09-01 13:56:26] Операция: Внесение данных в таблицу Касса
id клиента: 209, Нал: -2894, comment: , office: K12, Менеджер: Гришина Надежда 👩‍💼 K12
[2025-09-01 13:56:26] Операция: Обновление баланса клиента в таблице Клиенты
id Клиента: 209, Баланс_новый: 0, Баланс_старый: 2894
[2025-09-01 13:58:24] Операция: Внесение данных в таблицу Касса
id клиента: 228, Нал: -25000, comment: , office: K12, Менеджер: Гришина Надежда 👩‍💼 K12
[2025-09-01 13:58:24] Операция: Обновление баланса клиента в таблице Клиенты
id Клиента: 228, Баланс_новый: 145, Баланс_старый: 25145
[2025-09-01 14:07:54] Операция: Внесение данных в таблицу Касса
id клиента: 221, Нал: -20558, comment: , office: S4, Менеджер: Сонина Наталья 👩‍💼 S4
[2025-09-01 14:07:54] Операция: Обновление баланса клиента в таблице Клиенты
id Клиента: 221, Баланс_новый: 0, Баланс_старый: 20558
[2025-09-01 14:19:14] Операция: Внесение данных в таблицу Касса
id клиента: 223, Нал: -25058, comment: , office: P11, Менеджер: Голубева Мария 👩‍💼 P11
[2025-09-01 14:19:14] Операция: Обновление баланса клиента в таблице Клиенты
id Клиента: 223, Баланс_новый: 0, Баланс_старый: 25058
[2025-09-01 15:45:25] Операция: Внесение данных в таблицу Касса
id клиента: 210, Нал: 1333, comment: % июль, office: P0, Менеджер: Гирчев Роман 👨‍💼 (Админ)
[2025-09-01 15:45:25] Операция: Обновление баланса клиента в таблице Клиенты
id Клиента: 210, Выплата/пополнение 1333, Баланс_новый: -3179, Баланс_старый: -4512
[2025-09-01 15:46:23] Операция: Внесение данных в таблицу Касса
id клиента: 206, Нал: 4079, comment: % июль общая, office: P0, Менеджер: Гирчев Роман 👨‍💼 (Админ)
[2025-09-01 15:46:23] Операция: Обновление баланса клиента в таблице Клиенты
id Клиента: 206, Выплата/пополнение 4079, Баланс_новый: 104079, Баланс_старый: 100000
[2025-09-01 16:04:08] Операция: Внесение данных в таблицу Касса
id клиента: 201, Нал: -25058, comment: Зарплата, office: P2, Менеджер: Анискина Ольга 👩‍💼 P2
[2025-09-01 16:04:08] Операция: Обновление баланса клиента в таблице Клиенты
id Клиента: 201, Баланс_новый: 0, Баланс_старый: 25058
[2025-09-01 17:07:13] Операция: Внесение данных в таблицу Касса
id клиента: 206, Нал: -104079, comment: , office: S8, Менеджер: Гирчева Ольга 👩‍💼 S8
[2025-09-01 17:07:13] Операция: Обновление баланса клиента в таблице Клиенты
id Клиента: 206, Баланс_новый: 0, Баланс_старый: 104079
[2025-09-01 18:17:30] Операция: Внесение данных в таблицу Касса
id клиента: 230, Нал: -27750, comment: , office: P5, Менеджер: Фролова Ирина 👩‍💼 P5
[2025-09-01 18:17:30] Операция: Обновление баланса клиента в таблице Клиенты
id Клиента: 230, Баланс_новый: 20, Баланс_старый: 27770
[2025-09-02 10:36:50] Операция: Внесение данных в таблицу Касса
id клиента: 216, Нал: 6000, comment: , office: P0, Менеджер: Бахтибекова Елена 👩‍💼 (Админ)
[2025-09-02 10:36:50] Операция: Обновление баланса клиента в таблице Клиенты
id Клиента: 216, Выплата/пополнение 6000, Баланс_новый: -88079, Баланс_старый: -94079
[2025-09-02 10:53:15] Операция: Внесение данных в таблицу Касса
id клиента: 205, Нал: -27250, comment: , office: P1, Менеджер: Бунчина Ирина 👩‍💼 P1
[2025-09-02 10:53:15] Операция: Обновление баланса клиента в таблице Клиенты
id Клиента: 205, Баланс_новый: 0, Баланс_старый: 27250
[2025-09-02 12:25:17] Операция: Внесение данных в таблицу Касса
id клиента: 204, Нал: -51950, comment: , office: P7, Менеджер: Алпатова Оксана 👩‍💼 P7
[2025-09-02 12:25:17] Операция: Обновление баланса клиента в таблице Клиенты
id Клиента: 204, Баланс_новый: 0, Баланс_старый: 51950
[2025-09-02 13:08:21] Операция: Внесение данных в таблицу Касса
id клиента: 216, Нал: -1800, comment: , office: P7, Менеджер: Алпатова Оксана 👩‍💼 P7
[2025-09-02 13:08:21] Операция: Обновление баланса клиента в таблице Клиенты
id Клиента: 216, Баланс_новый: -89879, Баланс_старый: -88079
[2025-09-02 17:27:01] Операция: Внесение данных в таблицу Касса
id клиента: 215, Нал: -30000, comment: , office: P1, Менеджер: Бунчина Ирина 👩‍💼 P1
[2025-09-02 17:27:01] Операция: Обновление баланса клиента в таблице Клиенты
id Клиента: 215, Баланс_новый: 4462, Баланс_старый: 34462
[2025-09-02 17:29:30] Операция: Внесение данных в таблицу Касса
id клиента: 236, Нал: 1200, comment: за 01.09, office: P0, Менеджер: Бахтибеков Мирен 👨‍💼 (Админ)
[2025-09-02 17:29:30] Операция: Обновление баланса клиента в таблице Клиенты
id Клиента: 236, Выплата/пополнение 1200, Баланс_новый: 1200, Баланс_старый: 0
[2025-09-02 17:29:43] Операция: Внесение данных в таблицу Касса
id клиента: 236, Нал: 1200, comment: , office: P0, Менеджер: Бахтибеков Мирен 👨‍💼 (Админ)
[2025-09-02 17:29:43] Операция: Обновление баланса клиента в таблице Клиенты
id Клиента: 236, Выплата/пополнение 1200, Баланс_новый: 2400, Баланс_старый: 1200
[2025-09-03 10:18:12] Операция: Внесение данных в таблицу Касса
id клиента: 11, Нал: 758950, comment: 02.09.2025 843 285,00 Автомир 58 (наш долг), office: P0, Менеджер: Бахтибеков Мирен 👨‍💼 (Админ)
[2025-09-03 10:18:12] Операция: Обновление баланса клиента в таблице Клиенты
id Клиента: 11, Выплата/пополнение 758950, Баланс_новый: 3535750, Баланс_старый: 2776800
[2025-09-03 10:34:06] Операция: Внесение данных в таблицу Касса
id клиента: 11, Нал: -811950, comment: Калинина, office: P7, Менеджер: Алпатова Оксана 👩‍💼 P7
[2025-09-03 10:34:06] Операция: Обновление баланса клиента в таблице Клиенты
id Клиента: 11, Баланс_новый: 2723800, Баланс_старый: 3535750
[2025-09-03 14:30:50] Операция: Внесение данных в таблицу Касса
id клиента: 236, Нал: 900, comment: 03/09, office: P0, Менеджер: Бахтибекова Елена 👩‍💼 (Админ)
[2025-09-03 14:30:50] Операция: Обновление баланса клиента в таблице Клиенты
id Клиента: 236, Выплата/пополнение 900, Баланс_новый: 3300, Баланс_старый: 2400
[2025-09-03 16:09:36] Операция: Внесение данных в таблицу Касса
id клиента: 231, Нал: 9000, comment: , office: P0, Менеджер: Бахтибекова Елена 👩‍💼 (Админ)
[2025-09-03 16:09:36] Операция: Обновление баланса клиента в таблице Клиенты
id Клиента: 231, Выплата/пополнение 9000, Баланс_новый: 9000, Баланс_старый: 0
[2025-09-03 17:03:14] Операция: Внесение данных в таблицу Касса
id клиента: 231, Нал: -9000, comment: , office: P7, Менеджер: Алпатова Оксана 👩‍💼 P7
[2025-09-03 17:03:14] Операция: Обновление баланса клиента в таблице Клиенты
id Клиента: 231, Баланс_новый: 0, Баланс_старый: 9000
[2025-09-03 18:50:42] Операция: Внесение данных в таблицу Касса
id клиента: 214, Нал: -1000, comment: , office: P5, Менеджер: Фролова Ирина 👩‍💼 P5
[2025-09-03 18:50:42] Операция: Обновление баланса клиента в таблице Клиенты
id Клиента: 214, Баланс_новый: -97962, Баланс_старый: -96962
[2025-09-04 09:40:50] Операция: Внесение данных в таблицу Касса
id клиента: 224, Нал: 50000, comment: , office: P0, Менеджер: Бахтибекова Елена 👩‍💼 (Админ)
[2025-09-04 09:40:50] Операция: Обновление баланса клиента в таблице Клиенты
id Клиента: 224, Выплата/пополнение 50000, Баланс_новый: -73898, Баланс_старый: -123898
[2025-09-04 11:31:13] Операция: Внесение данных в таблицу Касса
id клиента: 215, Нал: -1200, comment: , office: P1, Менеджер: Бунчина Ирина 👩‍💼 P1
[2025-09-04 11:31:13] Операция: Обновление баланса клиента в таблице Клиенты
id Клиента: 215, Баланс_новый: 3262, Баланс_старый: 4462
[2025-09-04 11:53:04] Операция: Внесение данных в таблицу Касса
id клиента: 224, Нал: -50000, comment: , office: P7, Менеджер: Алпатова Оксана 👩‍💼 P7
[2025-09-04 11:53:04] Операция: Обновление баланса клиента в таблице Клиенты
id Клиента: 224, Баланс_новый: -123898, Баланс_старый: -73898
[2025-09-04 13:26:54] Операция: Внесение данных в таблицу Касса
id клиента: 232, Нал: 6000, comment: , office: P0, Менеджер: Бахтибекова Елена 👩‍💼 (Админ)
[2025-09-04 13:26:54] Операция: Обновление баланса клиента в таблице Клиенты
id Клиента: 232, Выплата/пополнение 6000, Баланс_новый: 6000, Баланс_старый: 0
[2025-09-04 14:16:11] Операция: Внесение данных в таблицу Касса
id клиента: 236, Нал: 900, comment: 04/09, office: P0, Менеджер: Бахтибекова Елена 👩‍💼 (Админ)
[2025-09-04 14:16:11] Операция: Обновление баланса клиента в таблице Клиенты
id Клиента: 236, Выплата/пополнение 900, Баланс_новый: 4200, Баланс_старый: 3300
[2025-09-04 15:17:57] Операция: Внесение данных в таблицу Касса
id клиента: 232, Нал: -6000, comment: Зарплата, office: P2, Менеджер: Анискина Ольга 👩‍💼 P2
[2025-09-04 15:17:57] Операция: Обновление баланса клиента в таблице Клиенты
id Клиента: 232, Баланс_новый: 0, Баланс_старый: 6000
[2025-09-04 16:52:15] Операция: Внесение данных в таблицу Касса
id клиента: 216, Нал: 6000, comment: , office: P0, Менеджер: Бахтибекова Елена 👩‍💼 (Админ)
[2025-09-04 16:52:15] Операция: Обновление баланса клиента в таблице Клиенты
id Клиента: 216, Выплата/пополнение 6000, Баланс_новый: -83879, Баланс_старый: -89879
[2025-09-04 16:55:45] Операция: Внесение данных в таблицу Касса
id клиента: 216, Нал: -6000, comment: , office: P7, Менеджер: Алпатова Оксана 👩‍💼 P7
[2025-09-04 16:55:45] Операция: Обновление баланса клиента в таблице Клиенты
id Клиента: 216, Баланс_новый: -89879, Баланс_старый: -83879
[2025-09-04 18:44:04] Операция: Внесение данных в таблицу Касса
id клиента: 215, Нал: -1262, comment: , office: P1, Менеджер: Бунчина Ирина 👩‍💼 P1
[2025-09-04 18:44:04] Операция: Обновление баланса клиента в таблице Клиенты
id Клиента: 215, Баланс_новый: 2000, Баланс_старый: 3262
[2025-09-05 09:28:39] Операция: Внесение данных в таблицу Касса
id клиента: 215, Нал: -1190, comment: , office: P1, Менеджер: Бунчина Ирина 👩‍💼 P1
[2025-09-05 09:28:39] Операция: Обновление баланса клиента в таблице Клиенты
id Клиента: 215, Баланс_новый: 810, Баланс_старый: 2000
[2025-09-05 09:59:16] Операция: Внесение данных в таблицу Касса
id клиента: 220, Нал: 2757, comment: % август, office: P0, Менеджер: Бахтибекова Елена 👩‍💼 (Админ)
[2025-09-05 09:59:16] Операция: Обновление баланса клиента в таблице Клиенты
id Клиента: 220, Выплата/пополнение 2757, Баланс_новый: 2757, Баланс_старый: 0
[2025-09-05 10:13:48] Операция: Внесение данных в таблицу Касса
id клиента: 220, Нал: -2757, comment: % август, office: Z6, Менеджер: Соловков Александр 👨‍💼 Z6
[2025-09-05 10:13:48] Операция: Обновление баланса клиента в таблице Клиенты
id Клиента: 220, Баланс_новый: 0, Баланс_старый: 2757
[2025-09-05 13:00:36] Операция: Внесение данных в таблицу Касса
id клиента: 11, Нал: 406600, comment: 03.09.2025 451 750,00 Автомир 58 (наш долг), office: P0, Менеджер: Бахтибеков Мирен 👨‍💼 (Админ)
[2025-09-05 13:00:36] Операция: Обновление баланса клиента в таблице Клиенты
id Клиента: 11, Выплата/пополнение 406600, Баланс_новый: 3130400, Баланс_старый: 2723800
[2025-09-05 13:55:48] Операция: Внесение данных в таблицу Касса
id клиента: 11, Нал: -760500, comment: ул. Калинина 108б, office: P7, Менеджер: Алпатова Оксана 👩‍💼 P7
[2025-09-05 13:55:48] Операция: Обновление баланса клиента в таблице Клиенты
id Клиента: 11, Баланс_новый: 2369900, Баланс_старый: 3130400
[2025-09-05 16:54:23] Операция: Внесение данных в таблицу Касса
id клиента: 222, Нал: 15000, comment: , office: P0, Менеджер: Бахтибекова Елена 👩‍💼 (Админ)
[2025-09-05 16:54:23] Операция: Обновление баланса клиента в таблице Клиенты
id Клиента: 222, Выплата/пополнение 15000, Баланс_новый: 15014, Баланс_старый: 14
[2025-09-05 17:56:51] Операция: Внесение данных в таблицу Касса
id клиента: 236, Нал: 1200, comment: 05/09, office: P0, Менеджер: Бахтибекова Елена 👩‍💼 (Админ)
[2025-09-05 17:56:51] Операция: Обновление баланса клиента в таблице Клиенты
id Клиента: 236, Выплата/пополнение 1200, Баланс_новый: 5400, Баланс_старый: 4200
[2025-09-06 10:36:20] Операция: Внесение данных в таблицу Касса
id клиента: 216, Нал: 3000, comment: , office: P0, Менеджер: Бахтибекова Елена 👩‍💼 (Админ)
[2025-09-06 10:36:20] Операция: Обновление баланса клиента в таблице Клиенты
id Клиента: 216, Выплата/пополнение 3000, Баланс_новый: -86879, Баланс_старый: -89879
[2025-09-06 10:37:33] Операция: Внесение данных в таблицу Касса
id клиента: 226, Нал: 12900, comment: , office: P0, Менеджер: Бахтибекова Елена 👩‍💼 (Админ)
[2025-09-06 10:37:33] Операция: Обновление баланса клиента в таблице Клиенты
id Клиента: 226, Выплата/пополнение 12900, Баланс_новый: 12900, Баланс_старый: 0
[2025-09-06 10:37:53] Операция: Внесение данных в таблицу Касса
id клиента: 231, Нал: 9000, comment: , office: P0, Менеджер: Бахтибекова Елена 👩‍💼 (Админ)
[2025-09-06 10:37:53] Операция: Обновление баланса клиента в таблице Клиенты
id Клиента: 231, Выплата/пополнение 9000, Баланс_новый: 9000, Баланс_старый: 0
[2025-09-06 10:38:38] Операция: Внесение данных в таблицу Касса
id клиента: 234, Нал: 12000, comment: , office: P0, Менеджер: Бахтибекова Елена 👩‍💼 (Админ)
[2025-09-06 10:38:38] Операция: Обновление баланса клиента в таблице Клиенты
id Клиента: 234, Выплата/пополнение 12000, Баланс_новый: 12000, Баланс_старый: 0
[2025-09-06 10:39:03] Операция: Внесение данных в таблицу Касса
id клиента: 208, Нал: 13200, comment: , office: P0, Менеджер: Бахтибекова Елена 👩‍💼 (Админ)
[2025-09-06 10:39:03] Операция: Обновление баланса клиента в таблице Клиенты
id Клиента: 208, Выплата/пополнение 13200, Баланс_новый: 13200, Баланс_старый: 0
[2025-09-06 10:39:25] Операция: Внесение данных в таблицу Касса
id клиента: 202, Нал: 13200, comment: , office: P0, Менеджер: Бахтибекова Елена 👩‍💼 (Админ)
[2025-09-06 10:39:25] Операция: Обновление баланса клиента в таблице Клиенты
id Клиента: 202, Выплата/пополнение 13200, Баланс_новый: 8436, Баланс_старый: -4764
[2025-09-06 10:42:19] Операция: Внесение данных в таблицу Касса
id клиента: 216, Нал: -3000, comment: , office: P1, Менеджер: Бунчина Ирина 👩‍💼 P1
[2025-09-06 10:42:19] Операция: Обновление баланса клиента в таблице Клиенты
id Клиента: 216, Баланс_новый: -89879, Баланс_старый: -86879
[2025-09-06 10:57:48] Операция: Внесение данных в таблицу Касса
id клиента: 231, Нал: -9000, comment: , office: P7, Менеджер: Алпатова Оксана 👩‍💼 P7
[2025-09-06 10:57:48] Операция: Обновление баланса клиента в таблице Клиенты
id Клиента: 231, Баланс_новый: 0, Баланс_старый: 9000
[2025-09-06 10:58:24] Операция: Внесение данных в таблицу Касса
id клиента: 234, Нал: -12000, comment: , office: P7, Менеджер: Алпатова Оксана 👩‍💼 P7
[2025-09-06 10:58:24] Операция: Обновление баланса клиента в таблице Клиенты
id Клиента: 234, Баланс_новый: 0, Баланс_старый: 12000
[2025-09-06 11:18:34] Операция: Внесение данных в таблицу Касса
id клиента: 226, Нал: -12900, comment: , office: P1, Менеджер: Бунчина Ирина 👩‍💼 P1
[2025-09-06 11:18:34] Операция: Обновление баланса клиента в таблице Клиенты
id Клиента: 226, Баланс_новый: 0, Баланс_старый: 12900
[2025-09-06 12:58:42] Операция: Внесение данных в таблицу Касса
id клиента: 202, Нал: -8400, comment: Зарплата, office: P2, Менеджер: Анискина Ольга 👩‍💼 P2
[2025-09-06 12:58:42] Операция: Обновление баланса клиента в таблице Клиенты
id Клиента: 202, Баланс_новый: 36, Баланс_старый: 8436
[2025-09-06 14:23:15] Операция: Внесение данных в таблицу Касса
id клиента: 208, Нал: -13200, comment: , office: P11, Менеджер: Голубева Мария 👩‍💼 P11
[2025-09-06 14:23:15] Операция: Обновление баланса клиента в таблице Клиенты
id Клиента: 208, Баланс_новый: 0, Баланс_старый: 13200
[2025-09-08 09:41:48] Операция: Внесение данных в таблицу Касса
id клиента: 209, Нал: 15400, comment: , office: P0, Менеджер: Бахтибекова Елена 👩‍💼 (Админ)
[2025-09-08 09:41:48] Операция: Обновление баланса клиента в таблице Клиенты
id Клиента: 209, Выплата/пополнение 15400, Баланс_новый: 15400, Баланс_старый: 0
[2025-09-08 10:40:27] Операция: Внесение данных в таблицу Касса
id клиента: 214, Нал: -8963, comment: , office: P5, Менеджер: Малков Кирилл 👨‍💼 P5
[2025-09-08 10:40:27] Операция: Обновление баланса клиента в таблице Клиенты
id Клиента: 214, Баланс_новый: -106925, Баланс_старый: -97962
[2025-09-08 10:57:42] Операция: Внесение данных в таблицу Касса
id клиента: 11, Нал: 802900, comment: 05.09.2025 892 104,00 Сура-Техно (наш долг), office: P0, Менеджер: Бахтибеков Мирен 👨‍💼 (Админ)
[2025-09-08 10:57:42] Операция: Обновление баланса клиента в таблице Клиенты
id Клиента: 11, Выплата/пополнение 802900, Баланс_новый: 3172800, Баланс_старый: 2369900
[2025-09-08 11:03:14] Операция: Внесение данных в таблицу Касса
id клиента: 209, Нал: -15400, comment: , office: K12, Менеджер: Гришина Надежда 👩‍💼 K12
[2025-09-08 11:03:14] Операция: Обновление баланса клиента в таблице Клиенты
id Клиента: 209, Баланс_новый: 0, Баланс_старый: 15400
[2025-09-08 11:18:15] Операция: Внесение данных в таблицу Касса
id клиента: 11, Нал: -425000, comment: ул. Ново-Тамбовская 22а, office: P1, Менеджер: Максимкина Татьяна 👩‍💼 P1
[2025-09-08 11:18:15] Операция: Обновление баланса клиента в таблице Клиенты
id Клиента: 11, Баланс_новый: 2747800, Баланс_старый: 3172800
[2025-09-08 12:12:31] Операция: Внесение данных в таблицу Касса
id клиента: 11, Нал: -467900, comment: Тернопольская 7, office: P5, Менеджер: Фролова Ирина 👩‍💼 P5
[2025-09-08 12:12:31] Операция: Обновление баланса клиента в таблице Клиенты
id Клиента: 11, Баланс_новый: 2279900, Баланс_старый: 2747800
[2025-09-08 14:52:56] Операция: Внесение данных в таблицу Касса
id клиента: 222, Нал: -15000, comment: , office: P5, Менеджер: Фролова Ирина 👩‍💼 P5
[2025-09-08 14:52:56] Операция: Обновление баланса клиента в таблице Клиенты
id Клиента: 222, Баланс_новый: 14, Баланс_старый: 15014
[2025-09-08 17:17:26] Операция: Внесение данных в таблицу Касса
id клиента: 236, Нал: 1200, comment: , office: P0, Менеджер: Бахтибекова Елена 👩‍💼 (Админ)
[2025-09-08 17:17:26] Операция: Обновление баланса клиента в таблице Клиенты
id Клиента: 236, Выплата/пополнение 1200, Баланс_новый: 6600, Баланс_старый: 5400
[2025-09-09 12:28:22] Операция: Внесение данных в таблицу Касса
id клиента: 236, Нал: 1200, comment: 09/09, office: P0, Менеджер: Бахтибекова Елена 👩‍💼 (Админ)
[2025-09-09 12:28:22] Операция: Обновление баланса клиента в таблице Клиенты
id Клиента: 236, Выплата/пополнение 1200, Баланс_новый: 7800, Баланс_старый: 6600
[2025-09-09 18:42:25] Операция: Внесение данных в таблицу Касса
id клиента: 214, Нал: -1000, comment: , office: P5, Менеджер: Малков Кирилл 👨‍💼 P5
[2025-09-09 18:42:25] Операция: Обновление баланса клиента в таблице Клиенты
id Клиента: 214, Баланс_новый: -107925, Баланс_старый: -106925
[2025-09-10 10:57:10] Операция: Внесение данных в таблицу Касса
id клиента: 11, Нал: 862400, comment: 09.09.2025 958 205,00 АВТОЗАПЧАСТЬ АМБ (наш долг), office: P0, Менеджер: Бахтибеков Мирен 👨‍💼 (Админ)
[2025-09-10 10:57:10] Операция: Обновление баланса клиента в таблице Клиенты
id Клиента: 11, Выплата/пополнение 862400, Баланс_новый: 3142300, Баланс_старый: 2279900
[2025-09-10 10:57:47] Операция: Внесение данных в таблицу Касса
id клиента: 11, Нал: 775950, comment: 09.09.2025 862 174,00 Автомир 58 (наш долг), office: P0, Менеджер: Бахтибеков Мирен 👨‍💼 (Админ)
[2025-09-10 10:57:47] Операция: Обновление баланса клиента в таблице Клиенты
id Клиента: 11, Выплата/пополнение 775950, Баланс_новый: 3918250, Баланс_старый: 3142300
[2025-09-10 10:58:19] Операция: Внесение данных в таблицу Касса
id клиента: 11, Нал: 802950, comment: 09.09.2025 892 175,00 АВТОЗАПЧАСТЬ АМБ (наш долг), office: P0, Менеджер: Бахтибеков Мирен 👨‍💼 (Админ)
[2025-09-10 10:58:19] Операция: Обновление баланса клиента в таблице Клиенты
id Клиента: 11, Выплата/пополнение 802950, Баланс_новый: 4721200, Баланс_старый: 3918250
[2025-09-10 10:58:48] Операция: Внесение данных в таблицу Касса
id клиента: 11, Нал: 718400, comment: 09.09.2025 798 205,00 Автомир 58 (наш долг), office: P0, Менеджер: Бахтибеков Мирен 👨‍💼 (Админ)
[2025-09-10 10:58:48] Операция: Обновление баланса клиента в таблице Клиенты
id Клиента: 11, Выплата/пополнение 718400, Баланс_новый: 5439600, Баланс_старый: 4721200
[2025-09-10 11:12:21] Операция: Внесение данных в таблицу Касса
id клиента: 11, Нал: -1018050, comment: Калинина, office: P7, Менеджер: Алпатова Оксана 👩‍💼 P7
[2025-09-10 11:12:21] Операция: Обновление баланса клиента в таблице Клиенты
id Клиента: 11, Баланс_новый: 4421550, Баланс_старый: 5439600
[2025-09-10 14:50:45] Операция: Внесение данных в таблицу Касса
id клиента: 212, Нал: -40000, comment: , office: P1, Менеджер: Бунчина Ирина 👩‍💼 P1
[2025-09-10 14:50:45] Операция: Обновление баланса клиента в таблице Клиенты
id Клиента: 212, Баланс_новый: 4549, Баланс_старый: 44549
[2025-09-10 15:55:45] Операция: Внесение данных в таблицу Касса
id клиента: 236, Нал: 900, comment: 10/09, office: P0, Менеджер: Бахтибекова Елена 👩‍💼 (Админ)
[2025-09-10 15:55:45] Операция: Обновление баланса клиента в таблице Клиенты
id Клиента: 236, Выплата/пополнение 900, Баланс_новый: 8700, Баланс_старый: 7800
[2025-09-10 17:48:23] Операция: Внесение данных в таблицу Касса
id клиента: 215, Нал: -810, comment: , office: P1, Менеджер: Бунчина Ирина 👩‍💼 P1
[2025-09-10 17:48:23] Операция: Обновление баланса клиента в таблице Клиенты
id Клиента: 215, Баланс_новый: 0, Баланс_старый: 810
[2025-09-11 14:34:57] Операция: Внесение данных в таблицу Касса
id клиента: 236, Нал: 1200, comment: , office: P0, Менеджер: Бахтибекова Елена 👩‍💼 (Админ)
[2025-09-11 14:34:57] Операция: Обновление баланса клиента в таблице Клиенты
id Клиента: 236, Выплата/пополнение 1200, Баланс_новый: 9900, Баланс_старый: 8700
[2025-09-12 10:31:36] Операция: Внесение данных в таблицу Касса
id клиента: 11, Нал: -958950, comment: Калинина, office: P7, Менеджер: Алпатова Оксана 👩‍💼 P7
[2025-09-12 10:31:36] Операция: Обновление баланса клиента в таблице Клиенты
id Клиента: 11, Баланс_новый: 3462600, Баланс_старый: 4421550
[2025-09-12 11:12:17] Операция: Внесение данных в таблицу Касса
id клиента: 211, Нал: 30000, comment: , office: P0, Менеджер: Бахтибекова Елена 👩‍💼 (Админ)
[2025-09-12 11:12:17] Операция: Обновление баланса клиента в таблице Клиенты
id Клиента: 211, Выплата/пополнение 30000, Баланс_новый: 39159, Баланс_старый: 9159
[2025-09-12 11:13:44] Операция: Внесение данных в таблицу Касса
id клиента: 201, Нал: 16500, comment: % август, office: P0, Менеджер: Бахтибекова Елена 👩‍💼 (Админ)
[2025-09-12 11:13:44] Операция: Обновление баланса клиента в таблице Клиенты
id Клиента: 201, Выплата/пополнение 16500, Баланс_новый: 16500, Баланс_старый: 0
[2025-09-12 11:18:52] Операция: Внесение данных в таблицу Касса
id клиента: 201, Нал: -16500, comment: % авгут, office: P2, Менеджер: Анискина Ольга 👩‍💼 P2
[2025-09-12 11:18:52] Операция: Обновление баланса клиента в таблице Клиенты
id Клиента: 201, Баланс_новый: 0, Баланс_старый: 16500
[2025-09-12 11:24:55] Операция: Внесение данных в таблицу Касса
id клиента: 208, Нал: 11000, comment: , office: P0, Менеджер: Бахтибекова Елена 👩‍💼 (Админ)
[2025-09-12 11:24:55] Операция: Обновление баланса клиента в таблице Клиенты
id Клиента: 208, Выплата/пополнение 11000, Баланс_новый: 11000, Баланс_старый: 0
[2025-09-12 11:25:46] Операция: Внесение данных в таблицу Касса
id клиента: 222, Нал: 15000, comment: , office: P0, Менеджер: Бахтибекова Елена 👩‍💼 (Админ)
[2025-09-12 11:25:46] Операция: Обновление баланса клиента в таблице Клиенты
id Клиента: 222, Выплата/пополнение 15000, Баланс_новый: 15014, Баланс_старый: 14
[2025-09-12 11:35:34] Операция: Внесение данных в таблицу Касса
id клиента: 211, Нал: -19003, comment: карта 12.09.2025 отпускные, office: P0, Менеджер: Бахтибекова Елена 👩‍💼 (Админ)
[2025-09-12 11:35:34] Операция: Обновление баланса клиента в таблице Клиенты
id Клиента: 211, Выплата/пополнение -19003, Баланс_новый: 35156, Баланс_старый: 54159
[2025-09-12 12:12:24] Операция: Внесение данных в таблицу Касса
id клиента: 211, Нал: -35000, comment: , office: P5, Менеджер: Фролова Ирина 👩‍💼 P5
[2025-09-12 12:12:24] Операция: Обновление баланса клиента в таблице Клиенты
id Клиента: 211, Баланс_новый: 156, Баланс_старый: 35156
[2025-09-12 15:51:21] Операция: Внесение данных в таблицу Касса
id клиента: 236, Нал: 1200, comment: 12/09, office: P0, Менеджер: Бахтибекова Елена 👩‍💼 (Админ)
[2025-09-12 15:51:21] Операция: Обновление баланса клиента в таблице Клиенты
id Клиента: 236, Выплата/пополнение 1200, Баланс_новый: 11100, Баланс_старый: 9900
[2025-09-12 18:37:44] Операция: Внесение данных в таблицу Касса
id клиента: 208, Нал: -11000, comment: , office: P11, Менеджер: Голубева Мария 👩‍💼 P11
[2025-09-12 18:37:44] Операция: Обновление баланса клиента в таблице Клиенты
id Клиента: 208, Баланс_новый: 0, Баланс_старый: 11000
[2025-09-12 18:42:37] Операция: Внесение данных в таблицу Касса
id клиента: 223, Нал: 7814, comment: % август, office: P0, Менеджер: Бахтибекова Елена 👩‍💼 (Админ)
[2025-09-12 18:42:37] Операция: Обновление баланса клиента в таблице Клиенты
id Клиента: 223, Выплата/пополнение 7814, Баланс_новый: 7814, Баланс_старый: 0
[2025-09-13 10:52:08] Операция: Внесение данных в таблицу Касса
id клиента: 216, Нал: 15300, comment: , office: P0, Менеджер: Бахтибекова Елена 👩‍💼 (Админ)
[2025-09-13 10:52:08] Операция: Обновление баланса клиента в таблице Клиенты
id Клиента: 216, Выплата/пополнение 15300, Баланс_новый: -74579, Баланс_старый: -89879
[2025-09-13 10:52:45] Операция: Внесение данных в таблицу Касса
id клиента: 226, Нал: 15800, comment: , office: P0, Менеджер: Бахтибекова Елена 👩‍💼 (Админ)
[2025-09-13 10:52:45] Операция: Обновление баланса клиента в таблице Клиенты
id Клиента: 226, Выплата/пополнение 15800, Баланс_новый: 15800, Баланс_старый: 0
[2025-09-13 10:53:11] Операция: Внесение данных в таблицу Касса
id клиента: 231, Нал: 13750, comment: , office: P0, Менеджер: Бахтибекова Елена 👩‍💼 (Админ)
[2025-09-13 10:53:11] Операция: Обновление баланса клиента в таблице Клиенты
id Клиента: 231, Выплата/пополнение 13750, Баланс_новый: 13750, Баланс_старый: 0
[2025-09-13 10:53:38] Операция: Внесение данных в таблицу Касса
id клиента: 234, Нал: 12000, comment: , office: P0, Менеджер: Бахтибекова Елена 👩‍💼 (Админ)
[2025-09-13 10:53:38] Операция: Обновление баланса клиента в таблице Клиенты
id Клиента: 234, Выплата/пополнение 12000, Баланс_новый: 12000, Баланс_старый: 0
[2025-09-13 10:54:03] Операция: Внесение данных в таблицу Касса
id клиента: 202, Нал: 13200, comment: , office: P0, Менеджер: Бахтибекова Елена 👩‍💼 (Админ)
[2025-09-13 10:54:03] Операция: Обновление баланса клиента в таблице Клиенты
id Клиента: 202, Выплата/пополнение 13200, Баланс_новый: 13236, Баланс_старый: 36
[2025-09-13 11:11:41] Операция: Внесение данных в таблицу Касса
id клиента: 216, Нал: -15300, comment: , office: P7, Менеджер: Алпатова Оксана 👩‍💼 P7
[2025-09-13 11:11:41] Операция: Обновление баланса клиента в таблице Клиенты
id Клиента: 216, Баланс_новый: -89879, Баланс_старый: -74579
[2025-09-13 11:12:25] Операция: Внесение данных в таблицу Касса
id клиента: 231, Нал: -3750, comment: , office: P7, Менеджер: Алпатова Оксана 👩‍💼 P7
[2025-09-13 11:12:25] Операция: Обновление баланса клиента в таблице Клиенты
id Клиента: 231, Баланс_новый: 10000, Баланс_старый: 13750
[2025-09-13 11:13:59] Операция: Внесение данных в таблицу Касса
id клиента: 226, Нал: -16000, comment: , office: P1, Менеджер: Максимкина Татьяна 👩‍💼 P1
[2025-09-13 11:13:59] Операция: Обновление баланса клиента в таблице Клиенты
id Клиента: 226, Баланс_новый: 0, Баланс_старый: 16000
[2025-09-13 11:31:34] Операция: Внесение данных в таблицу Касса
id клиента: 202, Нал: -13200, comment: Зарплата, office: P2, Менеджер: Анискина Ольга 👩‍💼 P2
[2025-09-13 11:31:34] Операция: Обновление баланса клиента в таблице Клиенты
id Клиента: 202, Баланс_новый: 36, Баланс_старый: 13236
[2025-09-13 13:03:45] Операция: Внесение данных в таблицу Касса
id клиента: 234, Нал: -12000, comment: , office: P7, Менеджер: Алпатова Оксана 👩‍💼 P7
[2025-09-13 13:03:45] Операция: Обновление баланса клиента в таблице Клиенты
id Клиента: 234, Баланс_новый: 0, Баланс_старый: 12000
[2025-09-13 13:53:33] Операция: Внесение данных в таблицу Касса
id клиента: 223, Нал: -7814, comment: , office: P11, Менеджер: Голубева Мария 👩‍💼 P11
[2025-09-13 13:53:33] Операция: Обновление баланса клиента в таблице Клиенты
id Клиента: 223, Баланс_новый: 0, Баланс_старый: 7814
[2025-09-13 15:08:32] Операция: Внесение данных в таблицу Касса
id клиента: 224, Нал: 15000, comment: , office: P0, Менеджер: Бахтибекова Елена 👩‍💼 (Админ)
[2025-09-13 15:08:32] Операция: Обновление баланса клиента в таблице Клиенты
id Клиента: 224, Выплата/пополнение 15000, Баланс_новый: -108898, Баланс_старый: -123898
[2025-09-13 15:09:07] Операция: Внесение данных в таблицу Касса
id клиента: 224, Нал: -10000, comment: , office: P7, Менеджер: Алпатова Оксана 👩‍💼 P7
[2025-09-13 15:09:07] Операция: Обновление баланса клиента в таблице Клиенты
id Клиента: 224, Баланс_новый: -118898, Баланс_старый: -108898
[2025-09-15 11:44:41] Операция: Внесение данных в таблицу Касса
id клиента: 11, Нал: 451950, comment: 12.09.2025 502 174,00 ТЕХПАРТ (наш долг), office: P0, Менеджер: Бахтибеков Мирен 👨‍💼 (Админ)
[2025-09-15 11:44:41] Операция: Обновление баланса клиента в таблице Клиенты
id Клиента: 11, Выплата/пополнение 451950, Баланс_новый: 3914550, Баланс_старый: 3462600
[2025-09-15 14:03:24] Операция: Внесение данных в таблицу Касса
id клиента: 231, Нал: -10000, comment: , office: P7, Менеджер: Алпатова Оксана 👩‍💼 P7
[2025-09-15 14:03:24] Операция: Обновление баланса клиента в таблице Клиенты
id Клиента: 231, Баланс_новый: 0, Баланс_старый: 10000
[2025-09-15 14:32:23] Операция: Внесение данных в таблицу Касса
id клиента: 236, Нал: 1500, comment: 15/09, office: P0, Менеджер: Бахтибекова Елена 👩‍💼 (Админ)
[2025-09-15 14:32:23] Операция: Обновление баланса клиента в таблице Клиенты
id Клиента: 236, Выплата/пополнение 1500, Баланс_новый: 12600, Баланс_старый: 11100
[2025-09-15 15:21:09] Операция: Внесение данных в таблицу Касса
id клиента: 11, Нал: -1021300, comment: Калинина, office: P7, Менеджер: Алпатова Оксана 👩‍💼 P7
[2025-09-15 15:21:09] Операция: Обновление баланса клиента в таблице Клиенты
id Клиента: 11, Баланс_новый: 2893250, Баланс_старый: 3914550
[2025-09-15 16:07:36] Операция: Внесение данных в таблицу Касса
id клиента: 214, Нал: 9700, comment: % август, office: P0, Менеджер: Бахтибекова Елена 👩‍💼 (Админ)
[2025-09-15 16:07:36] Операция: Обновление баланса клиента в таблице Клиенты
id Клиента: 214, Выплата/пополнение 9700, Баланс_новый: -98225, Баланс_старый: -107925
[2025-09-15 17:29:25] Операция: Внесение данных в таблицу Касса
id клиента: 214, Нал: -5000, comment: , office: P5, Менеджер: Фролова Ирина 👩‍💼 P5
[2025-09-15 17:29:25] Операция: Обновление баланса клиента в таблице Клиенты
id Клиента: 214, Баланс_новый: -103225, Баланс_старый: -98225
[2025-09-16 10:46:30] Операция: Внесение данных в таблицу Касса
id клиента: 225, Нал: 20800, comment: , office: P0, Менеджер: Бахтибекова Елена 👩‍💼 (Админ)
[2025-09-16 10:46:30] Операция: Обновление баланса клиента в таблице Клиенты
id Клиента: 225, Выплата/пополнение 20800, Баланс_новый: 91300, Баланс_старый: 70500
[2025-09-16 10:46:59] Операция: Внесение данных в таблицу Касса
id клиента: 216, Нал: 5500, comment: , office: P0, Менеджер: Бахтибекова Елена 👩‍💼 (Админ)
[2025-09-16 10:46:59] Операция: Обновление баланса клиента в таблице Клиенты
id Клиента: 216, Выплата/пополнение 5500, Баланс_новый: -84379, Баланс_старый: -89879
[2025-09-16 10:47:33] Операция: Внесение данных в таблицу Касса
id клиента: 216, Нал: -6833, comment: алименты, office: P0, Менеджер: Бахтибекова Елена 👩‍💼 (Админ)
[2025-09-16 10:47:33] Операция: Обновление баланса клиента в таблице Клиенты
id Клиента: 216, Выплата/пополнение -6833, Баланс_новый: -91212, Баланс_старый: -84379
[2025-09-16 10:48:06] Операция: Внесение данных в таблицу Касса
id клиента: 231, Нал: 2500, comment: , office: P0, Менеджер: Бахтибекова Елена 👩‍💼 (Админ)
[2025-09-16 10:48:06] Операция: Обновление баланса клиента в таблице Клиенты
id Клиента: 231, Выплата/пополнение 2500, Баланс_новый: 2500, Баланс_старый: 0
[2025-09-16 10:48:41] Операция: Внесение данных в таблицу Касса
id клиента: 231, Нал: -6643, comment: карта 16.09.2025, office: P0, Менеджер: Бахтибекова Елена 👩‍💼 (Админ)
[2025-09-16 10:48:41] Операция: Обновление баланса клиента в таблице Клиенты
id Клиента: 231, Выплата/пополнение -6643, Баланс_новый: -4143, Баланс_старый: 2500
[2025-09-16 10:49:34] Операция: Внесение данных в таблицу Касса
id клиента: 205, Нал: 22500, comment: , office: P0, Менеджер: Бахтибекова Елена 👩‍💼 (Админ)
[2025-09-16 10:49:34] Операция: Обновление баланса клиента в таблице Клиенты
id Клиента: 205, Выплата/пополнение 22500, Баланс_новый: 22500, Баланс_старый: 0
[2025-09-16 10:49:50] Операция: Внесение данных в таблицу Касса
id клиента: 205, Нал: -10914, comment: карта 16.09.2025, office: P0, Менеджер: Бахтибекова Елена 👩‍💼 (Админ)
[2025-09-16 10:49:50] Операция: Обновление баланса клиента в таблице Клиенты
id Клиента: 205, Выплата/пополнение -10914, Баланс_новый: 11586, Баланс_старый: 22500
[2025-09-16 10:50:12] Операция: Внесение данных в таблицу Касса
id клиента: 213, Нал: 17500, comment: , office: P0, Менеджер: Бахтибекова Елена 👩‍💼 (Админ)
[2025-09-16 10:50:12] Операция: Обновление баланса клиента в таблице Клиенты
id Клиента: 213, Выплата/пополнение 17500, Баланс_новый: 17500, Баланс_старый: 0
[2025-09-16 10:50:31] Операция: Внесение данных в таблицу Касса
id клиента: 213, Нал: -10915, comment: карта 16.09.2025, office: P0, Менеджер: Бахтибекова Елена 👩‍💼 (Админ)
[2025-09-16 10:50:31] Операция: Обновление баланса клиента в таблице Клиенты
id Клиента: 213, Выплата/пополнение -10915, Баланс_новый: 6585, Баланс_старый: 17500
[2025-09-16 10:50:58] Операция: Внесение данных в таблицу Касса
id клиента: 204, Нал: 23000, comment: , office: P0, Менеджер: Бахтибекова Елена 👩‍💼 (Админ)
[2025-09-16 10:50:58] Операция: Обновление баланса клиента в таблице Клиенты
id Клиента: 204, Выплата/пополнение 23000, Баланс_новый: 23000, Баланс_старый: 0
[2025-09-16 10:51:20] Операция: Внесение данных в таблицу Касса
id клиента: 235, Нал: 22100, comment: , office: P0, Менеджер: Бахтибекова Елена 👩‍💼 (Админ)
[2025-09-16 10:51:20] Операция: Обновление баланса клиента в таблице Клиенты
id Клиента: 235, Выплата/пополнение 22100, Баланс_новый: 22100, Баланс_старый: 0
[2025-09-16 10:51:42] Операция: Внесение данных в таблицу Касса
id клиента: 235, Нал: -11388, comment: карта 16.09.2025, office: P0, Менеджер: Бахтибекова Елена 👩‍💼 (Админ)
[2025-09-16 10:51:42] Операция: Обновление баланса клиента в таблице Клиенты
id Клиента: 235, Выплата/пополнение -11388, Баланс_новый: 10712, Баланс_старый: 22100
[2025-09-16 10:52:11] Операция: Внесение данных в таблицу Касса
id клиента: 209, Нал: 15400, comment: , office: P0, Менеджер: Бахтибекова Елена 👩‍💼 (Админ)
[2025-09-16 10:52:11] Операция: Обновление баланса клиента в таблице Клиенты
id Клиента: 209, Выплата/пополнение 15400, Баланс_новый: 15400, Баланс_старый: 0
[2025-09-16 10:52:34] Операция: Внесение данных в таблицу Касса
id клиента: 209, Нал: -11388, comment: карта 16.09.2025, office: P0, Менеджер: Бахтибекова Елена 👩‍💼 (Админ)
[2025-09-16 10:52:34] Операция: Обновление баланса клиента в таблице Клиенты
id Клиента: 209, Выплата/пополнение -11388, Баланс_новый: 4012, Баланс_старый: 15400
[2025-09-16 10:53:00] Операция: Внесение данных в таблицу Касса
id клиента: 202, Нал: 4400, comment: , office: P0, Менеджер: Бахтибекова Елена 👩‍💼 (Админ)
[2025-09-16 10:53:00] Операция: Обновление баланса клиента в таблице Клиенты
id Клиента: 202, Выплата/пополнение 4400, Баланс_новый: 4436, Баланс_старый: 36
[2025-09-16 10:53:18] Операция: Внесение данных в таблицу Касса
id клиента: 202, Нал: -10915, comment: карта 16.09.2025, office: P0, Менеджер: Бахтибекова Елена 👩‍💼 (Админ)
[2025-09-16 10:53:18] Операция: Обновление баланса клиента в таблице Клиенты
id Клиента: 202, Выплата/пополнение -10915, Баланс_новый: -6479, Баланс_старый: 4436
[2025-09-16 10:53:45] Операция: Внесение данных в таблицу Касса
id клиента: 230, Нал: 40600, comment: , office: P0, Менеджер: Бахтибекова Елена 👩‍💼 (Админ)
[2025-09-16 10:53:45] Операция: Обновление баланса клиента в таблице Клиенты
id Клиента: 230, Выплата/пополнение 40600, Баланс_новый: 40620, Баланс_старый: 20
[2025-09-16 10:54:04] Операция: Внесение данных в таблицу Касса
id клиента: 230, Нал: -11388, comment: карта 16.09.2025, office: P0, Менеджер: Бахтибекова Елена 👩‍💼 (Админ)
[2025-09-16 10:54:04] Операция: Обновление баланса клиента в таблице Клиенты
id Клиента: 230, Выплата/пополнение -11388, Баланс_новый: 29232, Баланс_старый: 40620
[2025-09-16 10:54:48] Операция: Внесение данных в таблицу Касса
id клиента: 222, Нал: 6000, comment: , office: P0, Менеджер: Бахтибекова Елена 👩‍💼 (Админ)
[2025-09-16 10:54:48] Операция: Обновление баланса клиента в таблице Клиенты
id Клиента: 222, Выплата/пополнение 6000, Баланс_новый: 21014, Баланс_старый: 15014
[2025-09-16 10:55:12] Операция: Внесение данных в таблицу Касса
id клиента: 222, Нал: -10915, comment: карта 16.09.2025, office: P0, Менеджер: Бахтибекова Елена 👩‍💼 (Админ)
[2025-09-16 10:55:12] Операция: Обновление баланса клиента в таблице Клиенты
id Клиента: 222, Выплата/пополнение -10915, Баланс_новый: 10099, Баланс_старый: 21014
[2025-09-16 10:56:11] Операция: Внесение данных в таблицу Касса
id клиента: 207, Нал: 36000, comment: , office: P0, Менеджер: Бахтибекова Елена 👩‍💼 (Админ)
[2025-09-16 10:56:11] Операция: Обновление баланса клиента в таблице Клиенты
id Клиента: 207, Выплата/пополнение 36000, Баланс_новый: 36000, Баланс_старый: 0
[2025-09-16 10:56:32] Операция: Внесение данных в таблицу Касса
id клиента: 207, Нал: -11388, comment: карта 16.09.2025, office: P0, Менеджер: Бахтибекова Елена 👩‍💼 (Админ)
[2025-09-16 10:56:32] Операция: Обновление баланса клиента в таблице Клиенты
id Клиента: 207, Выплата/пополнение -11388, Баланс_новый: 24612, Баланс_старый: 36000
[2025-09-16 10:56:57] Операция: Внесение данных в таблицу Касса
id клиента: 221, Нал: 33000, comment: , office: P0, Менеджер: Бахтибекова Елена 👩‍💼 (Админ)
[2025-09-16 10:56:57] Операция: Обновление баланса клиента в таблице Клиенты
id Клиента: 221, Выплата/пополнение 33000, Баланс_новый: 33000, Баланс_старый: 0
[2025-09-16 10:57:22] Операция: Внесение данных в таблицу Касса
id клиента: 221, Нал: -11388, comment: карта 16.09.2025, office: P0, Менеджер: Бахтибекова Елена 👩‍💼 (Админ)
[2025-09-16 10:57:22] Операция: Обновление баланса клиента в таблице Клиенты
id Клиента: 221, Выплата/пополнение -11388, Баланс_новый: 21612, Баланс_старый: 33000
[2025-09-16 10:58:14] Операция: Внесение данных в таблицу Касса
id клиента: 210, Нал: 31000, comment: , office: P0, Менеджер: Бахтибекова Елена 👩‍💼 (Админ)
[2025-09-16 10:58:14] Операция: Обновление баланса клиента в таблице Клиенты
id Клиента: 210, Выплата/пополнение 31000, Баланс_новый: 27821, Баланс_старый: -3179
[2025-09-16 10:59:09] Операция: Внесение данных в таблицу Касса
id клиента: 228, Нал: 30000, comment: , office: P0, Менеджер: Бахтибекова Елена 👩‍💼 (Админ)
[2025-09-16 10:59:09] Операция: Обновление баланса клиента в таблице Клиенты
id Клиента: 228, Выплата/пополнение 30000, Баланс_новый: 30145, Баланс_старый: 145
[2025-09-16 10:59:31] Операция: Внесение данных в таблицу Касса
id клиента: 228, Нал: -11388, comment: карта 16.09.2025, office: P0, Менеджер: Бахтибекова Елена 👩‍💼 (Админ)
[2025-09-16 10:59:31] Операция: Обновление баланса клиента в таблице Клиенты
id Клиента: 228, Выплата/пополнение -11388, Баланс_новый: 18757, Баланс_старый: 30145
[2025-09-16 10:59:57] Операция: Внесение данных в таблицу Касса
id клиента: 220, Нал: 35000, comment: , office: P0, Менеджер: Бахтибекова Елена 👩‍💼 (Админ)
[2025-09-16 10:59:57] Операция: Обновление баланса клиента в таблице Клиенты
id Клиента: 220, Выплата/пополнение 35000, Баланс_новый: 35000, Баланс_старый: 0
[2025-09-16 11:00:13] Операция: Внесение данных в таблицу Касса
id клиента: 220, Нал: -5694, comment: карта 16.09.2025, office: P0, Менеджер: Бахтибекова Елена 👩‍💼 (Админ)
[2025-09-16 11:00:13] Операция: Обновление баланса клиента в таблице Клиенты
id Клиента: 220, Выплата/пополнение -5694, Баланс_новый: 29306, Баланс_старый: 35000
[2025-09-16 11:00:40] Операция: Внесение данных в таблицу Касса
id клиента: 201, Нал: 35000, comment: , office: P0, Менеджер: Бахтибекова Елена 👩‍💼 (Админ)
[2025-09-16 11:00:40] Операция: Обновление баланса клиента в таблице Клиенты
id Клиента: 201, Выплата/пополнение 35000, Баланс_новый: 35000, Баланс_старый: 0
[2025-09-16 11:00:54] Операция: Внесение данных в таблицу Касса
id клиента: 201, Нал: -11388, comment: карта 16.09.2025, office: P0, Менеджер: Бахтибекова Елена 👩‍💼 (Админ)
[2025-09-16 11:00:54] Операция: Обновление баланса клиента в таблице Клиенты
id Клиента: 201, Выплата/пополнение -11388, Баланс_новый: 23612, Баланс_старый: 35000
[2025-09-16 11:01:20] Операция: Внесение данных в таблицу Касса
id клиента: 214, Нал: 33200, comment: , office: P0, Менеджер: Бахтибекова Елена 👩‍💼 (Админ)
[2025-09-16 11:01:20] Операция: Обновление баланса клиента в таблице Клиенты
id Клиента: 214, Выплата/пополнение 33200, Баланс_новый: -70025, Баланс_старый: -103225
[2025-09-16 11:01:38] Операция: Внесение данных в таблицу Касса
id клиента: 214, Нал: -11388, comment: карта 16.09.2025, office: P0, Менеджер: Бахтибекова Елена 👩‍💼 (Админ)
[2025-09-16 11:01:38] Операция: Обновление баланса клиента в таблице Клиенты
id Клиента: 214, Выплата/пополнение -11388, Баланс_новый: -81413, Баланс_старый: -70025
[2025-09-16 11:02:04] Операция: Внесение данных в таблицу Касса
id клиента: 223, Нал: 35500, comment: , office: P0, Менеджер: Бахтибекова Елена 👩‍💼 (Админ)
[2025-09-16 11:02:04] Операция: Обновление баланса клиента в таблице Клиенты
id Клиента: 223, Выплата/пополнение 35500, Баланс_новый: 35500, Баланс_старый: 0
[2025-09-16 11:02:47] Операция: Внесение данных в таблицу Касса
id клиента: 223, Нал: -11388, comment: карта 16.09.2025, office: P0, Менеджер: Бахтибекова Елена 👩‍💼 (Админ)
[2025-09-16 11:02:47] Операция: Обновление баланса клиента в таблице Клиенты
id Клиента: 223, Выплата/пополнение -11388, Баланс_новый: 24112, Баланс_старый: 35500
[2025-09-16 11:03:36] Операция: Внесение данных в таблицу Касса
id клиента: 212, Нал: 23350, comment: , office: P0, Менеджер: Бахтибекова Елена 👩‍💼 (Админ)
[2025-09-16 11:03:36] Операция: Обновление баланса клиента в таблице Клиенты
id Клиента: 212, Выплата/пополнение 23350, Баланс_новый: 27899, Баланс_старый: 4549
[2025-09-16 11:04:01] Операция: Внесение данных в таблицу Касса
id клиента: 212, Нал: -1897, comment: карта 16.09.2025, office: P0, Менеджер: Бахтибекова Елена 👩‍💼 (Админ)
[2025-09-16 11:04:01] Операция: Обновление баланса клиента в таблице Клиенты
id Клиента: 212, Выплата/пополнение -1897, Баланс_новый: 26002, Баланс_старый: 27899
[2025-09-16 11:04:33] Операция: Внесение данных в таблицу Касса
id клиента: 203, Нал: 20000, comment: , office: P0, Менеджер: Бахтибекова Елена 👩‍💼 (Админ)
[2025-09-16 11:04:33] Операция: Обновление баланса клиента в таблице Клиенты
id Клиента: 203, Выплата/пополнение 20000, Баланс_новый: 20000, Баланс_старый: 0
[2025-09-16 11:05:00] Операция: Внесение данных в таблицу Касса
id клиента: 203, Нал: -1818, comment: карта 16.09.2025, office: P0, Менеджер: Бахтибекова Елена 👩‍💼 (Админ)
[2025-09-16 11:05:00] Операция: Обновление баланса клиента в таблице Клиенты
id Клиента: 203, Выплата/пополнение -1818, Баланс_новый: 18182, Баланс_старый: 20000
[2025-09-16 11:05:36] Операция: Внесение данных в таблицу Касса
id клиента: 218, Нал: 30500, comment: , office: P0, Менеджер: Бахтибекова Елена 👩‍💼 (Админ)
[2025-09-16 11:05:36] Операция: Обновление баланса клиента в таблице Клиенты
id Клиента: 218, Выплата/пополнение 30500, Баланс_новый: 30800, Баланс_старый: 300
[2025-09-16 11:07:10] Операция: Внесение данных в таблицу Касса
id клиента: 219, Нал: 35000, comment: , office: P0, Менеджер: Бахтибекова Елена 👩‍💼 (Админ)
[2025-09-16 11:07:10] Операция: Обновление баланса клиента в таблице Клиенты
id Клиента: 219, Выплата/пополнение 35000, Баланс_новый: -615000, Баланс_старый: -650000
[2025-09-16 11:08:30] Операция: Внесение данных в таблицу Касса
id клиента: 215, Нал: 45000, comment: , office: P0, Менеджер: Бахтибекова Елена 👩‍💼 (Админ)
[2025-09-16 11:08:30] Операция: Обновление баланса клиента в таблице Клиенты
id Клиента: 215, Выплата/пополнение 45000, Баланс_новый: 45000, Баланс_старый: 0
[2025-09-16 11:08:44] Операция: Внесение данных в таблицу Касса
id клиента: 215, Нал: -11863, comment: карта 16.09.2025, office: P0, Менеджер: Бахтибекова Елена 👩‍💼 (Админ)
[2025-09-16 11:08:44] Операция: Обновление баланса клиента в таблице Клиенты
id Клиента: 215, Выплата/пополнение -11863, Баланс_новый: 33137, Баланс_старый: 45000
[2025-09-16 11:09:26] Операция: Внесение данных в таблицу Касса
id клиента: 206, Нал: 50000, comment: , office: P0, Менеджер: Бахтибекова Елена 👩‍💼 (Админ)
[2025-09-16 11:09:26] Операция: Обновление баланса клиента в таблице Клиенты
id Клиента: 206, Выплата/пополнение 50000, Баланс_новый: 50000, Баланс_старый: 0
[2025-09-16 11:09:33] Операция: Внесение данных в таблицу Касса
id клиента: 220, Нал: -29306, comment: , office: Z6, Менеджер: Соловков Александр 👨‍💼 Z6
[2025-09-16 11:09:33] Операция: Обновление баланса клиента в таблице Клиенты
id Клиента: 220, Баланс_новый: 0, Баланс_старый: 29306
[2025-09-16 11:10:17] Операция: Внесение данных в таблицу Касса
id клиента: 211, Нал: -9491, comment: карта 16.09.2025, office: P0, Менеджер: Бахтибекова Елена 👩‍💼 (Админ)
[2025-09-16 11:10:17] Операция: Обновление баланса клиента в таблице Клиенты
id Клиента: 211, Выплата/пополнение -9491, Баланс_новый: -9335, Баланс_старый: 156
[2025-09-16 11:15:56] Операция: Внесение данных в таблицу Касса
id клиента: 203, Нал: -18182, comment: Зарплата, office: P2, Менеджер: Анискина Ольга 👩‍💼 P2
[2025-09-16 11:15:56] Операция: Обновление баланса клиента в таблице Клиенты
id Клиента: 203, Баланс_новый: 0, Баланс_старый: 18182
[2025-09-16 11:16:24] Операция: Внесение данных в таблицу Касса
id клиента: 201, Нал: -23612, comment: Зарплата, office: P2, Менеджер: Анискина Ольга 👩‍💼 P2
[2025-09-16 11:16:24] Операция: Обновление баланса клиента в таблице Клиенты
id Клиента: 201, Баланс_новый: 0, Баланс_старый: 23612
[2025-09-16 11:29:48] Операция: Внесение данных в таблицу Касса
id клиента: 221, Нал: -21612, comment: , office: S4, Менеджер: Сонина Наталья 👩‍💼 S4
[2025-09-16 11:29:48] Операция: Обновление баланса клиента в таблице Клиенты
id Клиента: 221, Баланс_новый: 0, Баланс_старый: 21612
[2025-09-16 11:40:57] Операция: Внесение данных в таблицу Касса
id клиента: 223, Нал: -24112, comment: , office: P11, Менеджер: Голубева Мария 👩‍💼 P11
[2025-09-16 11:40:57] Операция: Обновление баланса клиента в таблице Клиенты
id Клиента: 223, Баланс_новый: 0, Баланс_старый: 24112
[2025-09-16 11:49:28] Операция: Внесение данных в таблицу Касса
id клиента: 235, Нал: -10700, comment: , office: P7, Менеджер: Алпатова Оксана 👩‍💼 P7
[2025-09-16 11:49:28] Операция: Обновление баланса клиента в таблице Клиенты
id Клиента: 235, Баланс_новый: 12, Баланс_старый: 10712
[2025-09-16 11:59:08] Операция: Внесение данных в таблицу Касса
id клиента: 209, Нал: -4000, comment: , office: K12, Менеджер: Гришина Надежда 👩‍💼 K12
[2025-09-16 11:59:08] Операция: Обновление баланса клиента в таблице Клиенты
id Клиента: 209, Баланс_новый: 12, Баланс_старый: 4012
[2025-09-16 13:02:43] Операция: Внесение данных в таблицу Касса
id клиента: 210, Нал: -27800, comment: , office: S4, Менеджер: Занчев Олег 👨‍💼 S4
[2025-09-16 13:02:43] Операция: Обновление баланса клиента в таблице Клиенты
id Клиента: 210, Баланс_новый: 21, Баланс_старый: 27821
[2025-09-16 13:02:49] Операция: Внесение данных в таблицу Касса
id клиента: 219, Нал: -20000, comment: , office: P7, Менеджер: Алпатова Оксана 👩‍💼 P7
[2025-09-16 13:02:49] Операция: Обновление баланса клиента в таблице Клиенты
id Клиента: 219, Баланс_новый: -635000, Баланс_старый: -615000
[2025-09-16 13:40:25] Операция: Внесение данных в таблицу Касса
id клиента: 236, Нал: 1200, comment: 16/09, office: P0, Менеджер: Бахтибекова Елена 👩‍💼 (Админ)
[2025-09-16 13:40:25] Операция: Обновление баланса клиента в таблице Клиенты
id Клиента: 236, Выплата/пополнение 1200, Баланс_новый: 13800, Баланс_старый: 12600
[2025-09-16 17:07:24] Операция: Внесение данных в таблицу Касса
id клиента: 230, Нал: -29200, comment: , office: P5, Менеджер: Фролова Ирина 👩‍💼 P5
[2025-09-16 17:07:24] Операция: Обновление баланса клиента в таблице Клиенты
id Клиента: 230, Баланс_новый: 32, Баланс_старый: 29232
[2025-09-17 11:04:20] Операция: Внесение данных в таблицу Касса
id клиента: 11, Нал: -1227900, comment: Тернопольская 7, office: P5, Менеджер: Фролова Ирина 👩‍💼 P5
[2025-09-17 11:04:20] Операция: Обновление баланса клиента в таблице Клиенты
id Клиента: 11, Баланс_новый: 1665350, Баланс_старый: 2893250
[2025-09-17 14:08:36] Операция: Внесение данных в таблицу Касса
id клиента: 236, Нал: 600, comment: 17/09, office: P0, Менеджер: Бахтибекова Елена 👩‍💼 (Админ)
[2025-09-17 14:08:36] Операция: Обновление баланса клиента в таблице Клиенты
id Клиента: 236, Выплата/пополнение 600, Баланс_новый: 14400, Баланс_старый: 13800
[2025-09-18 12:05:55] Операция: Внесение данных в таблицу Касса
id клиента: 215, Нал: -100, comment: , office: P1, Менеджер: Максимкина Татьяна 👩‍💼 P1
[2025-09-18 12:05:55] Операция: Обновление баланса клиента в таблице Клиенты
id Клиента: 215, Баланс_новый: 33037, Баланс_старый: 33137
[2025-09-18 14:21:57] Операция: Внесение данных в таблицу Касса
id клиента: 236, Нал: 1200, comment: , office: P0, Менеджер: Бахтибекова Елена 👩‍💼 (Админ)
[2025-09-18 14:21:57] Операция: Обновление баланса клиента в таблице Клиенты
id Клиента: 236, Выплата/пополнение 1200, Баланс_новый: 15600, Баланс_старый: 14400
[2025-09-18 14:44:15] Операция: Внесение данных в таблицу Касса
id клиента: 214, Нал: -1150, comment: , office: P5, Менеджер: Фролова Ирина 👩‍💼 P5
[2025-09-18 14:44:15] Операция: Обновление баланса клиента в таблице Клиенты
id Клиента: 214, Баланс_новый: -82563, Баланс_старый: -81413
[2025-09-18 17:59:04] Операция: Внесение данных в таблицу Касса
id клиента: 218, Нал: -30800, comment: , office: P1, Менеджер: Максимкина Татьяна 👩‍💼 P1
[2025-09-18 17:59:04] Операция: Обновление баланса клиента в таблице Клиенты
id Клиента: 218, Баланс_новый: 0, Баланс_старый: 30800
[2025-09-18 18:29:44] Операция: Внесение данных в таблицу Касса
id клиента: 215, Нал: -30000, comment: , office: P1, Менеджер: Максимкина Татьяна 👩‍💼 P1
[2025-09-18 18:29:44] Операция: Обновление баланса клиента в таблице Клиенты
id Клиента: 215, Баланс_новый: 3037, Баланс_старый: 33037
[2025-09-19 10:30:09] Операция: Внесение данных в таблицу Касса
id клиента: 11, Нал: 790400, comment: 18.09.2025 878 204,00 Автомир 58 (наш долг), office: P0, Менеджер: Бахтибеков Мирен 👨‍💼 (Админ)
[2025-09-19 10:30:09] Операция: Обновление баланса клиента в таблице Клиенты
id Клиента: 11, Выплата/пополнение 790400, Баланс_новый: 2455750, Баланс_старый: 1665350
[2025-09-19 10:30:43] Операция: Внесение данных в таблицу Касса
id клиента: 11, Нал: 613750, comment: 18.09.2025 681 958,00 АВТОЗАПЧАСТЬ АМБ (наш долг), office: P0, Менеджер: Бахтибеков Мирен 👨‍💼 (Админ)
[2025-09-19 10:30:43] Операция: Обновление баланса клиента в таблице Клиенты
id Клиента: 11, Выплата/пополнение 613750, Баланс_новый: 3069500, Баланс_старый: 2455750
[2025-09-19 10:31:14] Операция: Внесение данных в таблицу Касса
id клиента: 11, Нал: 679500, comment: 18.09.2025 755 027,00 АВТОЗАПЧАСТЬ АМБ (наш долг), office: P0, Менеджер: Бахтибеков Мирен 👨‍💼 (Админ)
[2025-09-19 10:31:14] Операция: Обновление баланса клиента в таблице Клиенты
id Клиента: 11, Выплата/пополнение 679500, Баланс_новый: 3749000, Баланс_старый: 3069500
[2025-09-19 10:31:45] Операция: Внесение данных в таблицу Касса
id клиента: 11, Нал: 576150, comment: 18.09.2025 640 155,00 АВТОЗАПЧАСТЬ АМБ (наш долг), office: P0, Менеджер: Бахтибеков Мирен 👨‍💼 (Админ)
[2025-09-19 10:31:45] Операция: Обновление баланса клиента в таблице Клиенты
id Клиента: 11, Выплата/пополнение 576150, Баланс_новый: 4325150, Баланс_старый: 3749000
[2025-09-19 10:49:36] Операция: Внесение данных в таблицу Касса
id клиента: 11, Нал: -862400, comment: Калинина, office: P7, Менеджер: Алпатова Оксана 👩‍💼 P7
[2025-09-19 10:49:36] Операция: Обновление баланса клиента в таблице Клиенты
id Клиента: 11, Баланс_новый: 3462750, Баланс_старый: 4325150
[2025-09-19 11:53:58] Операция: Внесение данных в таблицу Касса
id клиента: 222, Нал: 10500, comment: , office: P0, Менеджер: Бахтибекова Елена 👩‍💼 (Админ)
[2025-09-19 11:53:58] Операция: Обновление баланса клиента в таблице Клиенты
id Клиента: 222, Выплата/пополнение 10500, Баланс_новый: 21599, Баланс_старый: 11099
[2025-09-19 13:19:04] Операция: Внесение данных в таблицу Касса
id клиента: 228, Нал: -10000, comment: , office: K12, Менеджер: Гришина Надежда 👩‍💼 K12
[2025-09-19 13:19:04] Операция: Обновление баланса клиента в таблице Клиенты
id Клиента: 228, Баланс_новый: 8757, Баланс_старый: 18757
[2025-09-19 14:07:22] Операция: Внесение данных в таблицу Касса
id клиента: 222, Нал: -20000, comment: , office: P5, Менеджер: Фролова Ирина 👩‍💼 P5
[2025-09-19 14:07:22] Операция: Обновление баланса клиента в таблице Клиенты
id Клиента: 222, Баланс_новый: 1599, Баланс_старый: 21599
[2025-09-19 14:11:13] Операция: Внесение данных в таблицу Касса
id клиента: 236, Нал: 1200, comment: , office: P0, Менеджер: Бахтибекова Елена 👩‍💼 (Админ)
[2025-09-19 14:11:13] Операция: Обновление баланса клиента в таблице Клиенты
id Клиента: 236, Выплата/пополнение 1200, Баланс_новый: 16800, Баланс_старый: 15600
[2025-09-19 16:44:41] Операция: Внесение данных в таблицу Касса
id клиента: 214, Нал: -15000, comment: , office: P5, Менеджер: Фролова Ирина 👩‍💼 P5
[2025-09-19 16:44:41] Операция: Обновление баланса клиента в таблице Клиенты
id Клиента: 214, Баланс_новый: -97563, Баланс_старый: -82563
[2025-09-19 16:56:57] Операция: Внесение данных в таблицу Касса
id клиента: 228, Нал: 3560, comment: % август, office: P0, Менеджер: Бахтибекова Елена 👩‍💼 (Админ)
[2025-09-19 16:56:57] Операция: Обновление баланса клиента в таблице Клиенты
id Клиента: 228, Выплата/пополнение 3560, Баланс_новый: 12317, Баланс_старый: 8757
[2025-09-19 16:57:22] Операция: Внесение данных в таблицу Касса
id клиента: 215, Нал: 76409, comment: % август, office: P0, Менеджер: Бахтибекова Елена 👩‍💼 (Админ)
[2025-09-19 16:57:22] Операция: Обновление баланса клиента в таблице Клиенты
id Клиента: 215, Выплата/пополнение 76409, Баланс_новый: 79446, Баланс_старый: 3037
[2025-09-19 17:40:54] Операция: Внесение данных в таблицу Касса
id клиента: 215, Нал: -70000, comment: , office: P1, Менеджер: Бунчина Ирина 👩‍💼 P1
[2025-09-19 17:40:54] Операция: Обновление баланса клиента в таблице Клиенты
id Клиента: 215, Баланс_новый: 9446, Баланс_старый: 79446
[2025-09-20 10:50:45] Операция: Внесение данных в таблицу Касса
id клиента: 216, Нал: 10500, comment: , office: P0, Менеджер: Бахтибекова Елена 👩‍💼 (Админ)
[2025-09-20 10:50:45] Операция: Обновление баланса клиента в таблице Клиенты
id Клиента: 216, Выплата/пополнение 10500, Баланс_новый: -80712, Баланс_старый: -91212
[2025-09-20 10:51:09] Операция: Внесение данных в таблицу Касса
id клиента: 226, Нал: 15000, comment: , office: P0, Менеджер: Бахтибекова Елена 👩‍💼 (Админ)
[2025-09-20 10:51:09] Операция: Обновление баланса клиента в таблице Клиенты
id Клиента: 226, Выплата/пополнение 15000, Баланс_новый: 15000, Баланс_старый: 0
[2025-09-20 10:51:33] Операция: Внесение данных в таблицу Касса
id клиента: 231, Нал: 7500, comment: , office: P0, Менеджер: Бахтибекова Елена 👩‍💼 (Админ)
[2025-09-20 10:51:33] Операция: Обновление баланса клиента в таблице Клиенты
id Клиента: 231, Выплата/пополнение 7500, Баланс_новый: 3357, Баланс_старый: -4143
[2025-09-20 10:51:56] Операция: Внесение данных в таблицу Касса
id клиента: 234, Нал: 12000, comment: , office: P0, Менеджер: Бахтибекова Елена 👩‍💼 (Админ)
[2025-09-20 10:51:56] Операция: Обновление баланса клиента в таблице Клиенты
id Клиента: 234, Выплата/пополнение 12000, Баланс_новый: 12000, Баланс_старый: 0
[2025-09-20 10:52:15] Операция: Внесение данных в таблицу Касса
id клиента: 208, Нал: 13200, comment: , office: P0, Менеджер: Бахтибекова Елена 👩‍💼 (Админ)
[2025-09-20 10:52:15] Операция: Обновление баланса клиента в таблице Клиенты
id Клиента: 208, Выплата/пополнение 13200, Баланс_новый: 13200, Баланс_старый: 0
[2025-09-20 10:52:42] Операция: Внесение данных в таблицу Касса
id клиента: 202, Нал: 8800, comment: , office: P0, Менеджер: Бахтибекова Елена 👩‍💼 (Админ)
[2025-09-20 10:52:42] Операция: Обновление баланса клиента в таблице Клиенты
id Клиента: 202, Выплата/пополнение 8800, Баланс_новый: 2321, Баланс_старый: -6479
[2025-09-20 10:56:06] Операция: Внесение данных в таблицу Касса
id клиента: 216, Нал: -3200, comment: , office: P7, Менеджер: Алпатова Оксана 👩‍💼 P7
[2025-09-20 10:56:06] Операция: Обновление баланса клиента в таблице Клиенты
id Клиента: 216, Баланс_новый: -83912, Баланс_старый: -80712
[2025-09-20 10:56:49] Операция: Внесение данных в таблицу Касса
id клиента: 216, Нал: -1000, comment: , office: P1, Менеджер: Бунчина Ирина 👩‍💼 P1
[2025-09-20 10:56:49] Операция: Обновление баланса клиента в таблице Клиенты
id Клиента: 216, Баланс_новый: -84912, Баланс_старый: -83912
[2025-09-20 11:00:31] Операция: Внесение данных в таблицу Касса
id клиента: 209, Нал: 8800, comment: , office: P0, Менеджер: Бахтибекова Елена 👩‍💼 (Админ)
[2025-09-20 11:00:31] Операция: Обновление баланса клиента в таблице Клиенты
id Клиента: 209, Выплата/пополнение 8800, Баланс_новый: 8812, Баланс_старый: 12
[2025-09-20 11:29:26] Операция: Внесение данных в таблицу Касса
id клиента: 231, Нал: -3300, comment: , office: P7, Менеджер: Алпатова Оксана 👩‍💼 P7
[2025-09-20 11:29:26] Операция: Обновление баланса клиента в таблице Клиенты
id Клиента: 231, Баланс_новый: 57, Баланс_старый: 3357
[2025-09-20 11:41:23] Операция: Внесение данных в таблицу Касса
id клиента: 209, Нал: -8800, comment: , office: K12, Менеджер: Гришина Надежда 👩‍💼 K12
[2025-09-20 11:41:23] Операция: Обновление баланса клиента в таблице Клиенты
id Клиента: 209, Баланс_новый: 12, Баланс_старый: 8812
[2025-09-20 13:02:47] Операция: Внесение данных в таблицу Касса
id клиента: 202, Нал: -2300, comment: Зарплата, office: P2, Менеджер: Анискина Ольга 👩‍💼 P2
[2025-09-20 13:02:47] Операция: Обновление баланса клиента в таблице Клиенты
id Клиента: 202, Баланс_новый: 21, Баланс_старый: 2321
[2025-09-20 13:15:11] Операция: Внесение данных в таблицу Касса
id клиента: 226, Нал: -15000, comment: , office: P1, Менеджер: Бунчина Ирина 👩‍💼 P1
[2025-09-20 13:15:11] Операция: Обновление баланса клиента в таблице Клиенты
id Клиента: 226, Баланс_новый: 0, Баланс_старый: 15000
[2025-09-20 13:48:58] Операция: Внесение данных в таблицу Касса
id клиента: 208, Нал: -13200, comment: , office: P11, Менеджер: Голубева Мария 👩‍💼 P11
[2025-09-20 13:48:58] Операция: Обновление баланса клиента в таблице Клиенты
id Клиента: 208, Баланс_новый: 0, Баланс_старый: 13200
[2025-09-22 11:24:51] Операция: Внесение данных в таблицу Касса
id клиента: 11, Нал: -1255650, comment: Тернопольская 7, office: P5, Менеджер: Фролова Ирина 👩‍💼 P5
[2025-09-22 11:24:51] Операция: Обновление баланса клиента в таблице Клиенты
id Клиента: 11, Баланс_новый: 2207100, Баланс_старый: 3462750
[2025-09-22 11:37:30] Операция: Внесение данных в таблицу Касса
id клиента: 213, Нал: -6585, comment: , office: P1, Менеджер: Максимкина Татьяна 👩‍💼 P1
[2025-09-22 11:37:30] Операция: Обновление баланса клиента в таблице Клиенты
id Клиента: 213, Баланс_новый: 0, Баланс_старый: 6585
[2025-09-22 14:34:05] Операция: Внесение данных в таблицу Касса
id клиента: 236, Нал: 1800, comment: 22/09, office: P0, Менеджер: Бахтибекова Елена 👩‍💼 (Админ)
[2025-09-22 14:34:05] Операция: Обновление баланса клиента в таблице Клиенты
id Клиента: 236, Выплата/пополнение 1800, Баланс_новый: 18600, Баланс_старый: 16800
[2025-09-22 15:35:35] Операция: Внесение данных в таблицу Касса
id клиента: 224, Нал: 50000, comment: , office: P0, Менеджер: Бахтибекова Елена 👩‍💼 (Админ)
[2025-09-22 15:35:35] Операция: Обновление баланса клиента в таблице Клиенты
id Клиента: 224, Выплата/пополнение 50000, Баланс_новый: -68898, Баланс_старый: -118898
[2025-09-22 16:58:26] Операция: Внесение данных в таблицу Касса
id клиента: 234, Нал: -12000, comment: , office: P7, Менеджер: Алпатова Оксана 👩‍💼 P7
[2025-09-22 16:58:26] Операция: Обновление баланса клиента в таблице Клиенты
id Клиента: 234, Баланс_новый: 0, Баланс_старый: 12000
[2025-09-22 17:06:50] Операция: Внесение данных в таблицу Касса
id клиента: 224, Нал: -50000, comment: , office: P1, Менеджер: Максимкина Татьяна 👩‍💼 P1
[2025-09-22 17:06:50] Операция: Обновление баланса клиента в таблице Клиенты
id Клиента: 224, Баланс_новый: -118898, Баланс_старый: -68898
[2025-09-23 14:03:56] Операция: Внесение данных в таблицу Касса
id клиента: 236, Нал: 1500, comment: 23/09, office: P0, Менеджер: Бахтибекова Елена 👩‍💼 (Админ)
[2025-09-23 14:03:56] Операция: Обновление баланса клиента в таблице Клиенты
id Клиента: 236, Выплата/пополнение 1500, Баланс_новый: 20100, Баланс_старый: 18600
[2025-09-23 14:52:14] Операция: Внесение данных в таблицу Касса
id клиента: 202, Нал: -1952, comment: карта 23.09.2025 больничный, office: P0, Менеджер: Бахтибекова Елена 👩‍💼 (Админ)
[2025-09-23 14:52:14] Операция: Обновление баланса клиента в таблице Клиенты
id Клиента: 202, Выплата/пополнение -1952, Баланс_новый: -1931, Баланс_старый: 21
[2025-09-24 10:19:10] Операция: Внесение данных в таблицу Касса
id клиента: 11, Нал: 633850, comment: 23.09.2025 704 285,00 Автомир 58 (наш долг), office: P0, Менеджер: Бахтибеков Мирен 👨‍💼 (Админ)
[2025-09-24 10:19:10] Операция: Обновление баланса клиента в таблице Клиенты
id Клиента: 11, Выплата/пополнение 633850, Баланс_новый: 2840950, Баланс_старый: 2207100
[2025-09-24 10:41:06] Операция: Внесение данных в таблицу Касса
id клиента: 11, Нал: -1416700, comment: Калинина, office: P7, Менеджер: Алпатова Оксана 👩‍💼 P7
[2025-09-24 10:41:06] Операция: Обновление баланса клиента в таблице Клиенты
id Клиента: 11, Баланс_новый: 1424250, Баланс_старый: 2840950
[2025-09-24 14:05:30] Операция: Внесение данных в таблицу Касса
id клиента: 236, Нал: 1500, comment: 24/09, office: P0, Менеджер: Бахтибекова Елена 👩‍💼 (Админ)
[2025-09-24 14:05:30] Операция: Обновление баланса клиента в таблице Клиенты
id Клиента: 236, Выплата/пополнение 1500, Баланс_новый: 21600, Баланс_старый: 20100
[2025-09-24 18:07:47] Операция: Внесение данных в таблицу Касса
id клиента: 215, Нал: -9446, comment: , office: P1, Менеджер: Бунчина Ирина 👩‍💼 P1
[2025-09-24 18:07:47] Операция: Обновление баланса клиента в таблице Клиенты
id Клиента: 215, Баланс_новый: 0, Баланс_старый: 9446
[2025-09-25 10:45:00] Операция: Внесение данных в таблицу Касса
id клиента: 11, Нал: 723850, comment: 24.09.2025 804 294,00 Автомир 58 (наш долг), office: P0, Менеджер: Бахтибеков Мирен 👨‍💼 (Админ)
[2025-09-25 10:45:00] Операция: Обновление баланса клиента в таблице Клиенты
id Клиента: 11, Выплата/пополнение 723850, Баланс_новый: 2148100, Баланс_старый: 1424250
[2025-09-25 10:45:35] Операция: Внесение данных в таблицу Касса
id клиента: 11, Нал: 680500, comment: 24.09.2025 756 108,00 Автомир 58 (наш долг), office: P0, Менеджер: Бахтибеков Мирен 👨‍💼 (Админ)
[2025-09-25 10:45:35] Операция: Обновление баланса клиента в таблице Клиенты
id Клиента: 11, Выплата/пополнение 680500, Баланс_новый: 2828600, Баланс_старый: 2148100
[2025-09-25 14:15:54] Операция: Внесение данных в таблицу Касса
id клиента: 236, Нал: 1800, comment: 25/09, office: P0, Менеджер: Бахтибекова Елена 👩‍💼 (Админ)
[2025-09-25 14:15:54] Операция: Обновление баланса клиента в таблице Клиенты
id Клиента: 236, Выплата/пополнение 1800, Баланс_новый: 23400, Баланс_старый: 21600
[2025-09-25 16:42:28] Операция: Внесение данных в таблицу Касса
id клиента: 214, Нал: -25000, comment: , office: P5, Менеджер: Фролова Ирина 👩‍💼 P5
[2025-09-25 16:42:28] Операция: Обновление баланса клиента в таблице Клиенты
id Клиента: 214, Баланс_новый: -122563, Баланс_старый: -97563
[2025-09-26 09:45:24] Операция: Внесение данных в таблицу Касса
id клиента: 11, Нал: 543800, comment: 25.09.2025 604 246,00 Регион Авто (наш долг), office: P0, Менеджер: Бахтибеков Мирен 👨‍💼 (Админ)
[2025-09-26 09:45:24] Операция: Обновление баланса клиента в таблице Клиенты
id Клиента: 11, Выплата/пополнение 543800, Баланс_новый: 3372400, Баланс_старый: 2828600
[2025-09-26 09:56:25] Операция: Внесение данных в таблицу Касса
id клиента: 11, Нал: -1334200, comment: Калинина, office: P7, Менеджер: Алпатова Оксана 👩‍💼 P7
[2025-09-26 09:56:25] Операция: Обновление баланса клиента в таблице Клиенты
id Клиента: 11, Баланс_новый: 2038200, Баланс_старый: 3372400
[2025-09-26 14:04:52] Операция: Внесение данных в таблицу Касса
id клиента: 236, Нал: 1500, comment: 26/09, office: P0, Менеджер: Бахтибекова Елена 👩‍💼 (Админ)
[2025-09-26 14:04:52] Операция: Обновление баланса клиента в таблице Клиенты
id Клиента: 236, Выплата/пополнение 1500, Баланс_новый: 24900, Баланс_старый: 23400
[2025-09-26 14:05:41] Операция: Внесение данных в таблицу Касса
id клиента: 222, Нал: 17500, comment: , office: P0, Менеджер: Бахтибекова Елена 👩‍💼 (Админ)
[2025-09-26 14:05:41] Операция: Обновление баланса клиента в таблице Клиенты
id Клиента: 222, Выплата/пополнение 17500, Баланс_новый: 19099, Баланс_старый: 1599
[2025-09-26 15:02:06] Операция: Внесение данных в таблицу Касса
id клиента: 222, Нал: -15000, comment: , office: P5, Менеджер: Фролова Ирина 👩‍💼 P5
[2025-09-26 15:02:06] Операция: Обновление баланса клиента в таблице Клиенты
id Клиента: 222, Баланс_новый: 4099, Баланс_старый: 19099
[2025-09-27 10:19:42] Операция: Внесение данных в таблицу Касса
id клиента: 216, Нал: 8500, comment: , office: P0, Менеджер: Бахтибекова Елена 👩‍💼 (Админ)
[2025-09-27 10:19:42] Операция: Обновление баланса клиента в таблице Клиенты
id Клиента: 216, Выплата/пополнение 8500, Баланс_новый: -76412, Баланс_старый: -84912
[2025-09-27 10:20:04] Операция: Внесение данных в таблицу Касса
id клиента: 226, Нал: 15000, comment: , office: P0, Менеджер: Бахтибекова Елена 👩‍💼 (Админ)
[2025-09-27 10:20:04] Операция: Обновление баланса клиента в таблице Клиенты
id Клиента: 226, Выплата/пополнение 15000, Баланс_новый: 15000, Баланс_старый: 0
[2025-09-27 10:20:31] Операция: Внесение данных в таблицу Касса
id клиента: 231, Нал: 17500, comment: , office: P0, Менеджер: Бахтибекова Елена 👩‍💼 (Админ)
[2025-09-27 10:20:31] Операция: Обновление баланса клиента в таблице Клиенты
id Клиента: 231, Выплата/пополнение 17500, Баланс_новый: 17557, Баланс_старый: 57
[2025-09-27 10:20:55] Операция: Внесение данных в таблицу Касса
id клиента: 234, Нал: 12000, comment: , office: P0, Менеджер: Бахтибекова Елена 👩‍💼 (Админ)
[2025-09-27 10:20:55] Операция: Обновление баланса клиента в таблице Клиенты
id Клиента: 234, Выплата/пополнение 12000, Баланс_новый: 12000, Баланс_старый: 0
[2025-09-27 10:21:17] Операция: Внесение данных в таблицу Касса
id клиента: 208, Нал: 11000, comment: , office: P0, Менеджер: Бахтибекова Елена 👩‍💼 (Админ)
[2025-09-27 10:21:17] Операция: Обновление баланса клиента в таблице Клиенты
id Клиента: 208, Выплата/пополнение 11000, Баланс_новый: 11000, Баланс_старый: 0
[2025-09-27 10:21:39] Операция: Внесение данных в таблицу Касса
id клиента: 202, Нал: 13200, comment: , office: P0, Менеджер: Бахтибекова Елена 👩‍💼 (Админ)
[2025-09-27 10:21:39] Операция: Обновление баланса клиента в таблице Клиенты
id Клиента: 202, Выплата/пополнение 13200, Баланс_новый: 11269, Баланс_старый: -1931
[2025-09-27 10:25:51] Операция: Внесение данных в таблицу Касса
id клиента: 216, Нал: -2500, comment: , office: P1, Менеджер: Максимкина Татьяна 👩‍💼 P1
[2025-09-27 10:25:51] Операция: Обновление баланса клиента в таблице Клиенты
id Клиента: 216, Баланс_новый: -78912, Баланс_старый: -76412
[2025-09-27 10:28:33] Операция: Внесение данных в таблицу Касса
id клиента: 216, Нал: -1000, comment: , office: P1, Менеджер: Максимкина Татьяна 👩‍💼 P1
[2025-09-27 10:28:33] Операция: Обновление баланса клиента в таблице Клиенты
id Клиента: 216, Баланс_новый: -79912, Баланс_старый: -78912
[2025-09-27 11:09:52] Операция: Внесение данных в таблицу Касса
id клиента: 231, Нал: -17500, comment: , office: P7, Менеджер: Алпатова Оксана 👩‍💼 P7
[2025-09-27 11:09:52] Операция: Обновление баланса клиента в таблице Клиенты
id Клиента: 231, Баланс_новый: 57, Баланс_старый: 17557
[2025-09-27 11:11:37] Операция: Внесение данных в таблицу Касса
id клиента: 234, Нал: -12000, comment: , office: P7, Менеджер: Алпатова Оксана 👩‍💼 P7
[2025-09-27 11:11:37] Операция: Обновление баланса клиента в таблице Клиенты
id Клиента: 234, Баланс_новый: 0, Баланс_старый: 12000
[2025-09-27 11:59:31] Операция: Внесение данных в таблицу Касса
id клиента: 202, Нал: -11200, comment: Зарплата, office: P2, Менеджер: Анискина Ольга 👩‍💼 P2
[2025-09-27 11:59:31] Операция: Обновление баланса клиента в таблице Клиенты
id Клиента: 202, Баланс_новый: 69, Баланс_старый: 11269
[2025-09-27 12:15:02] Операция: Внесение данных в таблицу Касса
id клиента: 216, Нал: -5000, comment: , office: P5, Менеджер: Фролова Ирина 👩‍💼 P5
[2025-09-27 12:15:02] Операция: Обновление баланса клиента в таблице Клиенты
id Клиента: 216, Баланс_новый: -84912, Баланс_старый: -79912
[2025-09-27 13:05:57] Операция: Внесение данных в таблицу Касса
id клиента: 228, Нал: -1000, comment: , office: K12, Менеджер: Гришина Надежда 👩‍💼 K12
[2025-09-27 13:05:57] Операция: Обновление баланса клиента в таблице Клиенты
id Клиента: 228, Баланс_новый: 11317, Баланс_старый: 12317
[2025-09-27 14:26:19] Операция: Внесение данных в таблицу Касса
id клиента: 226, Нал: -15000, comment: , office: P1, Менеджер: Максимкина Татьяна 👩‍💼 P1
[2025-09-27 14:26:19] Операция: Обновление баланса клиента в таблице Клиенты
id Клиента: 226, Баланс_новый: 0, Баланс_старый: 15000
[2025-09-27 14:52:00] Операция: Внесение данных в таблицу Касса
id клиента: 208, Нал: -11000, comment: , office: P11, Менеджер: Голубева Мария 👩‍💼 P11
[2025-09-27 14:52:00] Операция: Обновление баланса клиента в таблице Клиенты
id Клиента: 208, Баланс_новый: 0, Баланс_старый: 11000
[2025-09-29 11:10:18] Операция: Внесение данных в таблицу Касса
id клиента: 11, Нал: 813850, comment: 26.09.2025 904 275,00 ФИЛПИКС (наш долг), office: P0, Менеджер: Бахтибеков Мирен 👨‍💼 (Админ)
[2025-09-29 11:10:18] Операция: Обновление баланса клиента в таблице Клиенты
id Клиента: 11, Выплата/пополнение 813850, Баланс_новый: 2852050, Баланс_старый: 2038200
[2025-09-29 11:10:50] Операция: Внесение данных в таблицу Касса
id клиента: 11, Нал: 626500, comment: 26.09.2025 696 104,00 Автомир 58 (наш долг), office: P0, Менеджер: Бахтибеков Мирен 👨‍💼 (Админ)
[2025-09-29 11:10:50] Операция: Обновление баланса клиента в таблице Клиенты
id Клиента: 11, Выплата/пополнение 626500, Баланс_новый: 3478550, Баланс_старый: 2852050
[2025-09-29 11:11:34] Операция: Внесение данных в таблицу Касса
id клиента: 11, Нал: 721950, comment: 26.09.2025 802 185,00 ФИЛПИКС (наш долг), office: P0, Менеджер: Бахтибеков Мирен 👨‍💼 (Админ)
[2025-09-29 11:11:34] Операция: Обновление баланса клиента в таблице Клиенты
id Клиента: 11, Выплата/пополнение 721950, Баланс_новый: 4200500, Баланс_старый: 3478550
[2025-09-29 11:12:08] Операция: Внесение данных в таблицу Касса
id клиента: 11, Нал: 542200, comment: 26.09.2025 602 453,00 ФИЛПИКС (наш долг), office: P0, Менеджер: Бахтибеков Мирен 👨‍💼 (Админ)
[2025-09-29 11:12:08] Операция: Обновление баланса клиента в таблице Клиенты
id Клиента: 11, Выплата/пополнение 542200, Баланс_новый: 4742700, Баланс_старый: 4200500
[2025-09-29 11:12:56] Операция: Внесение данных в таблицу Касса
id клиента: 11, Нал: 723850, comment: 26.09.2025 804 285,00 Автомир 58 (наш долг), office: P0, Менеджер: Бахтибеков Мирен 👨‍💼 (Админ)
[2025-09-29 11:12:56] Операция: Обновление баланса клиента в таблице Клиенты
id Клиента: 11, Выплата/пополнение 723850, Баланс_новый: 5466550, Баланс_старый: 4742700
[2025-09-29 11:13:32] Операция: Внесение данных в таблицу Касса
id клиента: 11, Нал: 722150, comment: 26.09.2025 802 385,00 ФИЛПИКС (наш долг), office: P0, Менеджер: Бахтибеков Мирен 👨‍💼 (Админ)
[2025-09-29 11:13:32] Операция: Обновление баланса клиента в таблице Клиенты
id Клиента: 11, Выплата/пополнение 722150, Баланс_новый: 6188700, Баланс_старый: 5466550
[2025-09-29 13:21:41] Операция: Внесение данных в таблицу Касса
id клиента: 236, Нал: 1200, comment: , office: P0, Менеджер: Бахтибекова Елена 👩‍💼 (Админ)
[2025-09-29 13:21:41] Операция: Обновление баланса клиента в таблице Клиенты
id Клиента: 236, Выплата/пополнение 1200, Баланс_новый: 26100, Баланс_старый: 24900
[2025-09-29 13:59:30] Операция: Внесение данных в таблицу Касса
id клиента: 11, Нал: -1314350, comment: Калинина, office: P7, Менеджер: Алпатова Оксана 👩‍💼 P7
[2025-09-29 13:59:30] Операция: Обновление баланса клиента в таблице Клиенты
id Клиента: 11, Баланс_новый: 4874350, Баланс_старый: 6188700
[2025-09-30 11:43:45] Операция: Внесение данных в таблицу Касса
id клиента: 210, Нал: 366, comment: % август, office: P0, Менеджер: Гирчев Роман 👨‍💼 (Админ)
[2025-09-30 11:43:45] Операция: Обновление баланса клиента в таблице Клиенты
id Клиента: 210, Выплата/пополнение 366, Баланс_новый: 387, Баланс_старый: 21
[2025-09-30 11:45:04] Операция: Внесение данных в таблицу Касса
id клиента: 206, Нал: 4310, comment: % август общая, office: P0, Менеджер: Гирчев Роман 👨‍💼 (Админ)
[2025-09-30 11:45:04] Операция: Обновление баланса клиента в таблице Клиенты
id Клиента: 206, Выплата/пополнение 4310, Баланс_новый: 54310, Баланс_старый: 50000
[2025-09-30 14:09:51] Операция: Внесение данных в таблицу Касса
id клиента: 236, Нал: 1500, comment: 30/09, office: P0, Менеджер: Бахтибекова Елена 👩‍💼 (Админ)
[2025-09-30 14:09:51] Операция: Обновление баланса клиента в таблице Клиенты
id Клиента: 236, Выплата/пополнение 1500, Баланс_новый: 27600, Баланс_старый: 26100
[2025-09-30 14:19:20] Операция: Внесение данных в таблицу Касса
id клиента: 224, Нал: 15000, comment: , office: P0, Менеджер: Бахтибекова Елена 👩‍💼 (Админ)
[2025-09-30 14:19:20] Операция: Обновление баланса клиента в таблице Клиенты
id Клиента: 224, Выплата/пополнение 15000, Баланс_новый: -103898, Баланс_старый: -118898
[2025-09-30 14:52:01] Операция: Внесение данных в таблицу Касса
id клиента: 224, Нал: -10000, comment: , office: P1, Менеджер: Бунчина Ирина 👩‍💼 P1
[2025-09-30 14:52:01] Операция: Обновление баланса клиента в таблице Клиенты
id Клиента: 224, Баланс_новый: -113898, Баланс_старый: -103898
[2025-10-01 10:09:38] Операция: Внесение данных в таблицу Касса
id клиента: 225, Нал: 34000, comment: , office: P0, Менеджер: Бахтибекова Елена 👩‍💼 (Админ)
[2025-10-01 10:09:38] Операция: Обновление баланса клиента в таблице Клиенты
id Клиента: 225, Выплата/пополнение 34000, Баланс_новый: 125300, Баланс_старый: 91300
[2025-10-01 10:10:55] Операция: Внесение данных в таблицу Касса
id клиента: 216, Нал: -5803, comment: алименты, office: P0, Менеджер: Бахтибекова Елена 👩‍💼 (Админ)
[2025-10-01 10:10:55] Операция: Обновление баланса клиента в таблице Клиенты
id Клиента: 216, Выплата/пополнение -5803, Баланс_новый: -90715, Баланс_старый: -84912
[2025-10-01 10:11:30] Операция: Внесение данных в таблицу Касса
id клиента: 226, Нал: 5000, comment: , office: P0, Менеджер: Бахтибекова Елена 👩‍💼 (Админ)
[2025-10-01 10:11:30] Операция: Обновление баланса клиента в таблице Клиенты
id Клиента: 226, Выплата/пополнение 5000, Баланс_новый: 5000, Баланс_старый: 0
[2025-10-01 10:11:53] Операция: Внесение данных в таблицу Касса
id клиента: 231, Нал: 6000, comment: , office: P0, Менеджер: Бахтибекова Елена 👩‍💼 (Админ)
[2025-10-01 10:11:53] Операция: Обновление баланса клиента в таблице Клиенты
id Клиента: 231, Выплата/пополнение 6000, Баланс_новый: 6057, Баланс_старый: 57
[2025-10-01 10:12:35] Операция: Внесение данных в таблицу Касса
id клиента: 231, Нал: -9491, comment: карта 01.10.2025, office: P0, Менеджер: Бахтибекова Елена 👩‍💼 (Админ)
[2025-10-01 10:12:35] Операция: Обновление баланса клиента в таблице Клиенты
id Клиента: 231, Выплата/пополнение -9491, Баланс_новый: -3434, Баланс_старый: 6057
[2025-10-01 10:12:59] Операция: Внесение данных в таблицу Касса
id клиента: 205, Нал: 17500, comment: , office: P0, Менеджер: Бахтибекова Елена 👩‍💼 (Админ)
[2025-10-01 10:12:59] Операция: Обновление баланса клиента в таблице Клиенты
id Клиента: 205, Выплата/пополнение 17500, Баланс_новый: 29086, Баланс_старый: 11586
[2025-10-01 10:13:18] Операция: Внесение данных в таблицу Касса
id клиента: 205, Нал: -9277, comment: карта 01.10.2025, office: P0, Менеджер: Бахтибекова Елена 👩‍💼 (Админ)
[2025-10-01 10:13:18] Операция: Обновление баланса клиента в таблице Клиенты
id Клиента: 205, Выплата/пополнение -9277, Баланс_новый: 19809, Баланс_старый: 29086
[2025-10-01 10:13:43] Операция: Внесение данных в таблицу Касса
id клиента: 213, Нал: 20000, comment: , office: P0, Менеджер: Бахтибекова Елена 👩‍💼 (Админ)
[2025-10-01 10:13:43] Операция: Обновление баланса клиента в таблице Клиенты
id Клиента: 213, Выплата/пополнение 20000, Баланс_новый: 20000, Баланс_старый: 0
[2025-10-01 10:14:03] Операция: Внесение данных в таблицу Касса
id клиента: 213, Нал: -9094, comment: карта 01.10.2025, office: P0, Менеджер: Бахтибекова Елена 👩‍💼 (Админ)
[2025-10-01 10:14:03] Операция: Обновление баланса клиента в таблице Клиенты
id Клиента: 213, Выплата/пополнение -9094, Баланс_новый: 10906, Баланс_старый: 20000
[2025-10-01 10:14:28] Операция: Внесение данных в таблицу Касса
id клиента: 204, Нал: 30500, comment: , office: P0, Менеджер: Бахтибекова Елена 👩‍💼 (Админ)
[2025-10-01 10:14:28] Операция: Обновление баланса клиента в таблице Клиенты
id Клиента: 204, Выплата/пополнение 30500, Баланс_новый: 53500, Баланс_старый: 23000
[2025-10-01 10:14:56] Операция: Внесение данных в таблицу Касса
id клиента: 235, Нал: 10200, comment: , office: P0, Менеджер: Бахтибекова Елена 👩‍💼 (Админ)
[2025-10-01 10:14:56] Операция: Обновление баланса клиента в таблице Клиенты
id Клиента: 235, Выплата/пополнение 10200, Баланс_новый: 10212, Баланс_старый: 12
[2025-10-01 10:15:20] Операция: Внесение данных в таблицу Касса
id клиента: 235, Нал: -5877, comment: карта 01.10.2025, office: P0, Менеджер: Бахтибекова Елена 👩‍💼 (Админ)
[2025-10-01 10:15:20] Операция: Обновление баланса клиента в таблице Клиенты
id Клиента: 235, Выплата/пополнение -5877, Баланс_новый: 4335, Баланс_старый: 10212
[2025-10-01 10:15:45] Операция: Внесение данных в таблицу Касса
id клиента: 234, Нал: 4000, comment: , office: P0, Менеджер: Бахтибекова Елена 👩‍💼 (Админ)
[2025-10-01 10:15:45] Операция: Обновление баланса клиента в таблице Клиенты
id Клиента: 234, Выплата/пополнение 4000, Баланс_новый: 4000, Баланс_старый: 0
[2025-10-01 10:16:08] Операция: Внесение данных в таблицу Касса
id клиента: 208, Нал: 4400, comment: , office: P0, Менеджер: Бахтибекова Елена 👩‍💼 (Админ)
[2025-10-01 10:16:08] Операция: Обновление баланса клиента в таблице Клиенты
id Клиента: 208, Выплата/пополнение 4400, Баланс_новый: 4400, Баланс_старый: 0
[2025-10-01 10:16:29] Операция: Внесение данных в таблицу Касса
id клиента: 209, Нал: 17600, comment: , office: P0, Менеджер: Бахтибекова Елена 👩‍💼 (Админ)
[2025-10-01 10:16:29] Операция: Обновление баланса клиента в таблице Клиенты
id Клиента: 209, Выплата/пополнение 17600, Баланс_новый: 17612, Баланс_старый: 12
[2025-10-01 10:16:47] Операция: Внесение данных в таблицу Касса
id клиента: 209, Нал: -9855, comment: карта 01.10.2025, office: P0, Менеджер: Бахтибекова Елена 👩‍💼 (Админ)
[2025-10-01 10:16:47] Операция: Обновление баланса клиента в таблице Клиенты
id Клиента: 209, Выплата/пополнение -9855, Баланс_новый: 7757, Баланс_старый: 17612
[2025-10-01 10:17:12] Операция: Внесение данных в таблицу Касса
id клиента: 202, Нал: 4400, comment: , office: P0, Менеджер: Бахтибекова Елена 👩‍💼 (Админ)
[2025-10-01 10:17:12] Операция: Обновление баланса клиента в таблице Клиенты
id Клиента: 202, Выплата/пополнение 4400, Баланс_новый: 4469, Баланс_старый: 69
[2025-10-01 10:17:28] Операция: Внесение данных в таблицу Касса
id клиента: 202, Нал: -7276, comment: карта 01.10.2025, office: P0, Менеджер: Бахтибекова Елена 👩‍💼 (Админ)
[2025-10-01 10:17:28] Операция: Обновление баланса клиента в таблице Клиенты
id Клиента: 202, Выплата/пополнение -7276, Баланс_новый: -2807, Баланс_старый: 4469
[2025-10-01 10:17:52] Операция: Внесение данных в таблицу Касса
id клиента: 230, Нал: 29000, comment: , office: P0, Менеджер: Бахтибекова Елена 👩‍💼 (Админ)
[2025-10-01 10:17:52] Операция: Обновление баланса клиента в таблице Клиенты
id Клиента: 230, Выплата/пополнение 29000, Баланс_новый: 29032, Баланс_старый: 32
[2025-10-01 10:18:17] Операция: Внесение данных в таблицу Касса
id клиента: 230, Нал: -9491, comment: карта 01.10.2025, office: P0, Менеджер: Бахтибекова Елена 👩‍💼 (Админ)
[2025-10-01 10:18:17] Операция: Обновление баланса клиента в таблице Клиенты
id Клиента: 230, Выплата/пополнение -9491, Баланс_новый: 19541, Баланс_старый: 29032
[2025-10-01 10:18:40] Операция: Внесение данных в таблицу Касса
id клиента: 204, Нал: -53500, comment: , office: P7, Менеджер: Алпатова Оксана 👩‍💼 P7
[2025-10-01 10:18:40] Операция: Обновление баланса клиента в таблице Клиенты
id Клиента: 204, Баланс_новый: 0, Баланс_старый: 53500
[2025-10-01 10:18:46] Операция: Внесение данных в таблицу Касса
id клиента: 222, Нал: 6500, comment: , office: P0, Менеджер: Бахтибекова Елена 👩‍💼 (Админ)
[2025-10-01 10:18:46] Операция: Обновление баланса клиента в таблице Клиенты
id Клиента: 222, Выплата/пополнение 6500, Баланс_новый: 10599, Баланс_старый: 4099
[2025-10-01 10:19:06] Операция: Внесение данных в таблицу Касса
id клиента: 222, Нал: -9094, comment: карта 01.10.2025, office: P0, Менеджер: Бахтибекова Елена 👩‍💼 (Админ)
[2025-10-01 10:19:06] Операция: Обновление баланса клиента в таблице Клиенты
id Клиента: 222, Выплата/пополнение -9094, Баланс_новый: 1505, Баланс_старый: 10599
[2025-10-01 10:19:51] Операция: Внесение данных в таблицу Касса
id клиента: 207, Нал: 30000, comment: , office: P0, Менеджер: Бахтибекова Елена 👩‍💼 (Админ)
[2025-10-01 10:19:51] Операция: Обновление баланса клиента в таблице Клиенты
id Клиента: 207, Выплата/пополнение 30000, Баланс_новый: 54612, Баланс_старый: 24612
[2025-10-01 10:20:08] Операция: Внесение данных в таблицу Касса
id клиента: 207, Нал: -9491, comment: карта 01.10.2025, office: P0, Менеджер: Бахтибекова Елена 👩‍💼 (Админ)
[2025-10-01 10:20:08] Операция: Обновление баланса клиента в таблице Клиенты
id Клиента: 207, Выплата/пополнение -9491, Баланс_новый: 45121, Баланс_старый: 54612
[2025-10-01 10:20:35] Операция: Внесение данных в таблицу Касса
id клиента: 221, Нал: 25300, comment: , office: P0, Менеджер: Бахтибекова Елена 👩‍💼 (Админ)
[2025-10-01 10:20:35] Операция: Обновление баланса клиента в таблице Клиенты
id Клиента: 221, Выплата/пополнение 25300, Баланс_новый: 25300, Баланс_старый: 0
[2025-10-01 10:20:57] Операция: Внесение данных в таблицу Касса
id клиента: 221, Нал: -9491, comment: карта 01.10.2025, office: P0, Менеджер: Бахтибекова Елена 👩‍💼 (Админ)
[2025-10-01 10:20:57] Операция: Обновление баланса клиента в таблице Клиенты
id Клиента: 221, Выплата/пополнение -9491, Баланс_новый: 15809, Баланс_старый: 25300
[2025-10-01 10:21:39] Операция: Внесение данных в таблицу Касса
id клиента: 210, Нал: 30000, comment: , office: P0, Менеджер: Бахтибекова Елена 👩‍💼 (Админ)
[2025-10-01 10:21:39] Операция: Обновление баланса клиента в таблице Клиенты
id Клиента: 210, Выплата/пополнение 30000, Баланс_новый: 30387, Баланс_старый: 387
[2025-10-01 10:21:57] Операция: Внесение данных в таблицу Касса
id клиента: 210, Нал: -6643, comment: карта 01.10.2025, office: P0, Менеджер: Бахтибекова Елена 👩‍💼 (Админ)
[2025-10-01 10:21:57] Операция: Обновление баланса клиента в таблице Клиенты
id Клиента: 210, Выплата/пополнение -6643, Баланс_новый: 23744, Баланс_старый: 30387
[2025-10-01 10:22:27] Операция: Внесение данных в таблицу Касса
id клиента: 228, Нал: 30000, comment: , office: P0, Менеджер: Бахтибекова Елена 👩‍💼 (Админ)
[2025-10-01 10:22:27] Операция: Обновление баланса клиента в таблице Клиенты
id Клиента: 228, Выплата/пополнение 30000, Баланс_новый: 41317, Баланс_старый: 11317
[2025-10-01 10:22:44] Операция: Внесение данных в таблицу Касса
id клиента: 228, Нал: -9855, comment: карта 01.10.2025, office: P0, Менеджер: Бахтибекова Елена 👩‍💼 (Админ)
[2025-10-01 10:22:44] Операция: Обновление баланса клиента в таблице Клиенты
id Клиента: 228, Выплата/пополнение -9855, Баланс_новый: 31462, Баланс_старый: 41317
[2025-10-01 10:23:32] Операция: Внесение данных в таблицу Касса
id клиента: 220, Нал: 35000, comment: , office: P0, Менеджер: Бахтибекова Елена 👩‍💼 (Админ)
[2025-10-01 10:23:32] Операция: Обновление баланса клиента в таблице Клиенты
id Клиента: 220, Выплата/пополнение 35000, Баланс_новый: 35000, Баланс_старый: 0
[2025-10-01 10:23:48] Операция: Внесение данных в таблицу Касса
id клиента: 220, Нал: -4927, comment: карта 01.10.2025, office: P0, Менеджер: Бахтибекова Елена 👩‍💼 (Админ)
[2025-10-01 10:23:48] Операция: Обновление баланса клиента в таблице Клиенты
id Клиента: 220, Выплата/пополнение -4927, Баланс_новый: 30073, Баланс_старый: 35000
[2025-10-01 10:24:28] Операция: Внесение данных в таблицу Касса
id клиента: 201, Нал: 36500, comment: , office: P0, Менеджер: Бахтибекова Елена 👩‍💼 (Админ)
[2025-10-01 10:24:28] Операция: Обновление баланса клиента в таблице Клиенты
id Клиента: 201, Выплата/пополнение 36500, Баланс_новый: 36500, Баланс_старый: 0
[2025-10-01 10:24:49] Операция: Внесение данных в таблицу Касса
id клиента: 201, Нал: -9491, comment: карта 01.10.2025, office: P0, Менеджер: Бахтибекова Елена 👩‍💼 (Админ)
[2025-10-01 10:24:49] Операция: Обновление баланса клиента в таблице Клиенты
id Клиента: 201, Выплата/пополнение -9491, Баланс_новый: 27009, Баланс_старый: 36500
[2025-10-01 10:25:38] Операция: Внесение данных в таблицу Касса
id клиента: 214, Нал: 32700, comment: , office: P0, Менеджер: Бахтибекова Елена 👩‍💼 (Админ)
[2025-10-01 10:25:38] Операция: Обновление баланса клиента в таблице Клиенты
id Клиента: 214, Выплата/пополнение 32700, Баланс_новый: -89863, Баланс_старый: -122563
[2025-10-01 10:26:00] Операция: Внесение данных в таблицу Касса
id клиента: 214, Нал: -10037, comment: карта 01.10.2025, office: P0, Менеджер: Бахтибекова Елена 👩‍💼 (Админ)
[2025-10-01 10:26:00] Операция: Обновление баланса клиента в таблице Клиенты
id Клиента: 214, Выплата/пополнение -10037, Баланс_новый: -99900, Баланс_старый: -89863
[2025-10-01 10:26:32] Операция: Внесение данных в таблицу Касса
id клиента: 223, Нал: 37000, comment: , office: P0, Менеджер: Бахтибекова Елена 👩‍💼 (Админ)
[2025-10-01 10:26:32] Операция: Обновление баланса клиента в таблице Клиенты
id Клиента: 223, Выплата/пополнение 37000, Баланс_новый: 37000, Баланс_старый: 0
[2025-10-01 10:26:48] Операция: Внесение данных в таблицу Касса
id клиента: 223, Нал: -9491, comment: карта 01.10.2025, office: P0, Менеджер: Бахтибекова Елена 👩‍💼 (Админ)
[2025-10-01 10:26:48] Операция: Обновление баланса клиента в таблице Клиенты
id Клиента: 223, Выплата/пополнение -9491, Баланс_новый: 27509, Баланс_старый: 37000
[2025-10-01 10:28:23] Операция: Внесение данных в таблицу Касса
id клиента: 212, Нал: 25000, comment: , office: P0, Менеджер: Бахтибекова Елена 👩‍💼 (Админ)
[2025-10-01 10:28:23] Операция: Обновление баланса клиента в таблице Клиенты
id Клиента: 212, Выплата/пополнение 25000, Баланс_новый: 51002, Баланс_старый: 26002
[2025-10-01 10:28:42] Операция: Внесение данных в таблицу Касса
id клиента: 212, Нал: -9673, comment: карта 01.10.2025, office: P0, Менеджер: Бахтибекова Елена 👩‍💼 (Админ)
[2025-10-01 10:28:42] Операция: Обновление баланса клиента в таблице Клиенты
id Клиента: 212, Выплата/пополнение -9673, Баланс_новый: 41329, Баланс_старый: 51002
[2025-10-01 10:29:12] Операция: Внесение данных в таблицу Касса
id клиента: 203, Нал: 25000, comment: , office: P0, Менеджер: Бахтибекова Елена 👩‍💼 (Админ)
[2025-10-01 10:29:12] Операция: Обновление баланса клиента в таблице Клиенты
id Клиента: 203, Выплата/пополнение 25000, Баланс_новый: 25000, Баланс_старый: 0
[2025-10-01 10:29:33] Операция: Внесение данных в таблицу Касса
id клиента: 203, Нал: -9095, comment: карта 01.10.2025, office: P0, Менеджер: Бахтибекова Елена 👩‍💼 (Админ)
[2025-10-01 10:29:33] Операция: Обновление баланса клиента в таблице Клиенты
id Клиента: 203, Выплата/пополнение -9095, Баланс_новый: 15905, Баланс_старый: 25000
[2025-10-01 10:30:13] Операция: Внесение данных в таблицу Касса
id клиента: 218, Нал: 30500, comment: , office: P0, Менеджер: Бахтибекова Елена 👩‍💼 (Админ)
[2025-10-01 10:30:13] Операция: Обновление баланса клиента в таблице Клиенты
id Клиента: 218, Выплата/пополнение 30500, Баланс_новый: 30500, Баланс_старый: 0
[2025-10-01 10:31:19] Операция: Внесение данных в таблицу Касса
id клиента: 219, Нал: 35000, comment: , office: P0, Менеджер: Бахтибекова Елена 👩‍💼 (Админ)
[2025-10-01 10:31:19] Операция: Обновление баланса клиента в таблице Клиенты
id Клиента: 219, Выплата/пополнение 35000, Баланс_новый: -600000, Баланс_старый: -635000
[2025-10-01 10:32:54] Операция: Внесение данных в таблицу Касса
id клиента: 215, Нал: 45000, comment: , office: P0, Менеджер: Бахтибекова Елена 👩‍💼 (Админ)
[2025-10-01 10:32:54] Операция: Обновление баланса клиента в таблице Клиенты
id Клиента: 215, Выплата/пополнение 45000, Баланс_новый: 45000, Баланс_старый: 0
[2025-10-01 10:33:14] Операция: Внесение данных в таблицу Касса
id клиента: 215, Нал: -10068, comment: карта 01.10.2025, office: P0, Менеджер: Бахтибекова Елена 👩‍💼 (Админ)
[2025-10-01 10:33:14] Операция: Обновление баланса клиента в таблице Клиенты
id Клиента: 215, Выплата/пополнение -10068, Баланс_новый: 34932, Баланс_старый: 45000
[2025-10-01 10:33:31] Операция: Внесение данных в таблицу Касса
id клиента: 206, Нал: 50000, comment: , office: P0, Менеджер: Бахтибекова Елена 👩‍💼 (Админ)
[2025-10-01 10:33:31] Операция: Обновление баланса клиента в таблице Клиенты
id Клиента: 206, Выплата/пополнение 50000, Баланс_новый: 104310, Баланс_старый: 54310
[2025-10-01 10:34:26] Операция: Внесение данных в таблицу Касса
id клиента: 211, Нал: 22500, comment: , office: P0, Менеджер: Бахтибекова Елена 👩‍💼 (Админ)
[2025-10-01 10:34:26] Операция: Обновление баланса клиента в таблице Клиенты
id Клиента: 211, Выплата/пополнение 22500, Баланс_новый: 13165, Баланс_старый: -9335
[2025-10-01 10:42:49] Операция: Внесение данных в таблицу Касса
id клиента: 11, Нал: 452950, comment: 30.09.2025 503 296,00 АВТОЗАПЧАСТЬ АМБ (наш долг), office: P0, Менеджер: Бахтибеков Мирен 👨‍💼 (Админ)
[2025-10-01 10:42:49] Операция: Обновление баланса клиента в таблице Клиенты
id Клиента: 11, Выплата/пополнение 452950, Баланс_новый: 5327300, Баланс_старый: 4874350
[2025-10-01 10:42:52] Операция: Внесение данных в таблицу Касса
id клиента: 213, Нал: -10906, comment: , office: P1, Менеджер: Максимкина Татьяна 👩‍💼 P1
[2025-10-01 10:42:52] Операция: Обновление баланса клиента в таблице Клиенты
id Клиента: 213, Баланс_новый: 0, Баланс_старый: 10906
[2025-10-01 10:43:20] Операция: Внесение данных в таблицу Касса
id клиента: 11, Нал: 859700, comment: 30.09.2025 955 204,00 АВТОЗАПЧАСТЬ АМБ (наш долг), office: P0, Менеджер: Бахтибеков Мирен 👨‍💼 (Админ)
[2025-10-01 10:43:20] Операция: Обновление баланса клиента в таблице Клиенты
id Клиента: 11, Выплата/пополнение 859700, Баланс_новый: 6187000, Баланс_старый: 5327300
[2025-10-01 10:43:54] Операция: Внесение данных в таблицу Касса
id клиента: 11, Нал: 632900, comment: 30.09.2025 703 205,00 АВТОЗАПЧАСТЬ АМБ (наш долг), office: P0, Менеджер: Бахтибеков Мирен 👨‍💼 (Админ)
[2025-10-01 10:43:54] Операция: Обновление баланса клиента в таблице Клиенты
id Клиента: 11, Выплата/пополнение 632900, Баланс_новый: 6819900, Баланс_старый: 6187000
[2025-10-01 10:44:25] Операция: Внесение данных в таблицу Касса
id клиента: 11, Нал: 724700, comment: 30.09.2025 805 239,00 ФИЛПИКС (наш долг), office: P0, Менеджер: Бахтибеков Мирен 👨‍💼 (Админ)
[2025-10-01 10:44:25] Операция: Обновление баланса клиента в таблице Клиенты
id Клиента: 11, Выплата/пополнение 724700, Баланс_новый: 7544600, Баланс_старый: 6819900
[2025-10-01 10:44:54] Операция: Внесение данных в таблицу Касса
id клиента: 11, Нал: 364500, comment: 30.09.2025 405 008,00 АВТОЗАПЧАСТЬ АМБ (наш долг), office: P0, Менеджер: Бахтибеков Мирен 👨‍💼 (Админ)
[2025-10-01 10:44:54] Операция: Обновление баланса клиента в таблице Клиенты
id Клиента: 11, Выплата/пополнение 364500, Баланс_новый: 7909100, Баланс_старый: 7544600
[2025-10-01 10:45:26] Операция: Внесение данных в таблицу Касса
id клиента: 11, Нал: 523900, comment: 30.09.2025 582 106,00 ФИЛПИКС (наш долг), office: P0, Менеджер: Бахтибеков Мирен 👨‍💼 (Админ)
[2025-10-01 10:45:26] Операция: Обновление баланса клиента в таблице Клиенты
id Клиента: 11, Выплата/пополнение 523900, Баланс_новый: 8433000, Баланс_старый: 7909100
[2025-10-01 10:45:59] Операция: Внесение данных в таблицу Касса
id клиента: 11, Нал: 721100, comment: 30.09.2025 801 204,00 Автомир 58 (наш долг), office: P0, Менеджер: Бахтибеков Мирен 👨‍💼 (Админ)
[2025-10-01 10:45:59] Операция: Обновление баланса клиента в таблице Клиенты
id Клиента: 11, Выплата/пополнение 721100, Баланс_новый: 9154100, Баланс_старый: 8433000
[2025-10-01 10:46:29] Операция: Внесение данных в таблицу Касса
id клиента: 11, Нал: 569700, comment: 30.09.2025 633 008,00 АВТОЗАПЧАСТЬ АМБ (наш долг), office: P0, Менеджер: Бахтибеков Мирен 👨‍💼 (Админ)
[2025-10-01 10:46:29] Операция: Обновление баланса клиента в таблице Клиенты
id Клиента: 11, Выплата/пополнение 569700, Баланс_новый: 9723800, Баланс_старый: 9154100
[2025-10-01 10:46:58] Операция: Внесение данных в таблицу Касса
id клиента: 11, Нал: 810200, comment: 30.09.2025 900 207,00 ФИЛПИКС (наш долг), office: P0, Менеджер: Бахтибеков Мирен 👨‍💼 (Админ)
[2025-10-01 10:46:58] Операция: Обновление баланса клиента в таблице Клиенты
id Клиента: 11, Выплата/пополнение 810200, Баланс_новый: 10534000, Баланс_старый: 9723800
[2025-10-01 10:53:07] Операция: Внесение данных в таблицу Касса
id клиента: 235, Нал: -4000, comment: , office: P7, Менеджер: Алпатова Оксана 👩‍💼 P7
[2025-10-01 10:53:07] Операция: Обновление баланса клиента в таблице Клиенты
id Клиента: 235, Баланс_новый: 335, Баланс_старый: 4335
[2025-10-01 10:54:45] Операция: Внесение данных в таблицу Касса
id клиента: 220, Нал: -30073, comment: , office: Z6, Менеджер: Соловков Александр 👨‍💼 Z6
[2025-10-01 10:54:45] Операция: Обновление баланса клиента в таблице Клиенты
id Клиента: 220, Баланс_новый: 0, Баланс_старый: 30073
[2025-10-01 10:55:27] Операция: Внесение данных в таблицу Касса
id клиента: 225, Нал: -125300, comment: , office: P7, Менеджер: Алпатова Оксана 👩‍💼 P7
[2025-10-01 10:55:27] Операция: Обновление баланса клиента в таблице Клиенты
id Клиента: 225, Баланс_новый: 0, Баланс_старый: 125300
[2025-10-01 10:58:09] Операция: Внесение данных в таблицу Касса
id клиента: 203, Нал: -15905, comment: Зарплата, office: P2, Менеджер: Анискина Ольга 👩‍💼 P2
[2025-10-01 10:58:09] Операция: Обновление баланса клиента в таблице Клиенты
id Клиента: 203, Баланс_новый: 0, Баланс_старый: 15905
[2025-10-01 10:58:44] Операция: Внесение данных в таблицу Касса
id клиента: 201, Нал: -27009, comment: Зарплата, office: P2, Менеджер: Анискина Ольга 👩‍💼 P2
[2025-10-01 10:58:44] Операция: Обновление баланса клиента в таблице Клиенты
id Клиента: 201, Баланс_новый: 0, Баланс_старый: 27009
[2025-10-01 11:03:12] Операция: Внесение данных в таблицу Касса
id клиента: 209, Нал: -7757, comment: , office: K12, Менеджер: Гришина Надежда 👩‍💼 K12
[2025-10-01 11:03:12] Операция: Обновление баланса клиента в таблице Клиенты
id Клиента: 209, Баланс_новый: 0, Баланс_старый: 7757
[2025-10-01 11:05:31] Операция: Внесение данных в таблицу Касса
id клиента: 228, Нал: -31450, comment: , office: K12, Менеджер: Гришина Надежда 👩‍💼 K12
[2025-10-01 11:05:31] Операция: Обновление баланса клиента в таблице Клиенты
id Клиента: 228, Баланс_новый: 12, Баланс_старый: 31462
[2025-10-01 11:13:37] Операция: Внесение данных в таблицу Касса
id клиента: 223, Нал: -27509, comment: , office: P11, Менеджер: Голубева Мария 👩‍💼 P11
[2025-10-01 11:13:37] Операция: Обновление баланса клиента в таблице Клиенты
id Клиента: 223, Баланс_новый: 0, Баланс_старый: 27509
[2025-10-01 11:38:39] Операция: Внесение данных в таблицу Касса
id клиента: 207, Нал: -45121, comment: , office: S8, Менеджер: Гирчева Ольга 👩‍💼 S8
[2025-10-01 11:38:39] Операция: Обновление баланса клиента в таблице Клиенты
id Клиента: 207, Баланс_новый: 0, Баланс_старый: 45121
[2025-10-01 11:43:47] Операция: Внесение данных в таблицу Касса
id клиента: 206, Нал: -104310, comment: , office: S8, Менеджер: Гирчева Ольга 👩‍💼 S8
[2025-10-01 11:43:47] Операция: Обновление баланса клиента в таблице Клиенты
id Клиента: 206, Баланс_новый: 0, Баланс_старый: 104310
[2025-10-01 13:34:30] Операция: Внесение данных в таблицу Касса
id клиента: 11, Нал: -813850, comment: Калинина, office: P7, Менеджер: Алпатова Оксана 👩‍💼 P7
[2025-10-01 13:34:30] Операция: Обновление баланса клиента в таблице Клиенты
id Клиента: 11, Баланс_новый: 9720150, Баланс_старый: 10534000
[2025-10-01 13:51:53] Операция: Внесение данных в таблицу Касса
id клиента: 236, Нал: -27600, comment: , office: K12, Менеджер: Гришина Надежда 👩‍💼 K12
[2025-10-01 13:51:53] Операция: Обновление баланса клиента в таблице Клиенты
id Клиента: 236, Баланс_новый: 0, Баланс_старый: 27600
[2025-10-01 14:02:56] Операция: Внесение данных в таблицу Касса
id клиента: 219, Нал: -35000, comment: , office: P5, Менеджер: Фролова Ирина 👩‍💼 P5
[2025-10-01 14:02:56] Операция: Обновление баланса клиента в таблице Клиенты
id Клиента: 219, Баланс_новый: -635000, Баланс_старый: -600000
[2025-10-01 14:07:02] Операция: Внесение данных в таблицу Касса
id клиента: 236, Нал: 1500, comment: 01/10, office: P0, Менеджер: Бахтибекова Елена 👩‍💼 (Админ)
[2025-10-01 14:07:02] Операция: Обновление баланса клиента в таблице Клиенты
id Клиента: 236, Выплата/пополнение 1500, Баланс_новый: 1500, Баланс_старый: 0
[2025-10-01 15:37:36] Операция: Внесение данных в таблицу Касса
id клиента: 212, Нал: -40000, comment: , office: P1, Менеджер: Максимкина Татьяна 👩‍💼 P1
[2025-10-01 15:37:36] Операция: Обновление баланса клиента в таблице Клиенты
id Клиента: 212, Баланс_новый: 1329, Баланс_старый: 41329
[2025-10-01 16:01:32] Операция: Внесение данных в таблицу Касса
id клиента: 210, Нал: -23700, comment: , office: S4, Менеджер: Занчев Олег 👨‍💼 S4
[2025-10-01 16:01:32] Операция: Обновление баланса клиента в таблице Клиенты
id Клиента: 210, Баланс_новый: 44, Баланс_старый: 23744
[2025-10-01 17:18:44] Операция: Внесение данных в таблицу Касса
id клиента: 230, Нал: -19500, comment: , office: P5, Менеджер: Фролова Ирина 👩‍💼 P5
[2025-10-01 17:18:44] Операция: Обновление баланса клиента в таблице Клиенты
id Клиента: 230, Баланс_новый: 41, Баланс_старый: 19541
[2025-10-01 18:10:50] Операция: Внесение данных в таблицу Касса
id клиента: 218, Нал: -30500, comment: , office: P1, Менеджер: Максимкина Татьяна 👩‍💼 P1
[2025-10-01 18:10:50] Операция: Обновление баланса клиента в таблице Клиенты
id Клиента: 218, Баланс_новый: 0, Баланс_старый: 30500
[2025-10-02 14:24:18] Операция: Внесение данных в таблицу Касса
id клиента: 236, Нал: 1500, comment: 02/10, office: P0, Менеджер: Бахтибекова Елена 👩‍💼 (Админ)
[2025-10-02 14:24:18] Операция: Обновление баланса клиента в таблице Клиенты
id Клиента: 236, Выплата/пополнение 1500, Баланс_новый: 3000, Баланс_старый: 1500
[2025-10-02 15:22:22] Операция: Внесение данных в таблицу Касса
id клиента: 215, Нал: -27000, comment: , office: P1, Менеджер: Максимкина Татьяна 👩‍💼 P1
[2025-10-02 15:22:22] Операция: Обновление баланса клиента в таблице Клиенты
id Клиента: 215, Баланс_новый: 7932, Баланс_старый: 34932
[2025-10-02 17:45:43] Операция: Внесение данных в таблицу Касса
id клиента: 221, Нал: -15809, comment: , office: S4, Менеджер: Сонина Наталья 👩‍💼 S4
[2025-10-02 17:45:43] Операция: Обновление баланса клиента в таблице Клиенты
id Клиента: 221, Баланс_новый: 0, Баланс_старый: 15809
[2025-10-03 09:12:53] Операция: Внесение данных в таблицу Касса
id клиента: 205, Нал: -19809, comment: , office: P1, Менеджер: Бунчина Ирина 👩‍💼 P1
[2025-10-03 09:12:53] Операция: Обновление баланса клиента в таблице Клиенты
id Клиента: 205, Баланс_новый: 0, Баланс_старый: 19809
[2025-10-03 10:44:39] Операция: Внесение данных в таблицу Касса
id клиента: 11, Нал: -1404350, comment: Калинина, office: P7, Менеджер: Алпатова Оксана 👩‍💼 P7
[2025-10-03 10:44:39] Операция: Обновление баланса клиента в таблице Клиенты
id Клиента: 11, Баланс_новый: 8315800, Баланс_старый: 9720150
[2025-10-03 13:33:13] Операция: Внесение данных в таблицу Касса
id клиента: 214, Нал: -5000, comment: , office: P5, Менеджер: Фролова Ирина 👩‍💼 P5
[2025-10-03 13:33:13] Операция: Обновление баланса клиента в таблице Клиенты
id Клиента: 214, Баланс_новый: -104900, Баланс_старый: -99900
[2025-10-03 17:12:15] Операция: Внесение данных в таблицу Касса
id клиента: 236, Нал: 1200, comment: 03/10, office: P0, Менеджер: Бахтибекова Елена 👩‍💼 (Админ)
[2025-10-03 17:12:15] Операция: Обновление баланса клиента в таблице Клиенты
id Клиента: 236, Выплата/пополнение 1200, Баланс_новый: 4200, Баланс_старый: 3000
[2025-10-03 18:41:10] Операция: Внесение данных в таблицу Касса
id клиента: 211, Нал: -13000, comment: , office: P5, Менеджер: Фролова Ирина 👩‍💼 P5
[2025-10-03 18:41:10] Операция: Обновление баланса клиента в таблице Клиенты
id Клиента: 211, Баланс_новый: 165, Баланс_старый: 13165
[2025-10-04 11:54:39] Операция: Внесение данных в таблицу Касса
id клиента: 220, Нал: 3148, comment: % сентябрь, office: P0, Менеджер: Бахтибекова Елена 👩‍💼 (Админ)
[2025-10-04 11:54:39] Операция: Обновление баланса клиента в таблице Клиенты
id Клиента: 220, Выплата/пополнение 3148, Баланс_новый: 3148, Баланс_старый: 0
[2025-10-04 11:59:16] Операция: Внесение данных в таблицу Касса
id клиента: 226, Нал: 10400, comment: , office: P0, Менеджер: Бахтибекова Елена 👩‍💼 (Админ)
[2025-10-04 11:59:16] Операция: Обновление баланса клиента в таблице Клиенты
id Клиента: 226, Выплата/пополнение 10400, Баланс_новый: 15400, Баланс_старый: 5000
[2025-10-04 11:59:46] Операция: Внесение данных в таблицу Касса
id клиента: 231, Нал: 12000, comment: , office: P0, Менеджер: Бахтибекова Елена 👩‍💼 (Админ)
[2025-10-04 11:59:46] Операция: Обновление баланса клиента в таблице Клиенты
id Клиента: 231, Выплата/пополнение 12000, Баланс_новый: 8566, Баланс_старый: -3434
[2025-10-04 12:00:36] Операция: Внесение данных в таблицу Касса
id клиента: 234, Нал: 8000, comment: , office: P0, Менеджер: Бахтибекова Елена 👩‍💼 (Админ)
[2025-10-04 12:00:36] Операция: Обновление баланса клиента в таблице Клиенты
id Клиента: 234, Выплата/пополнение 8000, Баланс_новый: 12000, Баланс_старый: 4000
[2025-10-04 12:01:04] Операция: Внесение данных в таблицу Касса
id клиента: 208, Нал: 22000, comment: , office: P0, Менеджер: Бахтибекова Елена 👩‍💼 (Админ)
[2025-10-04 12:01:04] Операция: Обновление баланса клиента в таблице Клиенты
id Клиента: 208, Выплата/пополнение 22000, Баланс_новый: 26400, Баланс_старый: 4400
[2025-10-04 12:01:34] Операция: Внесение данных в таблицу Касса
id клиента: 202, Нал: 8800, comment: , office: P0, Менеджер: Бахтибекова Елена 👩‍💼 (Админ)
[2025-10-04 12:01:34] Операция: Обновление баланса клиента в таблице Клиенты
id Клиента: 202, Выплата/пополнение 8800, Баланс_новый: 5993, Баланс_старый: -2807
[2025-10-04 12:02:10] Операция: Внесение данных в таблицу Касса
id клиента: 222, Нал: 6000, comment: , office: P0, Менеджер: Бахтибекова Елена 👩‍💼 (Админ)
[2025-10-04 12:02:10] Операция: Обновление баланса клиента в таблице Клиенты
id Клиента: 222, Выплата/пополнение 6000, Баланс_новый: 7505, Баланс_старый: 1505
[2025-10-04 12:10:14] Операция: Внесение данных в таблицу Касса
id клиента: 208, Нал: -26400, comment: , office: P11, Менеджер: Голубева Мария 👩‍💼 P11
[2025-10-04 12:10:14] Операция: Обновление баланса клиента в таблице Клиенты
id Клиента: 208, Баланс_новый: 0, Баланс_старый: 26400
[2025-10-04 12:20:39] Операция: Внесение данных в таблицу Касса
id клиента: 202, Нал: -5993, comment: Зарплата, office: P2, Менеджер: Анискина Ольга 👩‍💼 P2
[2025-10-04 12:20:39] Операция: Обновление баланса клиента в таблице Клиенты
id Клиента: 202, Баланс_новый: 0, Баланс_старый: 5993
[2025-10-04 12:55:56] Операция: Внесение данных в таблицу Касса
id клиента: 226, Нал: -15400, comment: , office: P1, Менеджер: Бунчина Ирина 👩‍💼 P1
[2025-10-04 12:55:56] Операция: Обновление баланса клиента в таблице Клиенты
id Клиента: 226, Баланс_новый: 0, Баланс_старый: 15400
[2025-10-04 14:17:26] Операция: Внесение данных в таблицу Касса
id клиента: 215, Нал: -2932, comment: , office: P1, Менеджер: Бунчина Ирина 👩‍💼 P1
[2025-10-04 14:17:26] Операция: Обновление баланса клиента в таблице Клиенты
id Клиента: 215, Баланс_новый: 5000, Баланс_старый: 7932
[2025-10-04 15:21:26] Операция: Внесение данных в таблицу Касса
id клиента: 234, Нал: -12000, comment: , office: P7, Менеджер: Алпатова Оксана 👩‍💼 P7
[2025-10-04 15:21:26] Операция: Обновление баланса клиента в таблице Клиенты
id Клиента: 234, Баланс_новый: 0, Баланс_старый: 12000
[2025-10-04 15:22:06] Операция: Внесение данных в таблицу Касса
id клиента: 231, Нал: -8500, comment: , office: P7, Менеджер: Алпатова Оксана 👩‍💼 P7
[2025-10-04 15:22:06] Операция: Обновление баланса клиента в таблице Клиенты
id Клиента: 231, Баланс_новый: 66, Баланс_старый: 8566
[2025-10-04 15:47:32] Операция: Внесение данных в таблицу Касса
id клиента: 220, Нал: -3148, comment: % сентябрь, office: Z6, Менеджер: Соловков Александр 👨‍💼 Z6
[2025-10-04 15:47:32] Операция: Обновление баланса клиента в таблице Клиенты
id Клиента: 220, Баланс_новый: 0, Баланс_старый: 3148
[2025-10-04 15:56:17] Операция: Внесение данных в таблицу Касса
id клиента: 214, Нал: -5000, comment: , office: P5, Менеджер: Фролова Ирина 👩‍💼 P5
[2025-10-04 15:56:17] Операция: Обновление баланса клиента в таблице Клиенты
id Клиента: 214, Баланс_новый: -109900, Баланс_старый: -104900
[2025-10-06 10:41:52] Операция: Внесение данных в таблицу Касса
id клиента: 224, Нал: 50000, comment: , office: P0, Менеджер: Бахтибекова Елена 👩‍💼 (Админ)
[2025-10-06 10:41:52] Операция: Обновление баланса клиента в таблице Клиенты
id Клиента: 224, Выплата/пополнение 50000, Баланс_новый: -63898, Баланс_старый: -113898
[2025-10-06 11:26:45] Операция: Внесение данных в таблицу Касса
id клиента: 224, Нал: -50000, comment: , office: P1, Менеджер: Максимкина Татьяна 👩‍💼 P1
[2025-10-06 11:26:45] Операция: Обновление баланса клиента в таблице Клиенты
id Клиента: 224, Баланс_новый: -113898, Баланс_старый: -63898
[2025-10-06 12:06:00] Операция: Внесение данных в таблицу Касса
id клиента: 11, Нал: -859700, comment: Калинина, office: P7, Менеджер: Алпатова Оксана 👩‍💼 P7
[2025-10-06 12:06:00] Операция: Обновление баланса клиента в таблице Клиенты
id Клиента: 11, Баланс_новый: 7456100, Баланс_старый: 8315800
[2025-10-06 13:37:18] Операция: Внесение данных в таблицу Касса
id клиента: 236, Нал: 1800, comment: 06/10, office: P0, Менеджер: Бахтибекова Елена 👩‍💼 (Админ)
[2025-10-06 13:37:18] Операция: Обновление баланса клиента в таблице Клиенты
id Клиента: 236, Выплата/пополнение 1800, Баланс_новый: 6000, Баланс_старый: 4200
[2025-10-07 14:14:32] Операция: Внесение данных в таблицу Касса
id клиента: 236, Нал: 1800, comment: 07/10, office: P0, Менеджер: Бахтибекова Елена 👩‍💼 (Админ)
[2025-10-07 14:14:32] Операция: Обновление баланса клиента в таблице Клиенты
id Клиента: 236, Выплата/пополнение 1800, Баланс_новый: 7800, Баланс_старый: 6000
[2025-10-08 09:49:58] Операция: Внесение данных в таблицу Касса
id клиента: 209, Нал: 15400, comment: , office: P0, Менеджер: Бахтибекова Елена 👩‍💼 (Админ)
[2025-10-08 09:49:58] Операция: Обновление баланса клиента в таблице Клиенты
id Клиента: 209, Выплата/пополнение 15400, Баланс_новый: 15400, Баланс_старый: 0
[2025-10-08 10:55:59] Операция: Внесение данных в таблицу Касса
id клиента: 209, Нал: -15400, comment: , office: K12, Менеджер: Гришина Надежда 👩‍💼 K12
[2025-10-08 10:55:59] Операция: Обновление баланса клиента в таблице Клиенты
id Клиента: 209, Баланс_новый: 0, Баланс_старый: 15400
[2025-10-08 13:02:17] Операция: Внесение данных в таблицу Касса
id клиента: 11, Нал: -1356050, comment: Калинина, office: P7, Менеджер: Алпатова Оксана 👩‍💼 P7
[2025-10-08 13:02:17] Операция: Обновление баланса клиента в таблице Клиенты
id Клиента: 11, Баланс_новый: 6100050, Баланс_старый: 7456100
[2025-10-09 09:11:13] Операция: Внесение данных в таблицу Касса
id клиента: 236, Нал: 1200, comment: 08/10, office: P0, Менеджер: Бахтибекова Елена 👩‍💼 (Админ)
[2025-10-09 09:11:13] Операция: Обновление баланса клиента в таблице Клиенты
id Клиента: 236, Выплата/пополнение 1200, Баланс_новый: 9000, Баланс_старый: 7800
[2025-10-09 14:07:30] Операция: Внесение данных в таблицу Касса
id клиента: 236, Нал: 0, comment: , office: P0, Менеджер: Бахтибекова Елена 👩‍💼 (Админ)
[2025-10-09 14:07:30] Операция: Обновление баланса клиента в таблице Клиенты
id Клиента: 236, Выплата/пополнение 0, Баланс_новый: 9000, Баланс_старый: 9000
[2025-10-09 14:20:49] Операция: Внесение данных в таблицу Касса
id клиента: 210, Нал: -1925, comment: больничный карта 09.10.2025, office: P0, Менеджер: Бахтибекова Елена 👩‍💼 (Админ)
[2025-10-09 14:20:49] Операция: Обновление баланса клиента в таблице Клиенты
id Клиента: 210, Выплата/пополнение -1925, Баланс_новый: -1881, Баланс_старый: 44
[2025-10-09 15:39:47] Операция: Внесение данных в таблицу Касса
id клиента: 214, Нал: -982, comment: , office: P5, Менеджер: Малков Кирилл 👨‍💼 P5
[2025-10-09 15:39:47] Операция: Обновление баланса клиента в таблице Клиенты
id Клиента: 214, Баланс_новый: -110882, Баланс_старый: -109900
[2025-10-10 09:44:05] Операция: Внесение данных в таблицу Касса
id клиента: 222, Нал: 15000, comment: , office: P0, Менеджер: Бахтибекова Елена 👩‍💼 (Админ)
[2025-10-10 09:44:05] Операция: Обновление баланса клиента в таблице Клиенты
id Клиента: 222, Выплата/пополнение 15000, Баланс_новый: 22505, Баланс_старый: 7505
[2025-10-10 09:44:31] Операция: Внесение данных в таблицу Касса
id клиента: 232, Нал: 6000, comment: , office: P0, Менеджер: Бахтибекова Елена 👩‍💼 (Админ)
[2025-10-10 09:44:31] Операция: Обновление баланса клиента в таблице Клиенты
id Клиента: 232, Выплата/пополнение 6000, Баланс_новый: 6000, Баланс_старый: 0
[2025-10-10 13:33:39] Операция: Внесение данных в таблицу Касса
id клиента: 11, Нал: -1354100, comment: Калинина, office: P7, Менеджер: Алпатова Оксана 👩‍💼 P7
[2025-10-10 13:33:39] Операция: Обновление баланса клиента в таблице Клиенты
id Клиента: 11, Баланс_новый: 4745950, Баланс_старый: 6100050
[2025-10-10 13:34:24] Операция: Внесение данных в таблицу Касса
id клиента: 214, Нал: 6486, comment: % сентябрь, office: P0, Менеджер: Бахтибекова Елена 👩‍💼 (Админ)
[2025-10-10 13:34:24] Операция: Обновление баланса клиента в таблице Клиенты
id Клиента: 214, Выплата/пополнение 6486, Баланс_новый: -104396, Баланс_старый: -110882
[2025-10-10 14:50:17] Операция: Внесение данных в таблицу Касса
id клиента: 222, Нал: -20000, comment: , office: P5, Менеджер: Фролова Ирина 👩‍💼 P5
[2025-10-10 14:50:17] Операция: Обновление баланса клиента в таблице Клиенты
id Клиента: 222, Баланс_новый: 2505, Баланс_старый: 22505
[2025-10-10 15:50:31] Операция: Внесение данных в таблицу Касса
id клиента: 236, Нал: 2100, comment: 10/10, office: P0, Менеджер: Бахтибекова Елена 👩‍💼 (Админ)
[2025-10-10 15:50:31] Операция: Обновление баланса клиента в таблице Клиенты
id Клиента: 236, Выплата/пополнение 2100, Баланс_новый: 12600, Баланс_старый: 10500
[2025-10-10 18:29:45] Операция: Внесение данных в таблицу Касса
id клиента: 232, Нал: -4500, comment: Зарплата, office: P2, Менеджер: Анискина Ольга 👩‍💼 P2
[2025-10-10 18:29:45] Операция: Обновление баланса клиента в таблице Клиенты
id Клиента: 232, Баланс_новый: 1500, Баланс_старый: 6000
[2025-10-11 11:20:21] Операция: Внесение данных в таблицу Касса
id клиента: 226, Нал: 15200, comment: , office: P0, Менеджер: Бахтибекова Елена 👩‍💼 (Админ)
[2025-10-11 11:20:21] Операция: Обновление баланса клиента в таблице Клиенты
id Клиента: 226, Выплата/пополнение 15200, Баланс_новый: 15200, Баланс_старый: 0
[2025-10-11 11:21:05] Операция: Внесение данных в таблицу Касса
id клиента: 231, Нал: 17000, comment: , office: P0, Менеджер: Бахтибекова Елена 👩‍💼 (Админ)
[2025-10-11 11:21:05] Операция: Обновление баланса клиента в таблице Клиенты
id Клиента: 231, Выплата/пополнение 17000, Баланс_новый: 17066, Баланс_старый: 66
[2025-10-11 11:21:27] Операция: Внесение данных в таблицу Касса
id клиента: 234, Нал: 12000, comment: , office: P0, Менеджер: Бахтибекова Елена 👩‍💼 (Админ)
[2025-10-11 11:21:27] Операция: Обновление баланса клиента в таблице Клиенты
id Клиента: 234, Выплата/пополнение 12000, Баланс_новый: 12000, Баланс_старый: 0
[2025-10-11 11:22:50] Операция: Внесение данных в таблицу Касса
id клиента: 216, Нал: 5000, comment: , office: P0, Менеджер: Бахтибекова Елена 👩‍💼 (Админ)
[2025-10-11 11:22:50] Операция: Обновление баланса клиента в таблице Клиенты
id Клиента: 216, Выплата/пополнение 5000, Баланс_новый: -85715, Баланс_старый: -90715
[2025-10-11 11:23:48] Операция: Внесение данных в таблицу Касса
id клиента: 202, Нал: 13200, comment: , office: P0, Менеджер: Бахтибекова Елена 👩‍💼 (Админ)
[2025-10-11 11:23:48] Операция: Обновление баланса клиента в таблице Клиенты
id Клиента: 202, Выплата/пополнение 13200, Баланс_новый: 13200, Баланс_старый: 0
[2025-10-11 11:36:15] Операция: Внесение данных в таблицу Касса
id клиента: 231, Нал: -17000, comment: , office: P7, Менеджер: Алпатова Оксана 👩‍💼 P7
[2025-10-11 11:36:15] Операция: Обновление баланса клиента в таблице Клиенты
id Клиента: 231, Баланс_новый: 66, Баланс_старый: 17066
[2025-10-11 12:20:03] Операция: Внесение данных в таблицу Касса
id клиента: 202, Нал: -13200, comment: Зарплата, office: P2, Менеджер: Анискина Ольга 👩‍💼 P2
[2025-10-11 12:20:03] Операция: Обновление баланса клиента в таблице Клиенты
id Клиента: 202, Баланс_новый: 0, Баланс_старый: 13200
[2025-10-11 13:35:16] Операция: Внесение данных в таблицу Касса
id клиента: 234, Нал: -12000, comment: , office: P7, Менеджер: Алпатова Оксана 👩‍💼 P7
[2025-10-11 13:35:16] Операция: Обновление баланса клиента в таблице Клиенты
id Клиента: 234, Баланс_новый: 0, Баланс_старый: 12000
[2025-10-11 14:57:53] Операция: Внесение данных в таблицу Касса
id клиента: 226, Нал: -15200, comment: , office: P1, Менеджер: Максимкина Татьяна 👩‍💼 P1
[2025-10-11 14:57:53] Операция: Обновление баланса клиента в таблице Клиенты
id Клиента: 226, Баланс_новый: 0, Баланс_старый: 15200
[2025-10-13 10:35:37] Операция: Внесение данных в таблицу Касса
id клиента: 11, Нал: -1177650, comment: Калинина, office: P7, Менеджер: Алпатова Оксана 👩‍💼 P7
[2025-10-13 10:35:37] Операция: Обновление баланса клиента в таблице Клиенты
id Клиента: 11, Баланс_новый: 3568300, Баланс_старый: 4745950
[2025-10-13 10:44:20] Операция: Внесение данных в таблицу Касса
id клиента: 211, Нал: 30000, comment: , office: P0, Менеджер: Бахтибекова Елена 👩‍💼 (Админ)
[2025-10-13 10:44:20] Операция: Обновление баланса клиента в таблице Клиенты
id Клиента: 211, Выплата/пополнение 30000, Баланс_новый: 30165, Баланс_старый: 165
[2025-10-13 13:47:36] Операция: Внесение данных в таблицу Касса
id клиента: 215, Нал: -5000, comment: , office: P1, Менеджер: Бунчина Ирина 👩‍💼 P1
[2025-10-13 13:47:36] Операция: Обновление баланса клиента в таблице Клиенты
id Клиента: 215, Баланс_новый: 0, Баланс_старый: 5000
[2025-10-13 14:32:34] Операция: Внесение данных в таблицу Касса
id клиента: 211, Нал: -30000, comment: , office: P5, Менеджер: Фролова Ирина 👩‍💼 P5
[2025-10-13 14:32:34] Операция: Обновление баланса клиента в таблице Клиенты
id Клиента: 211, Баланс_новый: 165, Баланс_старый: 30165
[2025-10-13 14:54:33] Операция: Внесение данных в таблицу Касса
id клиента: 236, Нал: 2400, comment: , office: P0, Менеджер: Бахтибекова Елена 👩‍💼 (Админ)
[2025-10-13 14:54:33] Операция: Обновление баланса клиента в таблице Клиенты
id Клиента: 236, Выплата/пополнение 2400, Баланс_новый: 15000, Баланс_старый: 12600
[2025-10-14 11:04:59] Операция: Внесение данных в таблицу Касса
id клиента: 11, Нал: 452100, comment: 13.10.2025 502 301,00 Сура-Техно (наш долг), office: P0, Менеджер: Бахтибеков Мирен 👨‍💼 (Админ)
[2025-10-14 11:04:59] Операция: Обновление баланса клиента в таблице Клиенты
id Клиента: 11, Выплата/пополнение 452100, Баланс_новый: 4020400, Баланс_старый: 3568300
[2025-10-14 11:05:31] Операция: Внесение данных в таблицу Касса
id клиента: 11, Нал: 453850, comment: 13.10.2025 504 293,00 Сура-Техно (наш долг), office: P0, Менеджер: Бахтибеков Мирен 👨‍💼 (Админ)
[2025-10-14 11:05:31] Операция: Обновление баланса клиента в таблице Клиенты
id Клиента: 11, Выплата/пополнение 453850, Баланс_новый: 4474250, Баланс_старый: 4020400
[2025-10-14 14:05:13] Операция: Внесение данных в таблицу Касса
id клиента: 236, Нал: 1500, comment: 14/10, office: P0, Менеджер: Бахтибекова Елена 👩‍💼 (Админ)
[2025-10-14 14:05:13] Операция: Обновление баланса клиента в таблице Клиенты
id Клиента: 236, Выплата/пополнение 1500, Баланс_новый: 16500, Баланс_старый: 15000
